{"data":{"totalCount":12,"author":{"id":133,"name":"Nadir Temeloğlu","image":"2019/11/27/662e531e-e02e-446f-bff8-ea6f971ec6f0.png","authorType":"WEBSITE","emailAddress":"nadirtemeloglu@gmail.com","twitter":"","facebook":"","instagram":"","youtube":"","background":"","active":true,"socialImage":"","lastPublicationDate":1614291756377,"slugUrl":"nadir-temeloglu"},"contents":[{"id":234921,"title":"ASELSAN örnek alınmalı tersine beyin göçü çoğaltılmalı","contentType":"CORNER_POST","coverImage":"","coverCode":"","publicationDate":1614291600000,"tags":[],"intro":"","spot":"","body":"<p>ASELSAN, 2006 yılında Tersine Beyin Göçü (Back to Turkey) izlencesi (programı) başlattı. Kurumdan yapılan açıklamaya göre, son iki yılda 50 yetenek Türkiye'ye döndü. Dönenler deneyimlerini kurumda ülkemiz için kullanacak, ayrıca önemli tasarılarda (projelerde) görev alacaklar. ASELSAN, 2020'de tasarının adını <strong>\"Next Big Move to Türkiye</strong>\" (Türkiye'ye Büyük Dönüş)'ye çevirdi. Çağrılarına devam ediyor.&nbsp;</p><p>ASELSAN Yönetim Kurulu Başkanı Haluk Görgün, izlence hakkında şunları söyledi: \"Bu arkadaşlarımızın ülkelerine, ailelerine geri dönmelerinin yanı sıra ülkemizi üst liglere taşıyacak kritik projelerde bizzat yer alıp edindikleri global deneyimleri buradaki takım arkadaşlarına da aktarmalarını istiyoruz. Bu arkadaşların dönüp her şeye sıfırdan başlamalarını değil aksine ASELSAN'ı hem kültürel boyutta hem de iş disiplini boyutunda ileriye taşımalarının önünü açıyoruz. Onları dinliyor, onlarla beraber büyüyoruz.\" Görgün bir de çağrı yaptı: “<strong>Bu hikayeyi sizlerle yazmak istiyoruz. Bu yolculukta yan yana olmak, bu dönüşüme şahit olmak muazzam. Gelin siz de yeteneğinizi ve deneyiminizi ülkenizden dünyaya yayılan bu gurur için kullanın</strong>.\"</p><h3>BÜYÜKŞEHİRDE YAŞAYAN&nbsp;GENÇLER GİDİYOR</h3><p>Beyin göçü tartışmaları Boğaziçi Üniversitesi'nden bazı öğrencilerin yakın zamanda bir video çekmesiyle tekrar gündeme geldi. Videoda bir grup öğrenci adlarını sayıyor, bölümlerini söylüyor, Türkiye sıralamasını belirtiyor, hayallerini aktarıyor, sonra da diyorlar ki: “<strong>Bu ülkede dinlenmediğimizi, istenmediğimizi düşünüyoruz. Ülkem adına üzgünüm</strong>.”</p><p>Türkiye İstatistik Kurumu'na göre Türkiye'den yurtdışına 2019'da göç eden kişi sayısı bir yıl öncekine göre yüzde iki artarak 330 bin 289 oldu. Göç eden nüfusun %54,6'sını erkekler, %45,4'ünü kadınlar oluşturdu. Türkiye'den yurtdışına giden nüfusun 84 bin 863 Türkiye Cumhuriyeti vatandaşları, 245 bin 426'sı da yabancı uyrukluydu. Türkiye'den göç eden nüfusun yaş gruplarına bakıldığında, en fazla göç edenlerin %15,2 ile 25-29 yaş grubu olduğu görüldü.&nbsp;Türkiye'den göç eden nüfusun illere göre dağılımına bakıldığında %42,5 oranı ile İstanbul'un en fazla göç veren il olduğu görüldü. İstanbul'u, %8,7 ile Ankara, %5,4 ile Antalya, %3,4 ile İzmir ve %3,2 ile Bursa izledi. (1) Burada açıkça görmeliyiz ki, göçteki yaş oranı gayet genç. Yani insanın en verimli, en üretken yılları. Yani nitelikli işgücümüzün yurtdışına gitmesi Türkiye için bir sorun. Sonuçlardan büyükşehirde yaşayan insanların yurtdışına gitmeye daha eğilimli olduğunu görüyoruz. Bunun nedenini ekonomik düzende, işsizlikte, kent yaşamının zorluğunda, hayat pahalılığında, liyakatsizlikte, gelecek endişesinde, belirsizlikte, nihayet yabancılaşmada bulabiliriz.&nbsp;</p><h3>NEOLİBERALLERİN SLOGANI OLDU</h3><p>Yukarıda saydığımız nedenlerle gençlerin gözünü dışarıya çevirmesi bir gerçek ama tek başına yeterli değil. Türkiye'de beyin göçü olgusu, son dönemde özellikle FETÖ, PKK ve liberal sol çevrelerince dillendiriliyor. Beyin göçünün nedenini, Boğaziçi Üniversitesi'nden bir kısım öğrencinin söyleminde olduğu gibi, Türkiye'nin otorikleştiği, kendilerine söz hakkı verilmediği iddialarıyla temellendiriyorlar. Bu söylemin Türkiye'nin Batı ile bütünleşmesinden taraf olan kesimin siyasî ve ideolojik bir aracı haline geldiğini görmek gerekiyor. Yani beyin göçü kavramı daha çok, siyasi mücadelede karşı tarafı köşeye sıkıştırmaya dönük bir slogan haline geliyor. (2) Küreselleşme ile başlayan üretimden kopuş, ulus devletleri dağıtma, bu devletlerin pazarlarını kendine bağlama, sıcak para ekonomisi, özelleştirmeler ile işsizliğin artması, ücretlerin düşmesi, güvencesiz, esnek çalışmanın dayatılması, ulusal değerlerin erozyonu, aşırı-gereksiz tüketimin aşılanması, milli olan ne varsa düşman ilan edilmesi, en önemlisi de insan ile ülke kaynakları üzeindeki plansızlık beyin göçünü bir anlamda siyasileştirdi. İnsanın/aydının yabancılaşması, üretimden, ulusal kalkınmadan vazgeçiş beyin göçünü hızlandırdı.&nbsp;&nbsp;</p><h3>PLANLI ADIMLAR ATILMALI</h3><p>Yetişmiş gençlerimizi ekonomik hayatta karşılıksız bırakmamalıyız. Savunma sanayindeki gelişmeler, üretime yönelik adımlar, yerli araba, uzay gibi hedefler önümüzde... Bunları başarmada dayanacağımız en önemli kaynak insan gücü. İnsan gücümüzü hem yurtiçinde tutmak, hem de gidenlerin deneyimlerini tekrar ülkemiz için kullanmak için onları geri kazanmak gibi bir fırsat elimizde. ASELSAN'ın adımı güzel bir başlangıç. Fakat bu geri dönüşü, bir izlence dahilinde, başta kamu olmak üzere hızla planlı bir yapıya kavuşturmak gerekiyor. Bunun için de izlenmesi gereken belli başlı yollar var:</p><p>- Üretim, istihdam odaklı, teknolojye dayalı, planlı bir ekonomi.</p><p>- Kamusal hizmet alanının genişletilmesi.</p><p>- Eğitim ile üretim birliğini sağlamak, insan kaynağını planlamak.&nbsp;</p><p>- Güvencesiz, esnek çalışma yerine işgücünün karşılığını bulabilecek, güvenceli yapı.</p><p>- İşe ve kurumlara alımda liyakata dayalı düzenin oluşturulması.</p><p>- İş yerindeki her türlü baskıya (mobbing), siyasallaşmalara önlem.</p><p>- Gençlerin kültürel ihtiyaçlarının karşılanması.</p><p>- Ulusal bilinç, millî değerlerinde yeniden zihinlere taşınması.&nbsp;</p><p>- Küreselleşmenin, neoliberazlimin etkilerini azaltacak, siyasal ve toplumsal bilinç aşılanması.&nbsp;</p><p>Dipnotlar:</p><p>(1) <a href=\"https://tuikweb.tuik.gov.tr/PreHaberBultenleri.do?id=33709\" rel=\"noopener noreferrer\" target=\"_blank\">https://tuikweb.tuik.gov.tr/PreHaberBultenleri.do?id=33709</a>&nbsp;</p><p>(2) Atakan Hatipoğlu, Türkiye'nin beyin göü sorunu: Olgular ve Algılar, Teori, Kasım 2018, Sayı: 346</p>","outro":"","hideAds":false,"createdDate":1614291756378,"updatedDate":1614291756378,"hitCount":233,"active":true,"lastUpdaterIp":"162.158.88.224","hasEmbeddedTitle":false,"showOnHomePage":false,"currentUrl":"aselsan-ornek-alinmali-tersine-beyin-gocu-cogaltilmali-234921"},{"id":233796,"title":"Türk dillerinin atağı-2: Yükselen Asya Uygarlığı'na gönül köprüsü\n","contentType":"CORNER_POST","coverImage":"","coverCode":"","publicationDate":1613689200000,"tags":[],"intro":"","spot":"","body":"<p>Atatürk, daha Kurtuluş Savaşı yıllarında Harf Devrimi'nin işaretlerini vermiştir. Mazhar Müfit Kansu'nun anılarına göre, 28 Temmuz 1919'da Erzurum'da, Atatürk'ün kendine aldırdığı notların bir maddesi de “<strong>Latin</strong> <strong>harflerinin kabul edileceği</strong>” üzerinedir. </p><p>Aslında Cumhuriyet döneminde Latin harflerine geçiş için ilk talep işçilerden gelmiştir. 17 Şubat-4 Mart tarihlerinde toplanan İzmir İktisat Kongresi'ne işçi delegeler, latin harflerinin kabulü için bir öneri vermişlerdir. Fakat işçilerin bu önerisi, 1924'te Şükrü Saraçoğlu'nun talepleri bazı karşı koymalar nedeniyle o günlerde kabul görmemiştir. </p><p>1928'e gelindiğinde artık beklemenin bir anlamı kalmamıştır. Mazhar Müfit'in notlarına bir çizik daha atmanın vakti gelmiştir. 1 Kasım 1928'de Harf Devrimi ile Latin alfabesine geçilmiştir. Devrim önderliğinin başarı ölçütü “<strong>hız</strong>”dır. Sarayburnu'nda halka seslenen Atatürk, <strong>\"Bugün yapmak zorunda bulunduğumuz çok değerli bir iş daha vardır: Yeni Türk harflerini çabuk öğrenmek... Kadına, erkeğe, hamala, sandalcıya, bütün yurttaşlara öğretiniz... Bunu yurtseverlik, ulusseverlik görevi biliniz. Bu görevi yaparken düşününüz ki bir ulusun, bir sosyal topluluğun yüzde onu ancak okuma yazma bilir, yüzde doksanı bilmezse, bundan insan olanların utanması gerek</strong>\" der. Türkiye'nin harf devrimindeki başarının sırrı işte burada, çabuk ve etkili sürdürülmesinde yatar. </p><h3>&nbsp;İLK BENİMSEYEN AZERBAYCAN OLDU </h3><p>&nbsp;Orta Asya'daki Türk devletleri, 1939'lardan 1990'ların başına kadar Kiril alfabesi kullandı. Sovyetler Birliği'nin yıkılmasıyla birlikte, Latin alfabesine geçiş tartışmaları yeniden hız kazandı. Bu dönemde bağımsız olan Türk devletlerinde yalnızca Latin alfabesine geçiş değil, aynı zamanda “<strong>Ortak Türk Alfabesi</strong>” girişimleri de öne çıktı. Bu konuda ilk adım Türkiye'de atıldı. 18-20 Kasım 1991'de Marmara Üniversitesi Türkiyat Araştırmaları Enstitüsü'nde “<strong>Çağdaş Türk Alfabeleri Sempozyumu</strong>” düzenlendi. Sempozyuma geniş coğrafyadan birçok kişi katıldı. Katılımcılar, sempozyum sonunda \"<strong>Ortak Türk Alfabesi</strong>\"ni imzaladı. Bu alfabede Türkiye'de kullanılan Latin alfabesi temel alındı. Fakat alfabenin kapsamı bazı harflerle genişletildi. A ii, X x, Q q, N ii, W w harflerinin kullanımı da bu alfabede yer aldı. </p><p>1990'larda Latin alfabesini benimseyen ilk ülke, Azerbaycan oldu. 1991'de 32 harfli Latin alfabesi kabul edildi. Azerbaycan'ı 12 Nisan 1993'te Türkmenistan, 2 Eylül 1993'te Özbekistan izledi. Türkmenistan alfabesinde 30, Özbekistan alfabesinde 29 harf yer alıyordu. Fakat Özbekistan'da ve Türkmenistan'da Latin alfabesine geçiş süreci biraz kesintili işledi. 1993, 1995, 2000'de çeşitli denemeler yapıldı. </p><p>34 harfli Ortak Türk Alfabesi girişimi, Türkiye'de 4-8 Mayıs 1992'de yapılan Sürekli Dil Kurutayı'nın ABC Komisyonu'nca, 29 Ekim 1992'de Kırgızistan'ın başkenti Bişkek'te düzenlenen Türk Cumhuriyetleri Eğitim Bakanları ve Türk Toplulukları Eğitim Temsilcileri Konferansı'nda, 8-10 Mart 1993'te Türk İş Birliği ve Kalkınma Ajansı'nın Ankara'daki Alfabe ve Yazım Konferansı'nda, 21-23 Mart 1993'te Antalya'daki Türk Devlet ve Toplulukları Dostluk-Kardeşlik ve İş Birliği Kurultayı'nda da teyit edilmiştir. </p><h3>&nbsp;EL DEĞMEMİŞ EDEBİ ZENGİNLİKLER</h3><p>&nbsp;Bugün yirmi tane Türk yazı dilinden yedi tanesi Latin alfabesiyle yazılmaktadır. Kazakistan ve Özbekistan eklenince, bu sayı dokuza çıkacaktır. İki ülkenin Latin alfabesi atılımı, Kırgızistan'daki süreci etkileyecektir. Kırgızistan'ın da Latin alfabesine geçişi hızlandıracaktır. Orta Asya ülkelerinin Latin alfabesi tercihi, Türkiye ile bu ülkeleri birbirine yakınlaştıracaktır. </p><p>Artık dünyanın merkezi Asya'ya kayıyor. Asya ekonomileri yükselişte. Üretim, Asya'da. Çok yakında bu durum kültür sanatta da, düşünce dünyasında da atılımları beraberinde getirecek. </p><p>Türkiye'den Çin'e uzanan coğrafyada önümüzde büyük fırsatlar var. Kuşak ve Yol Projesi'nde Orta Kuşak aslında bir Türkçe kuşağı. Şimdi bu coğrafyada ihracat trenlerimiz son hız gidip geliyor. Aslında bu ülkeler, yıllarca kültür anlamında pek fazla etkileşime girmediğimiz ülkeler. Kazak, Türkmen, Özbek, Azeri edebiyatında birçok önemli edebiyatçının, şairin kitabı henüz Türkiye'de basılmamış durumda. Yalnızca modern eserler de değil. Geçmişte basılan büyük kültür hazineleri dokunmadan duruyor oralarda. Masallar, destanlar, halk anlatıları... Birçok “<strong>altın elbiseli</strong>” eser var. </p><p>Yûnus Emre ve Hacı Bektaş Veli ile başlatılan Türkçe yılını derinleştirmek gerekiyor. Ali Şir Nevai, Ahmed Yesevi, Dedem Korkut, Muhtar Avezov, Abliz Şeripi, Nimşehit... Bu fırsatı değerlendirmek, etkinlikler, faaliyetler planlamak, eserler çevirmek için başta Kültür Bakanlığı ve ilgili kurum, kuruluşlara, akademiye büyük görevler düşüyor. &nbsp;</p><h3>KAYNAKÇA: </h3><p><strong>Türk Dünyasında Arap Harflerinin Islah Edilmesi ve Latin Harflerine Geçiş Tartışmaları, Maarif ve Okutguçı, Taşkent, 1922, Sayı 3. Çeviri: Ümit Özgür Demirci.</strong></p><p><strong>Erdal Şahin, Türk Dünyasında Yazı Birliği: Latin Alfabesi Temelinde Yeni Türk Alfabeleri</strong></p>","outro":"","hideAds":false,"createdDate":1613679828512,"updatedDate":1613679828512,"hitCount":207,"active":true,"lastUpdaterIp":"162.158.94.146","hasEmbeddedTitle":false,"showOnHomePage":false,"currentUrl":"turk-dillerinin-atagi-2-yukselen-asya-uygarligi-na-gonul-koprusu-233796"},{"id":233616,"title":"Türk dillerinin atağı-1: Latin alfabesine geçiş 200 yıllık bir arayış\n","contentType":"CORNER_POST","coverImage":"","coverCode":"","publicationDate":1613602920000,"tags":[],"intro":"","spot":"","body":"<p>Yıllardır ihmal edilmesinden şikayet ettiğimiz Türkçe üzerine sevindirici haberler alıyoruz. Bu yıl, Türkiye'de Yûnus Emre ve Hacı Bektaş Veli yılı ilan edilirken, Orta Asya'daki Türk devletlerinde de Latin alfabesine geçiş çalışmaları hızlandı.&nbsp;</p><p>Önce Kazakistan, Latin harflerine uyarlanan yeni Kazak alfabesini tanıttı. 9’u ünlü 31 temel harf bulunan alfabenin, 2023-2031 döneminde ülkede kademeli olarak kullanılma girmesi hedefleniyor.&nbsp;</p><p>31 harflik alfabede yer almayan x,w gibi harfler yabancı kökenli kelimelerde kullanılacak. Aslında Kazakistan'da 1990'lardan beri tartışılan Latin alfabesine geçiş için karar 2017'de alınmıştı.&nbsp;</p><p>Latin Alfabesi'ne geçecek bir diğer ülke ise Özbekistan. Özbekistan'da hükümet Latin alfabesine kademeli olarak geçişe dair yol haritasını içeren kararı onayladı. Karara göre, 1 Ocak 2023'ten itibaren ülkedeki tüm kurum ve kuruluşların faaliyetleri ile resmi yazışmaları Latin alfabesiyle yapılacak. Ayrıca ülkedeki tüm basın organları, elektronik medya, haber siteleri, matbaa ve yayınevleri de Latin alfabesini kullanacak.</p><p>Söz konusu tarihten itibaren kimlik belgeleri, yabancıların oturma izni ve ikamet belgeleri, antetli kağıtlar Latin alfabesinde düzenlenecek, ayrıca tüm cadde ve sokak ile kurum adları, pankart ve tabelalar, ilan ve reklamlar da Latin alfabesinde hazırlanacak.</p><h3>SADRAZAMA ÇIKAN DA VAR DOĞRUDAN HALKA GİDEN DE</h3><p>Türkler, en uzun süre Arap alfabesini kullandı. Orta Asya ülkelerinde, Sovyetler Birliği döneminden itibaren de Kiril alfabesi kullanımdaydı.&nbsp;Arap harflerini terk ederek Latin harflerini alma konusu, Türk dünyasında tartışılan en eski meselelerinden biridir. Yaklaşık 200 yıl boyunca bu konu tartışılmıştır.&nbsp;</p><p>Bu konuyu ilk ortaya atan Azerbaycanlı Mirzafethali Ahunduf'tur. 1857 yılında bir rapor yazar. Hatta kendi oluşturduğu imla ile 1863 yılında “<strong>Yusuf Şah</strong>”adlı hikayeyi yazar. Mirzafethali Ahunduf, yardımı İstanbul'da arar. Dönemin Sadrazamı Fuat Paşa ile görüşür. Ahunduf'un raporu incelenir, uygulanabilir görülür. Fakat iş, bu harfleri matbaada kullanmaya gelince izin çıkmaz. Ahunduf'a rapor geri verilir, cebine bir miktar para konur, Kafkasya'ya geri dönderilir.&nbsp;</p><p>Ahunduf, vazgeçmez. Tiflis'e döner, ikinci bir rapor yazar. Bu kez şansını İran'da denemek ister, Tahran'a gider. Fakat orada istediği desteği bulamaz. Gözünü tekrar Osmanlı topraklarına çevirir. Üçüncü bir rapor yazar. Suavi Efendi ve Sadrazam Ali Paşa’ya takdim eder. Fakat yine ilgi göremez. Sitemkâr bir şiir yazar ve girişimlerinden vazgeçer.&nbsp;</p><p>Ahunduf'a benzer çalışmaları Melkum Han, Mirza Rıza Han, Feridun Bey, Muhammet Agaşah Tahtinski, Müftü Hüseyin Efendi, Habibzâde Molla, Ahund Yusuf Talip sürdürür. Birçoğunun girişimi başarısız olur. İçlerinden bir tek Muhammet Agaşah Tahtinski bazı başarılar kazanır. Onun başarısını diğerlerinden farklı kılan, halka gitmektir. Diğerleri şahlara, sadrazamlara, vezirlere raporlarını götürürken Tahtinski, halka doğrudan bağlantı kurdu ve fikirlerini bir kısım üzerinde kabul ettirdi.&nbsp;</p><h3>JÖN TÜRKLER GÜNDEME ALDI</h3><p>Bizde Latin alfabesine geçiş tartışmaları ve girişimleri Jön Türkler ile başlar. 1908 yılında Maarif Nazırı Nail Bey’in fermanı ile büyük bir resmi komite kuruldu. Bu komitenin içerisinde Türkolog Necip Asım (Yazıksız) da yer alıyordu. Komite bir yıl boyunca çalıştı. Fakat herhangi bir başarı elde edemedi, dağıldı.</p><p>İttihat ve Terakki'nin önemli kalemlerinden Hüseyin Cahit Yalçın da, bu konuyu birçok makalesinde gündeme getirdi. İttihat ve Terakki'nin kurucularından İbrahim Temo, Türkçe’nin Arap harfleriyle tam manasıyla yazılıp okunmaya müsait olmadığını, ayrıca Türk eserlerini Avrupalılara tanıtmak için Latin alfabesinin kabul edilmesi gerektiğini belirtmiştir. Temo, bunun için Latin alfabesinin Türkçeye uygun hale getirilmesini savunmuştur. Fakat bunun için 1928'e yani Harf Devrimi'ne kadar kadar beklemek gerekmektedir. O dönemde yalnızca Enver Paşa'nın kendi adını verdiği yeni bir imla biçimi denenmiştir. Enver Paşa'nın imlasına göre harfler tek tek ve aralara sesli harfler eklenerek (Osmanlıca'da harfler birleşiktir, başta, ortada, sonra farklı yazılır, uzun ünlüler hariç sesli harf kullanılmaz) yazılacaktı. Buna, “hurûf-ı munfasıla” (ayrı harfler) denmiştir. Bu girişim köklü bir çözüm değil, sadece alfabenin basitleştirilmesi anlamı taşımaktadır.</p><p>Latin alfabesine geçiş deneyleri, 1920'lerde de sürmüştür. Türklerde Latin alfabesine ilk geçenler Yakutlardır. Yakutlar, pedagog S. A. Novgorod 1917’de hazırladığı 33 harften oluşan Latin alfabesini kullanmayı 1933’e kadar sürdürmüşlerdir. Orta Asya'daki bazı Türk devletleri de Latin Alfabesi ile Arap alfabesini karışık kullanmışlardır. 1929-1940 yılları arasında Türkistan’da yaşayan Özbekler, Latin alfabesini kullanmışlardır. Fakat 1939'dan sonra birçoğu Kiril alfabesine geçmiştir. Kalıcı olan tek geçiş, 1928'deki Harf Devrimimiz oldu.&nbsp;</p><h3>KAYNAKÇA:&nbsp;</h3><p><strong>Türk Dünyasında Arap Harflerinin Islah Edilmesi ve Latin Harflerine Geçiş Tartışmaları, Maarif ve Okutguçı, Taşkent, 1922, Sayı 3. Çeviri: Ümit Özgür Demirci.</strong></p><p><strong>Erdal Şahin, Türk Dünyasında Yazı Birliği: Latin Alfabesi Temelinde Yeni Türk Alfabeleri.</strong></p>","outro":"","hideAds":false,"createdDate":1613591245929,"updatedDate":1613591245929,"hitCount":866,"active":true,"lastUpdaterIp":"162.158.89.113","hasEmbeddedTitle":false,"showOnHomePage":false,"currentUrl":"turk-dillerinin-atagi-1-latin-alfabesine-gecis-200-yillik-bir-arayis-233616"},{"id":232977,"title":"Âşık ve sevgiliye dokunan zaman","contentType":"CORNER_POST","coverImage":"","coverCode":"","publicationDate":1613257200000,"tags":[],"intro":"","spot":"","body":"<p>Bugün Sevgililer Günü. Hasan Yalçın,<strong> “Zaman âşka dokunamaz”</strong> diyor. Oysa âşka dokunamayan insana, zaman dokunur. Saniyeler, dakikalar, haftalar, aylar, yıllar pek çok şey götürür kişiden. Ama yürekteki o ince sızıyı bırakır. </p><p>Âşk arayışı insanın en soylu arayışlarından biridir. O arayış olmasa edebiyat, müzik, resim bu kadar derinleşemezdi. <strong>“Güzel” </strong>ve <strong>“estetik” </strong>kavramsallaşamazdı. Fakat âşkı kazanma yarışı, genellikle tükenişle biter. Kerem kül olur, Mecnûn çöle düşer, Ferhat gürzün altında kalır... </p><p>Ulaşamadığımız, hep kıymetlidir. Elimizdekinin kıymeti ise, zamanla bilinmez olur. Çünkü sıradanlaşmıştır. Sıradanlığı, bol bol alışverişle, telefondan bir iletiyle <strong>“Bak unutmadık”</strong> ritüeline çeviren gündür 14 Şubat. Her güne yayılan aşk yoktur. Yılda bir kez hatırlamak yeter. Aşk, kredi kartı ekstrelerine kafeslenmiştir. </p><p>Zaman aslında âşka dokunabilmiş. Âşık ve sevgilinin tutumları, zaman içinde değişmiş. Bu özellikle klasik şiirde belirgindir.</p><h3>VİCDANSIZ SEVGİLİ ÂH EDEN ÂŞIK</h3><p>Dîvan edebiyatının ilk temsilcilerinden Hoca Dehhanî şöyle diyor: </p><p><strong>“Güler düşmen benum agladuguma </strong></p><p><strong>Aceb şol kâfirun îmânı yoh mu”</strong></p><p>(Düşman benim ağladığıma güler, acaba şu kafir gibi güzelin imanı yok mudur?)</p><p>Şimdi kafanızda bir üçgen kurun. Üçgenin tepesine sevgiliyi oturtun. Alttaki iki ucundan birine âşığı, diğer ucuna da rakibini bırakın. İşte size 13. yüzyıldan 17. yüzyıla uzanan bir sevda tablosu. Klasik şiirde sevgili ulaşılmazdır. Vicdansızdır. Âşığın tüm arayışlarına rağmen yüz vermez. Rakiplerine de... Bu anlamda îmânsızdır. Kâfir gibidir. Adeta burnundan kıl aldırmaz. Bir sırça köşkte yaşar. </p><p>Âşık ona kavuşmak için çok çabalar. Rakipleriyle savaşır. Sevgilinin âşığa yüz vermemesi, rakiplerini de umutlandırır. Rakipleri, âşığın o haline gülerler. </p><p>Âşık sevgiliye her ulaşamadığında <strong>“âh”</strong> çeker. Bu âh çekiş, boşuna değildir. Somuttur. Çünkü âşık yaralıdır. İki türlü: Bir; sevgilinin dili kılıç gibi keskindir. Kâfir, vicdansız sevgilinin dilinden çıkan her acımasız söz âşığı yaralar. Sevgilinin gözleri ok, kaşları yaydır. Her bakışında fırlar bir ok, saplanır âşığın yüreğine. Deler geçer. İki; âşık, rakipleriyle amansız savaştadır dedik. Kılıçlar vuruşur, oklar atılır, kalkanlar savrulur... </p><p><strong>“Âh”</strong> Osmanlıca elif ve h harfleriyle (آه) yazılır. Elif, âşığın vücudundaki kılıç yaralarını, h ise göz göz ok yaralarını temsil eder. Rakibin kılıcı, oku ile sevgilinin keskin sözleri ve kirpiklerinin sivriliği yaralar açar. İşte bundandır âşığın inlemesi, âh çekmesi. Fakat buna rağmen âşık hâlinden memnundur. En büyük hayali, sevgiliye kavuşmaktır. Bu yolda can vermeye hazırdır. Gözünü bile kırpmaz. Fûzûlî'nin dediği gibi: </p><p><strong>“Yılda bir kurbân keserler halk-ı âlem ıyd üçün</strong></p><p><strong>Dem-be-dem sâ’at-be-sâ’at ben senin kurbânunem”</strong></p><p>(İnsanlar yılda bir kez bayramda kurban keserler, ben an ve an, saat ve saat senin kurbanınım.)</p><h3>SEVGİLİNİN DAVRANIŞINI SORGULAYAN ÂŞIK</h3><p>17. yüzyıla geldiğimizde işler biraz değişir. Sevgili yavaş yavaş merkezden çıkar. Âşığın rakibi olduğu kadar, çevrede gönül alıcı, akıl çelici güzeller de artmıştır. Şairin gözü yavaş yavaş başkalarına kaymaya başlar. O keskin sözler, yaralayıcı bakışlar âşığı biraz usandırmıştır. Nedim'e kulak verelim:</p><p><strong>“Bigânedir mu'âmeleniz akl u hûş ile</strong></p><p><strong>Gûyâ derûn-i sînede mihmânsın ey gönül!”</strong></p><p>(Ey sevgili bana karşı davranışın mâkul ve mantıklı değil. Güya yüreğimin içinde misafirsin ha?)</p><p>Fazla naz âşık usandırır derler. Belki yüzyıllardır sevgilinin yüz vermemişliği âşığı usandırmıştır. Onun sözleri, bakışları, kötü davranışları artık âşığa hoş gelmez. O tapılanacak, ne olursa olsun ulaşılacak gönül sultanı birden misafirlik mertebesine inmiştir. Âşığın gönlü başkalarına da kapı açmıştır. Âşık savaştan vazgeçmiştir, can vermeyi göze almaz artık. Kavga peşine değil safâ ve zevk peşine düşmüştür. Gönlüne misafirler alıp, misafirler uğurlayacaktır. Rakipleri ise hiç dert etmemektedir. Sevgili hâlâ önemlidir ama kendisini üstün görmediği, o da âşığa karşılık verdiği ölçüde...</p><h3>MERKEZDEKİ ÂŞIK</h3><p>Dîvan edebiyatının bitişi, klasik sevgilinin de sonudur. Üçgen altüst olmuştur. Sevgili tepelaktır. Artık âşığın lafı geçer. Âşkın biricik ölçütü âşığın tutumudur. Âşık merkezdedir. Bunu en özlü olarak Âşık Veysel anlatır:</p><p><strong>“Güzelliğin on par'etmez</strong></p><p><strong>Bu bendeki âşk olmasa</strong></p><p><strong>Eğlenecek yer bulamaz</strong></p><p><strong>Gönlümdeki köşk olmasa”</strong></p><p>Evet, âşık 20. yüzyılda devrim yapmıştır. Sevgilinin sırça köşkü yıkılmıştır. Artık güzelin de, sevginin de ölçütü alığın bakışı, duyuşlu, hissedişidir. Âşık varsa sevgili vardır, âşık yoksa o da yoktur. </p><p>Postmodern dönemde, âşığın kendini merkeze almasını sindiremez sevgili. Çünkü kendisi yerinden edilmiş, umutsuz, karamsar, kırgındır. Acılarla yoğurur kendini. Kaybolmuştur. Kayboluşunun faturasını âşka ve âşığa keser. Kendi karamsarlığına onu da yuvarlar. Âşk diyorsa biri orada durmalıdır: Siz aşktan n'anlarsınız bayım!</p><p>Peki siz hangi yüzyılın âşığısınız? 13. yüzyılın tapan âşığı mı, 17. yüzyılın gözü dışarıda âşığı mı, 20. yüzyılın her şeyin ölçüsünü belirleyen âşık mı, 21. yüzyılın umutsuz, karamsarı, âşktan anlamayanı mı?</p>","outro":"","hideAds":false,"createdDate":1613265407197,"updatedDate":1613265407197,"hitCount":1352,"active":true,"lastUpdaterIp":"141.101.105.66","hasEmbeddedTitle":false,"showOnHomePage":false,"currentUrl":"âsik-ve-sevgiliye-dokunan-zaman-232977"},{"id":232889,"title":"ABD krizini Çin'e odaklanarak aşabilir mi?","contentType":"CORNER_POST","coverImage":"","coverCode":"","publicationDate":1613204040000,"tags":[],"intro":"","spot":"","body":"<p><strong>ABD Başkanı Joe Biden</strong>, dün<strong> Savunma Bakanlığı</strong>'nı (Pentagon) ziyaretti etti. Savunma Bakanı <strong>Lloyd Austin</strong>, bakan yardımcıları, Genelkurmay Başkanı Orgeneral Mark Milley ve kuvvet komutanları ile bir saat görüşen Biden, yaptığı açıklamada bakanlık bünyesinde \"<strong>Çin</strong> <strong>Görev Gücü</strong>\" adlı bir birimin kurulduğunu açıkladı.</p><p>\"Çin Görev Gücü\" sadece Çin'e odaklanacak bir yapı olacak. Sivil ve askerlerden oluşan 15 kişilik birim, Pentagon'a Çin ile ilgili tavsiyeler sunacak. Görev Gücünün direktörlüğüne Savunma Bakanlığı Özel Müsteşarı Dr. Ely Ratner atandı.</p><p>Biden bu ziyaretin ardından, Çin Devlet Başkanı Xi Jinping ile görüştü. Beyaz Saray'dan yapılan yazılı açıklamada Biden'ın, Sincan'dan Hong Kong'a ve Pekin'in ekonomik uygulamalarına kadar birçok başlıkta \"endişelerini\" dile getirdiği bildirildi.</p><p>Telefon görüşmesinden sonra Beyaz Saray'da bir değerlendirme yapan Biden, Çin'in pek çok alanda büyük projeler yürüttüğüne işaret ederek, hemen harekete geçmemeleri halinde bu ülkenin kendilerini geride bırakacağını söyledi.</p><p>Biden henüz Ulusal Güvenlik Strateji Belgesi’ni yayımlamasa da esas olarak Çin'e odaklanacağının işaretlerini verdi. Biden'ın Myanmar'da yönetime el koyan askerlere yaptırım kararı alması da, aslında Çin politikasıyla ilgili. Myanmar'da yönetime el koyan Genelkurmay Başkanı Min Aung Hlaing'ın Çin ile iyi ilişkileri olduğu biliniyor.</p><h3>İŞSİZLİK VE HALK HAREKETLERİ</h3><p>Küresel salgın koşullarında Çin, 2020'de büyüyen tek ekonomi oldu. 2,3 oranında büyüyen Çin'in Gayri Safi Yurt İçi Hasılası, ilk kez 100 trilyon yuan sınırını aştı. Çin'in 2021'de büyümeye devam etmesi beklenirken, ABD'de durum hiç iç açıcı değil.</p><p>Biden, geçen hafta yaptığı açıklamada istihdamın ocak ayında 49 bin kişi arttığına işaret ederek, 10 milyonu aşkın kişinin işsiz olduğunu söyledi ve ekledi: Ekonomimizin hâlâ sıkıntıda olduğu çok açık.</p><p>ABD'nin bütçe açığı verileri de çok şey anlatıyor. ABD, sadece ocakta 162,8 milyar dolar bütçe açığı verdi. Bu yıl toplam bütçe açığı da 735,7 milyar dolar oldu. Dört aylık bütçe açığındaki artış yüzde 89. ABD Kongresi Bütçe Ofisi (CBO), federal bütçe açığının 2021 mali yılında 2,3 trilyon doları bulacağını öngördü. Bir haftada işsizlik maaşına başvuran sayısı 793 bin. 4 milyon 545 bin kişi de son bir haftda işsizlik başvurusu yaptı. 483 bin kişi de Kovid nedeniyle vefat etti. Küresel salgını kontrol altına alan Çin hızla büyürken, salgına yenik düşen ABD'nin ekonomik sorunları derinleşiyor.</p><p>Kongre baskının, yaşanan halk hareketlerinin nedeni işte bu ekonomik tablo. ABD'de yoksul halkın içinden yeni bir güç filizlenirken, Biden'ın Çin tehdidiyle Pentagon'u savaş çizgisine çekebilme, halkı “oyalama” şansı bulunuyor mu?</p><p>Bu soruya “hayır” yanıtını verebiliriz. Çünkü tek ekonomik programı para basma ve dolar diktatörlüğünü sürdürme olan küreselcilerin, gittikçe fakirleşen Rednecklerin (Kırmızı enseli beyazların), ekonomik uçurumun kenarındaki ve şiddetle bastırılmaya çalışan siyahilerin, 567 bin evsizin, göçmenlerin talebine yanıt vermesi çok zor.</p><p>Kongre baskını benzeri hareketlerin artacağı ABD'de “iç kuşatma”larla uğraşacak olan Biden'ın, kapsamlı bir dış kuşatmaya kalkışması, kalkışsa dahi başarı şansı çok düşük.</p><h3>PEKİ TÜRKİYE SINIRLANDIRILABİLİR Mİ?</h3><p>Benzer bir iddia da Türkiye için var. Türkiye uzmanı Nicholas Danforth’un Brooking Enstitüsü tarafından yayımlanan, \"Yeni Türkiye'ye yönelik yeni ABD politikaları\" başlıklı raporunda, Biden yönetiminin Türkiye’ye ilişkin stratejisinin Ankara’yı sınırlama çerçevesinde olacağına dikkat çekiliyor. Biden yönetiminin Türkiye'ye karşı Demirtaş, Boğaziçi, Kavala açıklamaları “bazı kesimlerde” etki etmişe benziyor. S-400'lerin kullanılmaması, ABD ile anlaşma zeminin aranması gibi fikirler ortaya atılıyor.</p><p>ABD Dışişleri Bakanlığı Sözcüsü Ned Price, Türkiye ile S-400 konusunda \"Girit modeli\" gibi bir durumun söz konusu olup olmayacağına ilişkin bir soruya, “Washington'un tutumunun değişmediğini” yanıtını verdi.</p><p>Evet, Batı cephesinde Türkiye adına değişen bir şey yok. Biden, göreve gelir gelmez Suriye'deki bölücü faaliyetlere hız verdi. Trump'ın bölgeden kısmen çekilme adımlarını geri çevirdi. Terör örgütüne yönelik askeri sevkıyatları artırdı. Son olarak PKK/PYD ile diğer Kürt oluşumu ENKS’yi bir araya getirmek için Suriye'ye bir heyet gönderdi. Tüm bu adımlar atılırken, “anlaşma zemini” aramak, “Teslim olalım” demekten başka bir anlam ifade etmiyor.</p><p>ABD'nin iç sorunlarını aşabilecek bir yönetimi yok. Yükselen ve önümüzdeki süreçte artacak olan halk hareketleri bunu hepimize gösterecek. Bu durumda ne Çin'i kuşatabilecek ne de Türkiye'yi sınırlandırabilecek bir ABD var. Yeter ki gözümüz açık olsun, iç cepheyi güçlü tutacak adımlar atmaya devam edelim.</p>","outro":"","hideAds":false,"createdDate":1613204073884,"updatedDate":1613204073884,"hitCount":198,"active":true,"lastUpdaterIp":"162.158.19.40","hasEmbeddedTitle":false,"showOnHomePage":false,"currentUrl":"abd-krizini-cin-e-odaklanarak-asabilir-mi-232889"},{"id":232661,"title":"'İki devlet' kararlılığı bu planla savunulur","contentType":"CORNER_POST","coverImage":"","coverCode":"","publicationDate":1613064600000,"tags":[],"intro":"","spot":"","body":"<p>Cumhurbaşkanı Erdoğan, dün partisinin grup toplantısında yaptığı konuşmada, Kıbrıs'ta iki devletli çözümden başka bir seçenek kalmadığını açıkladı. Rum ve Yunan zihniyetinin Ada'daki Türk toplumunu yok saydığını, 50 yıldır müzakereleri başarısızlığa mahkum ettiğini belirten Erdoğan, “<strong>Artık iki devletli çözümden başka Kıbrıs'ta çıkış yolu kalmamıştır. İster kabul edersiniz, ister etmezsiniz. Artık federasyon, mederasyon diye bir şey yok, geçin artık o işi</strong>” dedi.&nbsp;</p><p><br></p><p>Cumhurbaşkanı Yardımcısı Fuat Oktay da geniş bir heyetle bugün Kuzey Kıbrıs Türk Cumhuriyeti (KKTC)'ndeydi. Oktay, KKTC Başbakanı Ersan Saner ile bir araya geldi. Görüşmeye Ulaştırma ve Altyapı Bakanı Adil Karaismailoğlu ve Cumhurbaşkanlığı İletişim Başkanı Fahrettin Altun da katıldı.</p><p>Görüşme öncesi Bayrak Radyo Televizyonu’na konuşan Oktay, Erdoğan'la benzer açıklamalar yaptı. Cumhurbaşkanı Yardımcısı, “<strong>Kıbrıs'ta artık iki eşit devlet, iki eşit toplum temelinde iki ayrı devleti konuşabiliriz, bunu müzakere edebiliriz. AB ve diğer bazı ülkelerin dış politikaları, Rum kesimi ve Yunanistan tarafından ipotek ve tehdit altındadır. Kendi özgür iradeleriyle karar verememektedirler. Biz de bu ülkelere, 'Bu tehdidin ve ipoteğin altında barış görüşmeleri yapamazsınız, Türkiye ile ilişkileri götüremezsiniz' diyoruz”</strong> ifadelerini kullandı.</p><h3>KARADENİZ-AKDENİZ&nbsp;DOSTLUK VE BARIŞ PLANI</h3><p>Hükümetimizin bu kararlılığı hepimizi memnun etti. Burada soru şu: Çözüm eğer iki devlet diyorsak, KKTC'yi tanırmak için yol haritamız ne olacak? Henüz bu soruya bir cevap yok. Fakat Vatan Partisi, “<strong>Karadeniz-Akdeniz Dostluk ve Barış Planı”</strong> ile bu konuda izlenmesi gereken strateji ve taktikleri kamuoyu ile paylaşmıştı. O planda şu maddeler yer alıyordu:</p><p>\t<strong>1. </strong>Karadeniz bölgesinde barışı ve gelişmeyi tehdit eden ABD ve NATO üslerinin tasfiye edilmesini, bölücü ve yobaz terörüne karşı mücadelenin desteklenmesini,</p><p>\t<strong>2.</strong> Abhazya Cumhuriyeti'nin ve Kuzey Kıbrıs Türk Cumhuriyeti'nin bütün bölge ve dünya devletleri tarafından tanınmasını,</p><p>\t<strong>3. </strong>Kırım'ın Rusya Federasyonu toprağı olarak kabul edilmesini,</p><p>\t<strong>4. </strong>Suriye'nin toprak bütünlüğünün ve Suriye'de barışın sağlanmasını,</p><p>\t<strong>5.</strong> Filistin halkı üzerindeki baskılara son verilmesini,</p><p>\t<strong>6.</strong> Libya'da toprak bütünlüğünün ve barışçı çözümün sağlanmasını,</p><p>\t<strong>7. </strong>Abhazya'ya, Türkiye'ye, Rusya'ya ve İran'a yönelik yaptırm ve ambargolarım kaldırılmasını, ülkeler arasında serbest ticaret ve ekonomik işbirliğinin oluşturulmasını,</p><p>\t<strong>8.</strong> Karadeniz ve Akdeniz ülkeleri arasında serbest ulaşım, iletişim, turizm, ekonomik ve kültürel gelişme önündeki engellerin kaldırılmasını talep ederiz.</p><h3>FIRSAT ÇOK</h3><p>KKTC'yi dünyaya tanıtmak için uygun zaman gelmiştir. Türkiye'nin bu konuda girişimde bulunabileceği birçok devlet vardır: Abhazya, Rusya, Azerbaycan, İran, Katar, Venezuela, Pakistan... Türkiye'nin Abhazya'yı tanıması, karşılığında Abhazya'nın KKTC'yi tanıması, “<strong>İki devletli çözüm”</strong> için bütün kapıların açılması anlamına gelir.&nbsp;</p><p><br></p><p>Henüz Azerbaycan'ın Karabağ'da vatan savaşı sürerken, 21 Ekim 2020'de Aydınlık'tan Yakup Aslan'a konuşan Azerbaycan Milletvekili Memmedov Meşhur, Azerbaycan'ın KKTC'yi tanıyacağının işaretini vermişti. Meşhur, “<strong>Kıbrıs Türkleri kardeşlerimiz ve biz çok büyük bir saygı ile her zaman onların yanında olduk, bugün siyasi olarak bir devlet olarak tanınmasa da, Azerbaycan KKTC’yi her zaman kendine yakın gören ve KKTC’nin haklarını tanıyan ülkelerden biridir. Bugünkü Azerbaycan’ın durumunda biraz zamana ihtiyaç var, inşallah Karabağ meselesi tamamlandıktan sonra Kıbrıs meselesi de bunun ardından çözülecek ve bütün Türk devletleri o zaman KKTC’nin yanında olacak, o gün çok uzakta değil. Ben eminim ki, dünya artık değişmelidir, Azerbaycan ile birlikte bütün dünya KKTC’yi tanıyacak</strong>” demişti. Zafer kazanıldı. Şimdi Azerbaycan'ın KKTC'yi tanıtması için atak yapılabilir. Hatta sadece Azerbaycan'la sınırlı da kalmaz. Cumhurbaşkanı Erdoğan, Kafkaslar'da Türkiye, Rusya, İran, Azerbaycan, Gürcistan ve katılırsa Ermenistan'la “<strong>Altılı İttifak”</strong> kurulabileceğini belirtmişti. Bu Altılı İttifak, Abhazya ve KKTC ile sekize çıkarılabilir, böylece KKTC'nin tanınması için büyük bir olanak sağlanır.</p><p><br></p><p>“<strong>İki devletli çözümde</strong>” kararlılık var, fırsat çok. Önemli olan bu fırsatı doğru strateji ve taktiklerle birleştirebilmek. Vatan Partisi'nin “<strong>Karadeniz-Akdeniz Dostluk ve Barış Planı</strong>” en akla yatkın çözüm. Bu planın hızla gündeme alınması ve uygulanması gerekiyor.&nbsp;</p>","outro":"","hideAds":false,"createdDate":1613064809252,"updatedDate":1613064809252,"hitCount":174,"active":true,"lastUpdaterIp":"162.158.19.41","hasEmbeddedTitle":false,"showOnHomePage":false,"currentUrl":"iki-devlet-kararliligi-bu-planla-savunulur-232661"},{"id":207824,"title":"Keyfi ertelemeyenlerin hatırlattığı ihtiyaç","contentType":"CORNER_POST","coverImage":"","coverCode":"","publicationDate":1589324400000,"tags":[],"intro":"","spot":"","body":"<p class=\"ql-align-justify\">Aldous Huxley, Cesur Yeni Dünya kitabında kurduğu hazcı toplumun en iyi özetini, Lenina Crowne adlı karakterin ağzından anlatır: “Bugün alabileceğin keyfi asla yarına erteleme.”(1) Huxley, eserinde her ne kadar yoksulluğun olmadığı, eşitlikçi bir dünya yaratsa da Tanrı olarak Ford(2)'u koymuştur. Ford'un tanrısallaştığı 'sonraki' toplumda, 'biçimlendirilmiş' insanın mutluluk kaynakları eğlence, sınırsız seks, uyuşturucudur.&nbsp;</p><p class=\"ql-align-justify\">Aslına bakılırsa Huxley'in günlerini yaşıyoruz. Fakat “Cesur/Güzel Yeni Dünya”da değil, emperyalist sömürünün zirvesinde, sınıf çelişkilerinin hazla örtülmeye çalışıldığı, Fordların tanrısallaştığı, yabancılaşmanın arttığı bir toplumdayız. 1970'lerden bu yana Fordist üretim ilişkilerinin çözüldüğü, Postfordist (Ford sonrası, üretimin ve işgücünün esnekleştiği) üretim ilişkilerinin yerini aldığı bir dönemdeyiz. Liberalizm neoliberalizme evrilirken, fordizm de postfordizme evrildi. Buna eski dünyanın yeni biçimlerle sunulması diyebiliriz.&nbsp;</p><p class=\"ql-align-justify\">Neoliberalizm esasında üretim-tüketim dengesini birbirinden kopardı. Kaynaklar mafyalaştı, zengin-fakir arasındaki uçurum arttı. Tahviller, krediler, fonlar, borsalarda uçuşan kâğıtlar... Ekonomi sanallaştı. Üretilmeyen ürünler, kâğıt üzerinde alınıp satılır oldu. İnsan bugün geleceğini yiyor.&nbsp;</p><p class=\"ql-align-justify\"><br></p><h3 class=\"ql-align-justify\">SATIN AL MUTLU OL</h3><p class=\"ql-align-justify\">Postfordizmde üretim kitleye değil, bireye yöneliktir. Bu durum tüketim alışkanlıklarımıza da yansıdı. Neoliberalizm “tüketim” kültürüyle insanı yeniden biçimlendirdi. Bugün “tüketmekle” biçimlendirilmiş insanın mutluluk kaynakları, daha fazla sahip olma isteğiyle -Huxley'de olduğu gibi- eğlence, sınırsız seks, uyuşturucudadır. Tabiî bununla sınırlı değil. Bugün mutluluk, satın alma ile eşitlendi. Ne kadar para harcar, istif yaparsan o kadar mutlusun. Cebinde ne kadar fazla anahtarın varsa, cüzdanın ne kadar kabarıksa, dolabın ne kadar fazla kıyafetle doluysa o kadar mutlusun.&nbsp;</p><p class=\"ql-align-justify\">Erich Fromm'a göre bu değişim, hem dünyanın bir tüketim nesnesi haline gelmesine hem de insanın pasifleşmesine neden olmuştur. “Kişinin tükettiği şeyin önemi yoktur; yiyecek, içecek, televizyon, kitaplar, sigara, resim, müzik veya seks olabilir” diyen Fromm, bunun bir yabancılaşma hali, “sahip olma ve kullanma hırsı” arayışının bir sonucu olduğunu ifade eder.(3)</p><p class=\"ql-align-justify\">Televizyonlarda dönen reklamlara bakın. Asık suratlı bir karakter yoktur. Bankaya giden mutlu olur. İnternetten alışveriş yapan, ürününün kapısına hızlı bir şekilde gelmesinden memnuniyet duyar. Çamaşırlarını makineden bembeyaz çıkaranlar, bulaşıklarını pırıl pırıl yapanlar, tıraş olanlar, deoderant sıkanlar, ağda yapanlar, dondurma yiyenler, modaya uygun giyinenler hep otuz iki dişini göstererek mutluluk patlamasını yansıtırlar. Onlarca aya varan taksit seçenekleri, bu gülüşe parıltı katar.&nbsp;</p><p class=\"ql-align-justify\">İlkçağ filozoflarına göre mutluluk erdemle alakalıydı. İyi insan ancak mutluluğa ulaşabilirdi. Kant'a göre mutlu olmak isteyen insan, tüm varlığıyla barışık olmalıdır.(4) Oysa bugün mutluluk, kişinin kendinde bulduğu eksikleri daha fazla para harcayarak kapatması haline indirgenmiştir. Varoluş; sıkıntılardan, bunalımlardan, kaygılardan kaçışın tek yolu daha fazla tüketmektir. Tüketim, bugün fetişizm haline gelmiştir.&nbsp;</p><p class=\"ql-align-justify\"><br></p><h3 class=\"ql-align-justify\">TÜKETİMİN KALBİ: AVM'LER</h3><p class=\"ql-align-justify\">Tüketim nesnesi haline gelen dünyanın azmanlaşan kentleri biçim değiştirdi. Eskiden parklarıyla, meydanlarıyla insanları buluşturan kentin en işlek yerleri boşaltılarak buralara alışveriş merkezleri (AVM) dikildi. Nüfus da merkezlerin dışına çıkarıldı. Bu dışlama, iki farklı yerleşimi ortaya çıkardı. Zengin kesim lüks, güvenlikli, altyapısı tamamlanmış bölgelerde yaşarken, fakir kesim kent merkezlerinin çürüyen kenar mahallerinde yaşamaya çalışmak ya da şehir dışındaki altyapısız, daha ucuz bölgelere taşınmak zorunda kaldı. Boş kalan kent merkezlerine dikilen AVM'ler, işine giden insanların vakit geçirme alanlarına döndü.&nbsp;</p><p class=\"ql-align-justify\">Yemek yerlerinden kafeteryalara, her şey bulunan dükkanlarından oyun parklarına AVM'ler insanların bütün gününü rahatça geçirebileceği yerler olarak tasarlandı. Kapalı kutuya giren labirentlerde kaybolup gidiyordu. Buralar artık tüketim fetişizminin kutsal mekanlarıydılar. Göz boyayıcı tabelalarıyla insanı hipnotize eden, kendine girdap gibi çeken AVM'ler, kurulduğu yerlerde esnafı öldürdü. 2009'da 208 olan AVM sayısının bugün 400'den fazla olması, buraların sosyal yaşam merkezi haline geldiğinin açık göstergesi.&nbsp;</p><p class=\"ql-align-justify\"><br></p><h3 class=\"ql-align-justify\">SALGIN DA DEĞİŞTİREMEDİ</h3><p class=\"ql-align-justify\">Kovid-19 salgını insanların gündelik hayatında birçok değişikliğe yol açtı. Birçok alışkanlıktan vazgeçmek zorunda kaldık, evlere kapandık. Fakat bu süreçte tek değiştiremediğimiz alışkanlık, gereksiz tüketim oldu. Evlerine kapanan insanlar internetten alışverişe yöneldi. İnternetten yapılan alışveriş yüzde 40 arttı. Bunların çoğu, temel ihtiyaçlar dışındaydı. Kargocular, gazetemiz aracılığıyla “Temel ihtiyaçlar (dışında internetten alışverişin durdurulması” çağrısı yaptı.(5)</p><p class=\"ql-align-justify\"><img src=\"https://cdn.aydinlik.com.tr/file/aydinlik-bucket/raw/2020/5/12/ea54fa65-f8f5-40b2-99d4-04a87b65d7ba.jpeg\"></p><p class=\"ql-align-justify\">Son örneği önceki gün yaşadık. Bir süredir kapalı olan AVM'lerin bazıları açıldığı an akına uğradı. Saat 11.00'de açılacak AVM'lerin önünde insanlar 10.00'dan itibaren uzun kuyruklar oluşturdu. Peki, insanları sabah erken saatte oraya dikilmesine sebep olan durum neydi? Acil ihtiyaçlarını giderme güdüsü mü? Elbette değil. Çünkü AVM'lerde bulunabilecek acil ihtiyaç yok. Daha doğrusu bakkal, market, mahallelerimizdeki dükkanlardan karşılanmayacak bir acil ihtiyaç yok. Ajansların geçtiği AVM'ye giden vatandaşlarla yapılan söyleşiler çok dikkat çekiciydi. Bir vatandaş şunu diyor: “Alışveriş değil. İnsan çoktan beri böyle yerlere girip çıkamadığı için özlem duyuyor. Dolayısıyla gezmek için geldim. Maske cebimde. Gerekiyorsa maske takacağız.”</p><p class=\"ql-align-justify\">AVM kültürünü o kadar sindirmişiz ki, insanları oraya götüren duygu “özlem.” Binaya, dükkana, kafetaryaya özlem... Burada psikolojik etkenlerin ağır bastığını görüyoruz. Bir şey alamasa bile dükkanları dolaşmak, Starbucks'ta kahve içmek, pasifleşen ve tüketimi nesneleştiren insan için çok şey ifade ediyor. “Normalleşme” söylemlerini gören ve bir süredir bastırılmış korku ile evine kapanan insan, tüketim fetişizminin kutsal mekanlarına giderek rahatlıyor. Eski alışkanlıklarına döndüğünde, felaket ve salgın fikrinden kurtuluyor. Bunu yaparken yarını düşünmüyor. Bugünün keyfini yarına bırakmıyor.</p><p class=\"ql-align-justify\"><br></p><h3 class=\"ql-align-justify\">GELECEĞİMİZ İÇİN TOPLUMU ÖRGÜTLEMEK</h3><p class=\"ql-align-justify\">Virüs gündem olunca akademi ve bilim öne çıktı. Koronavirüs Bilim Kurulu, aldığı önlemlerle salgınla mücadelede Türkiye'yi öne çıkardı. Kumaşımızın sağlamlığını gösterdi.</p><p class=\"ql-align-justify\">Bir süre önce Toplum Bilimleri Kurulu'nun kurulacağını açıklandı.(6) Aydınlık köşe yazarı Atakan Hatipoğlu, kurulun önceliklerini ve toplumsal davranışları örgütlemenin önemini aktarmıştı.(7) Fakat daha sonra bu konuda bir gelişme yaşanmadı. Türkiye'nin alanında uzman, seçkin bilim adamlarının yer alacağı kurul, salgınla birlikte ruhsal sağlığın korunmasında önemli bir araç olacaktır.&nbsp;</p><p class=\"ql-align-justify\">Bu kurulu aslında korona süreci ile sınırlandırmamak gerek. Türkiye'nin içinde bulunduğu ekonomik sorunlar, salgınla beraber katlanıyor. İşsizliğin yükseleceği günler bizi bekliyor. Sıcak para ekonomisinin sonuna gelmiş bulunuyoruz. Türkiye'de artık knedi kaynaklarına dayanma, üretim ekonomisine geçmekten başka bir çare olmadığı görülüyor. Vatan Partisi'nin yıllardır savunduğu bu program, Türkiye'nin gündemine giriyor.&nbsp;</p><p class=\"ql-align-justify\">Yıllardır sürdürülen sıcak para ekonomisinden üretim ekonomisine geçiş, günlük hayatımızı da etkileyecek. Bu geçiş kolay olmayacak. İnsanlarda etkiler bırakacak. Hem salgın sürecinde, hem de sonraki süreçteki değişimleri ancak toplumsal dayanışmayı güçlendirerek, bilinci artırarak ve davranışlarımızı güvenli hale getirerek göğüsleyebiliriz.&nbsp;</p><p class=\"ql-align-justify\">Dünyayı nesneleştiren, pasif hale gelen, keyfi ertelemeyen insanın yabancılaşmasına son vermek, öncelikli görevlerden biri olmalıdır.&nbsp;</p><p class=\"ql-align-justify\"><br></p><h3 class=\"ql-align-justify\">DİPNOTLAR:</h3><p class=\"ql-align-justify\">(1) Aldous Huxley, Cesur Yeni Dünya, İthaki Yayınları, İstanbul, Mayıs 2013, s. 126.</p><p class=\"ql-align-justify\">(2) Henry Martin Ford. Otomobil üreticisi ve Ford Motor Company'nin kurucusudur. 1902'de basit tarzda ürettiği yürüyen bant tekniğini zaman içerisinde geliştirmiş ve “Fordist” üretim biçiminin adını vermiştir.</p><p class=\"ql-align-justify\">(3) Erich Fromm, Psikanalize Yeni Bir Bakış -Freud’un Psikanaliz Kuramına Dair bir Revizyon Önerisi-, Say Yayınları, İstanbul, 2018.</p><p class=\"ql-align-justify\">(4) Yıldız Silier, Oburluk Çağı, Yordam Kitap, İstanbul, 2010</p><p class=\"ql-align-justify\">(5) Aydınlık, 20 Nisan 2020.</p><p class=\"ql-align-justify\">(6) Sağlık Bakanı Fahrettin Koca'nın açıklamaları, 7 Nisan 2020 tarihli gazeteler.</p><p class=\"ql-align-justify\">(7) Aydınlık, 11 Nisan 2020.</p>","outro":"","hideAds":false,"createdDate":1589314278073,"updatedDate":1589314278073,"hitCount":793,"active":true,"lastUpdaterIp":"141.101.105.232","hasEmbeddedTitle":false,"showOnHomePage":false,"currentUrl":"keyfi-ertelemeyenlerin-hatirlattigi-ihtiyac-207824"},{"id":134036,"title":"Suriye adım attı sıra Türkiye'de","contentType":"CORNER_POST","coverImage":"","socialMediaImage":"","publicationDate":1568515260000,"tags":[],"spot":"","body":"<p>Suriye Cumhurbaşkanı Beşar Esad, genel af ilan etti. Affa g&ouml;re, 14 Eyl&uuml;l 2019 tarihinden &ouml;nce işlenen su&ccedil;lar affedilecek. Suriye&#39;nin resmi haber ajansı SANA&#39;da affın &quot;belli şartlar kapsamında&quot; olduğu ifadesi yer alıyordu. Suriye&#39;deki kaynaklara, affın kapsamını sorduk. Aldığımız yanıt, &quot;Askeri, siyasi, ter&ouml;re bulaşmış her kim varsa, bu af kapsamındadır&quot; oldu.</p>\r\n\r\n<p>Affın zamanlaması &ccedil;ok &ouml;nemli. Af kararı, Astana g&ouml;r&uuml;şmeleri kapsamında yarın Ankara&#39;da yapılacak olan T&uuml;rkiye, Rusya ve İran liderleri zirvesi &ouml;ncesine denk geldi. B&ouml;ylece b&ouml;lgesel &ccedil;&ouml;z&uuml;m i&ccedil;in, g&uuml;&ccedil;l&uuml; bir adım atılmış oldu. Şimdi t&uuml;m d&uuml;nyanın g&ouml;z&uuml; Ankara&#39;da olacak.</p>\r\n\r\n<p><strong>&Ouml;NEMLİ BİR ENGEL ORTADAN KALKTI</strong></p>\r\n\r\n<p>&nbsp;</p>\r\n\r\n<p>Hemen parantez a&ccedil;alım. Cumhurbaşkanı Tayyip Erdoğan&#39;ın ev sahipliğinde &Ccedil;ankaya K&ouml;şk&uuml;&#39;nde Rusya Devlet Başkanı Vladimir Putin ve İran Cumhurbaşkanı Hasan Ruhani&rsquo;nin katılımıyla yapılacak olan zirvede İdlib, G&uuml;venli B&ouml;lge, Anayasa Komisyonu &ccedil;alışmaları ve Suriye&#39;deki siyasi ge&ccedil;iş konuları ele alınacak.</p>\r\n\r\n<p>Af haberi, Astana S&uuml;reci&#39;nin &ouml;n&uuml;ndeki b&uuml;y&uuml;k bir engeli de ortadan kaldırıyor. &Ouml;zellikle T&uuml;rkiye&#39;nin kaygılarına yanıt veriyor. T&uuml;rkiye&#39;nin İdlib konusunda en &ouml;nemli kaygısı, yeni bir g&ouml;&ccedil; dalgası. Zirvede, T&uuml;rkiye&#39;nin yeni bir g&ouml;&ccedil; dalgasını kaldıramayacağını muhataplarına net bir şekilde anlatması bekleniyordu. Af kararının birinci &ouml;nemi burada. Af ile ılımlı muhaliflerin ve ter&ouml;ristlerin ayrılması kolaylaşacak. Sonraki s&uuml;re&ccedil;te y&uuml;r&uuml;t&uuml;lecek askeri operasyonlarda oluşabilecek g&ouml;&ccedil; dalgasının ve yeni bir insani dramın &ouml;n&uuml;ne b&ouml;ylece ge&ccedil;ilebilecek.</p>\r\n\r\n<p>İkincisi &uuml;lkesinden uzaktaki Suriyelileri ilgilendiriyor. Tutuklanma korkusuyla &uuml;lkesine gidemeyen Suriyelilerin d&ouml;n&uuml;ş&uuml; kolaylaşacak. Af kararının Suriye&#39;ye d&ouml;n&uuml;şleri kolaylaştıracağı g&ouml;r&uuml;l&uuml;yor.</p>\r\n\r\n<p>&Uuml;&ccedil;&uuml;nc&uuml; ise, karar, ter&ouml;re bulaşanlar i&ccedil;in yeni bir sayfa demek. Su&ccedil; işleyenlerin, ter&ouml;re bulaşanların yeniden topluma kazandırılması hedefleniyor. B&ouml;ylece Suriye i&ccedil;indeki toplumsal barış yolunda &ouml;nemli bir s&uuml;recin başlangıcı denebilir.</p>\r\n\r\n<p><strong>PERİN&Ccedil;EK G&Uuml;NDEME GETİRMİŞTİ</strong></p>\r\n\r\n<p>Af kararı aslında bizler i&ccedil;in pek de s&uuml;rpriz olmadı. Af konusunu daha &ouml;nce Vatan Partisi Genel Başkanı Doğu Perin&ccedil;ek&nbsp;g&uuml;ndeme getirmişti. Perin&ccedil;ek, &quot;T&uuml;rkiye-Suriye Dostluk ve İşbirliği Planı&quot; ilan etmişti. Planda &ouml;zetle, &quot;Tayyip Erdoğan y&ouml;netiminin koruması altındaki Suriyeli &ouml;rg&uuml;tlerin silahlarını bırakması buna karşılık Suriye&#39;nin silahlarını yere atan &ouml;rg&uuml;tlerin mensuplarını affetmesi&quot; yer alıyordu. Perin&ccedil;ek bu &ouml;neriyi Suriye H&uuml;k&uuml;meti, Rusya ve İran&#39;ın da kabul ettiğini ve desteklediğini bildirmişti.</p>\r\n\r\n<p>Burada dikkat &ccedil;eken nokta şu. Suriye &ccedil;&ouml;z&uuml;mde &ccedil;ok kararlı. T&uuml;rkiye adım atmadan dahi, affı &ccedil;ıkardı. T&uuml;rkiye ile işbirliğinde ısrarcı olduklarının bir g&ouml;stergesi. Şimdi T&uuml;rkiye&#39;nin elinde altın bir fırsat bulunuyor. İdlib sorununu &ccedil;&ouml;zmek, g&ouml;&ccedil; dalgasını engellemek, T&uuml;rkiye&#39;deki Suriyelilerin geri d&ouml;n&uuml;ş&uuml;n&uuml; kolaylaştırmak, Mehmet&ccedil;ik&#39;in kayıplarını azaltacak bir fırsat. &Ccedil;&uuml;nk&uuml; İdlib&#39;i &ccedil;&ouml;zen Suriye namlularını Fırat&#39;ın doğusuna &ccedil;evirecek. PKK/PYD&#39;den başka, Şam i&ccedil;in tehdit kalmayacak. B&ouml;ylece T&uuml;rkiye&#39;nin ter&ouml;rle m&uuml;cadeleden en az kaypla &ccedil;ıkmasının &ouml;n&uuml; a&ccedil;ılacak. Ayrıca m&uuml;lteci konusundaki maliyetleri de azalacak.</p>\r\n\r\n<p>Şam&#39;ın affı, T&uuml;rkiye&#39;nin altın fırsatı. B&ouml;lgeyi rahatlatmanın, milletimize ve komşularımıza g&uuml;ven vermenin tam zamanıdır. Artık kibiri, k&uuml;&ccedil;&uuml;k &ccedil;ıkarları kenara bırakma, devlet adamı ciddiyetiyle, T&uuml;rkiye&#39;ye yakışanı yapma zamanıdır. T&uuml;rk milletinin isteği de bu y&ouml;ndedir. Vitesi geriye değil, ileriye takalım. Adım atana adım atalım. Kucaklaşalım.</p>\r\n","hideAds":false,"createdDate":1568515499000,"updatedDate":1568515260000,"hitCount":28210,"active":true,"lastUpdaterIp":"162.158.18.185","hasEmbeddedTitle":false,"showOnHomePage":false,"currentUrl":"suriye-adim-atti-sira-turkiye-de-nadir-temeloglu-kose-yazilari-eylul-2019"},{"id":133997,"title":"Devlet güven veriyor Doğu ayağa kalkıyor","contentType":"CORNER_POST","coverImage":"","socialMediaImage":"","publicationDate":1568437440000,"tags":[],"spot":"","body":"<p>Hacire Ana ilk adımı attı. Ardından bir ana, bir ana daha... Sonra babalar geldi. Bir ana, bir baba... Aileler &ccedil;&ouml;kt&uuml; HDP kapısına, &quot;&Ccedil;ocuğumu geri ver&quot; dedi. G&ouml;zleri belki yaşlıydı ama y&uuml;rekleri ateşti. Emek&ccedil;ilerdi. Hepsi dar gelirli aileydi. &quot;Senin &ccedil;ocuğun hangi &ouml;zel okulda okuyor&quot; diye hesap soruyorlardı. Yoksul K&uuml;rd&uuml;m&uuml;z başkaldırmıştı. Sayıları 32&#39;ye y&uuml;kselen Diyarbakır&#39;daki ailelerin sesleri bug&uuml;n &ccedil;ığlık oldu. Doğulu, G&uuml;neydoğulu T&uuml;rk bayrağını kaptı &quot;Ter&ouml;re lanet, kardeşliğe davet&quot; i&ccedil;in meydanlara &ccedil;ıktı.&nbsp;</p>\r\n\r\n<p><strong>ABD UŞAKLIĞINA BAŞKALDIRI </strong></p>\r\n\r\n<p>Van, Hakkari, Muş, Bitlis, Siirt, Mardin, Şırnak, Ağrı, Tunceli, Şanlıurfa, Bing&ouml;l, Elazığ&#39;da y&uuml;r&uuml;y&uuml;şler d&uuml;zenlendi. Alanlar gelincik tarlasına d&ouml;nd&uuml;. Kadınlar en &ouml;ndeydi. 51 demokratik kitle &ouml;rg&uuml;t&uuml; destek verdi eyleme. &quot;Kahrolsun PKK&quot;, &quot;T&uuml;rk, K&uuml;rt kardeştir, ayırım yapan&nbsp; kalleştir&quot;, &quot;Şehitler &ouml;lmez, vatan b&ouml;l&uuml;nmez&quot; sloganları y&uuml;kseldi binler y&uuml;r&uuml;rken. &quot;Edi Bese&quot; (Artık yeter!) pankartları a&ccedil;tılar. Analara selam g&ouml;nderdiler. &quot;Sizinleyiz&quot; dediler. Ter&ouml;r &ouml;rg&uuml;t&uuml;n&uuml;n kucağına d&uuml;şm&uuml;ş gen&ccedil;lere seslendiler: &quot;Artık annelerimizin y&uuml;reğindeki ateşi s&ouml;nd&uuml;rmek i&ccedil;in geri gelin. Devletimize teslim olun. Kimsenin maşası olmayın.&quot; &Ouml;yle ya, Diyarbakırlı annelerden biri HDP&#39;lilere bağırmıyor muydu, &quot;&Ccedil;ocuklarımızı ABD uşaklığına g&ouml;nderiyorsunuz&quot; diye. Bu y&uuml;r&uuml;y&uuml;şteki irade, biz uşak olmayacağız iradesidir işte.&nbsp;</p>\r\n\r\n<p>Y&uuml;r&uuml;y&uuml;şte valiler, belediye başkanları, komutanlarımız, savcılarımız yanlız bırakmadı kitleleri. Doğudaki halk devletiyle kucaklaştı. Devlet halkla. Devlet moral buldu, b&ouml;lge halkı da. En b&uuml;y&uuml;k morali ise Diyarbakır&#39;daki n&ouml;bete devam eden analar, aileler buldu.&nbsp;</p>\r\n\r\n<p><strong>MEHMET&Ccedil;İĞİN KARARLIĞI B&Ouml;LGE HALKINI &Ouml;ZG&Uuml;RLEŞTİRİYOR&nbsp;</strong></p>\r\n\r\n<p>Bu tabloda en b&uuml;y&uuml;k pay sahibi Mehmet&ccedil;iktir. Mehmet&ccedil;iğin ter&ouml;re karşı yurti&ccedil;inde ve yurtdışında kararlı m&uuml;cadelesi, b&ouml;lge insanını rahatlatıyor, g&uuml;venlerini ve inan&ccedil;larını tazeliyor. HDP/PKK baskısından kurtulan emek&ccedil;imiz, k&ouml;yl&uuml;m&uuml;z &ouml;zg&uuml;rleşiyor. Başını dikleştiriyor. G&ouml;ğs&uuml;n&uuml; geriyor.&nbsp;</p>\r\n\r\n<p>Mehmet&ccedil;ik b&ouml;l&uuml;c&uuml;lerin borazanını parampar&ccedil;a etti. Artık birlik ve beraberlik sesleri y&uuml;kseliyor. K&ouml;şeye sıkışan PKK orman yakıyor veya Diyarbakır Kulp&#39;taki gibi sivillere, k&ouml;yl&uuml;lere, iş&ccedil;ilere y&ouml;nelik eylemlerini artırmaya &ccedil;alışıyor. HDP Milletvekili Leyla G&uuml;ven, &quot;Gerillaya katılımlar ve &ccedil;atışmalar s&uuml;recek&quot; şeklinde tehditler savuruyor. Ama nafile. T&uuml;nelin ucundaki ışık g&ouml;r&uuml;nm&uuml;şt&uuml;r. Tablo ortada: PKK&#39;nın sonu geliyor. Artık millet ve devlet el eledir.</p>\r\n\r\n<p>T&uuml;m bunlara rağmen T&uuml;rkiye h&acirc;l&acirc; bazı kesimlerden ses &ccedil;ıkmıyor. Artık devekuşu olmanın yararı yok. Bu k&ouml;kl&uuml; ger&ccedil;ek kafanızı kuma da g&ouml;mseniz gelip sizi bulacak. T&uuml;rkiye&#39;nin birliği, b&uuml;t&uuml;nl&uuml;ğ&uuml; i&ccedil;in tavır koymakta gecikmeyin.</p>\r\n\r\n<p><strong>GE&Ccedil; KALINMAMALI&nbsp;</strong></p>\r\n\r\n<p>&Ouml;te yandan, evlat n&ouml;betindeki aileler bug&uuml;n Diyarbakır Cumhuriyet Başsavcılığına giderek &ccedil;ocukları i&ccedil;in HDP hakkında su&ccedil; duyurusunda bulundu. Vatan Partisi, HDP&#39;nin kapatılması i&ccedil;in uzun s&uuml;redir m&uuml;cadele veriyor. Hukuki girişimlerini yapmış durumda. Bu m&uuml;cadelenin başarıya ulaşması i&ccedil;in artık hukuk&icirc; adım da atılmalı.&nbsp;<br />\r\nAnaların evlatlarına kavuşmasının bir yolu da bu.. Ailelerin ve Vatan Partisi&#39;nin şikayetleri g&ouml;z &ouml;n&uuml;ne alınmalı, HDP&#39;nin kapatılması i&ccedil;in ge&ccedil; kalınmamalıdır.&nbsp;</p>\r\n","hideAds":false,"createdDate":1568437465000,"updatedDate":1568437440000,"hitCount":5103,"active":true,"lastUpdaterIp":"162.158.210.29","hasEmbeddedTitle":false,"showOnHomePage":true,"currentUrl":"devlet-guven-veriyor-dogu-ayaga-kalkiyor-nadir-temeloglu-kose-yazilari-eylul-2019"},{"id":133644,"title":"Yüzeysel tepkiyle popülerleşen Türkçe Rape ‘susamam’","contentType":"CORNER_POST","coverImage":"","socialMediaImage":"","publicationDate":1567897200000,"tags":[],"spot":"","body":"<p>M&uuml;zik, d&uuml;nyada yoğun etkiler bırakmıştır ama hi&ccedil;biri toplumları değiştirmemiştir. &Ouml;zellikle insanı &lsquo;parazit&rsquo; g&ouml;renler bunu başaramaz. Bu sorunları &ccedil;&ouml;zmek isteyen insanlarımızın doğru program, se&ccedil;enekle &ouml;rg&uuml;tl&uuml; m&uuml;cadeleye atılmaktan başka &ccedil;aresi yoktur. Rap eleştirebilir ama d&ouml;n&uuml;şt&uuml;remez.</p>\r\n\r\n<figure><img alt=\"\" src=\"2019/11/28/fefb380c-239b-44ea-bddf-0bd314401e10.jpg\" />\r\n<figcaption>&nbsp;</figcaption>\r\n</figure>\r\n\r\n<p>T&uuml;rk&ccedil;e Rap son d&ouml;nemde &ldquo;pop&uuml;lerlik&rdquo; a&ccedil;ısından zirveye oturdu. Artık sokaklarda, mağazalarda, kulaklıklardan y&uuml;kselen seslerde daha fazla Rap duyuyoruz. &Ouml;nce bir hakkı verelim. T&uuml;rk&ccedil;e Rap teknik a&ccedil;ıdan &ccedil;ok gelişti. &Ccedil;ok daha &ouml;zg&uuml;n m&uuml;zikal altyapılar, yeni kafiye dizgeleri, &ccedil;ekilen klipleriyle işitsel, g&ouml;rsel anlamda nitelikli hale geldi. &ldquo;Ergenliğe yeni adım atmış isyank&acirc;r gen&ccedil;lik kitlesi&rdquo;nden, &ccedil;ok daha ileri yaşlara kadar geniş bir dinleyici kitlesine ulaştı. T&uuml;rkiye artık Rap m&uuml;ziği kabullendi.&nbsp;</p>\r\n\r\n<p>T&uuml;rk&ccedil;e Rap aynı zamanda b&uuml;y&uuml;k tartışmalardan ge&ccedil;iyor. Yerlilik-&ouml;zentilik tartışması oraya da sı&ccedil;radı. &Ouml;zellikle Norm Ender&rsquo;in &ldquo;Mekanın Sahibi&rdquo; şarkısının ardından y&uuml;kselen tartışma, h&acirc;l&acirc; etkisini s&uuml;rd&uuml;r&uuml;yor. Peki m&uuml;zikal anlamda gelişmelerle birlikte Rap yerlileşti mi? Yeterince T&uuml;rkiyelileşti mi? &Ouml;n&uuml;m&uuml;zdeki soru tam da bu.&nbsp;</p>\r\n\r\n<p>&Ouml;nce şunu belirtelim. Rap sadece ritim değil, s&ouml;zle var olan bir m&uuml;zik. Caz, Pop gibi diğer t&uuml;rleri s&ouml;zs&uuml;z dinleyebilirsiniz. Fakat s&ouml;zs&uuml;z ritim d&ouml;ng&uuml;s&uuml; Rapte dinleyici sıkar. Rapin diğer m&uuml;ziklerden farkı sadece bi&ccedil;imsel değil aynı zamanda &ouml;zsel ifadededir. Rapte &ouml;z ile bi&ccedil;imi, anlam ile ritmi birbirinden ayıramazsınız.&nbsp;</p>\r\n\r\n<p><strong>TOPLUMSAL SANATTA&nbsp;İLETİNİN &Ouml;NEMİ</strong></p>\r\n\r\n<p>T&uuml;rk&ccedil;e Rap, 19 şarkıcının birlikte yaptığı 14 dakikalık &ldquo;Susamam&rdquo; par&ccedil;asıyla g&uuml;ndemde. Her sanat&ccedil;ı bir konu başlığı altında T&uuml;rkiye&rsquo;nin sorunlarını işliyorlar. Susamam, bir şarkıdan daha &ccedil;ok sosyal sorumluluk projesi gibi g&ouml;ze &ccedil;arpıyor. Susamam tiş&ouml;rtlerinin gelirlerinin k&ouml;y okullarına katkı olarak verilecek olması da bu projenin olumlu bir par&ccedil;ası.&nbsp;</p>\r\n\r\n<p>Şarkının bazı b&ouml;l&uuml;mleri &ccedil;ok &ccedil;arpıcı. Yaralarımıza parmak basıyor. Doğaya, suya sahip &ccedil;ıkmak, paralı eğitim, k&ouml;y okullarının hali, atanamayan &ouml;ğretmenler, Deniz Tekin&rsquo;in s&ouml;ylediği kadını anlatan b&ouml;l&uuml;m, intihara karşı duruş, hayvanlara sahip &ccedil;ıkma, hız, alkol... İnsanların g&uuml;ndelik yaşamlarında sık&ccedil;a karşılaştığı durumları yansıtıyorlar. Par&ccedil;ada bir de tartışmalı b&ouml;l&uuml;mler var. Hukuka, adalete, emniyet g&uuml;&ccedil;lerine y&ouml;nelik g&ouml;ndermeler bulunuyor. Sanat elbette ger&ccedil;eğin dile getirilmesinde &ouml;nemli bir alan. Fakat toplumsal sanat yapıyorsanız, topluma iletileriniz varsa, bu iletilerin sınırlarını iyi &ccedil;izmeniz gerekiyor. Y&uuml;zeysellik, yanlış noktadan eleştiri, g&uuml;ndelik s&ouml;ylemlerin r&uuml;zg&acirc;rına kapılmak &ldquo;iletinin&rdquo; i&ccedil;eriğini başka yerlere &ccedil;evirebiliyor. Eğer doğru ileti veremezsiniz, bir sanat&ccedil;ı olarak yanlış konumlanma, kitleleri yanlış y&ouml;nlendirme tehlikesi ile karşı karşıya kalırsınız. Susamam par&ccedil;ası da maalesef bazı b&ouml;l&uuml;mlerinde bunlara kurban gitmiş. Par&ccedil;anın yanlışlarını, eksikleri &uuml;&ccedil; ana başlık altında inceleyebiliriz.&nbsp;</p>\r\n\r\n<p>1. Yanlış r&uuml;zg&acirc;ra kapılmak<br />\r\n2. Tanım yanlışları ile eksiklikler.<br />\r\n3. Karamsarlık ve insan d&uuml;şmanlığı.</p>\r\n\r\n<figure><img alt=\"\" src=\"2019/11/28/0e5a9b64-9c8e-4745-8027-dbf2c3f23a6a.jpg\" />\r\n<figcaption>&nbsp;</figcaption>\r\n</figure>\r\n\r\n<p><strong>&ldquo;A.C.A.B.&rdquo;A BİZDE TUTAR MI?</strong></p>\r\n\r\n<p>Rap, ABD&rsquo;deki &ldquo;getto&rdquo;larda doğdu.&nbsp; A&ccedil;ılımı i&ccedil;in iki farklı yorum var. Birincisi, &ldquo;Rhytim And Poetry&rdquo;. Yani ritim ve şiir. Diğeri, &ldquo;Rhytmic American Poetry&rdquo;. Yani ritmik Amerikan şiiri. Kenar mahallelerden y&uuml;kselen ses olan Rap, &ouml;zellikle beyazlar tarafından &ouml;tekileştirilen, su&ccedil;a itilen siyahilerin isyanı oldu. &Ouml;zellikle siyahilerin g&ouml;rd&uuml;ğ&uuml; polis şiddeti, Rapi bir &ldquo;ideoloji&rdquo; ile ta&ccedil;landırmalarına sebep oldu: &ldquo;All Cops Are Bastards&rdquo; (A.C.A.B) T&uuml;rk&ccedil;e anlamı ile, b&uuml;t&uuml;n polisler p*&ccedil;tir.</p>\r\n\r\n<p>Batı&rsquo;da Rap m&uuml;zik polis, hukuk karşıtlığı ile kendini ifade ediyor. Batı&rsquo;nın &ccedil;&uuml;r&uuml;m&uuml;ş sisteminin &ccedil;&uuml;r&uuml;m&uuml;ş hukuku gettolardaki dar gelirlinin &uuml;st&uuml;ne y&uuml;r&uuml;yor. Polis şiddeti de kenar mahalle insanlarına, m&uuml;ltecilere y&ouml;neliyor.&nbsp;<br />\r\nRap ırk&ccedil;ılığın, faşizmin doğduğu topraklardan bizim &uuml;lkemize geldi. Biz Raple 1990&rsquo;larda tanıştık. Rapi Almanya&rsquo;daki T&uuml;rkler aracılığıyla &ouml;ğrendik. Onlar Almanya&rsquo;nın siyahileriydiler. Benzer bir k&uuml;lt&uuml;r&uuml; T&uuml;rkiye&rsquo;ye taşıdılar. İlk T&uuml;rk Rap grupları Almanca, İngilizce s&ouml;yl&uuml;yorlardı par&ccedil;alarını. Rapte &ldquo;T&uuml;rk&ccedil;e&rdquo; d&ouml;nemi biraz daha sonra başladı. 2000&rsquo;lerde ise uzmanlaşmaya, yaygınlaşmaya başladı.&nbsp;<br />\r\nT&uuml;rk&ccedil;e Rapte 2000&rsquo;lerden sonraki d&ouml;nemde &ldquo;getto&rdquo; felsefesi &ccedil;ok fazla kendine yer bulamadı. İsyan vardı ama daha &ccedil;ok halk&ccedil;ıydı. &Ccedil;&uuml;nk&uuml; T&uuml;rkiye&rsquo;de &ccedil;ok fazla getto k&uuml;lt&uuml;r&uuml; yoktu. Polisle &ccedil;atışan, su&ccedil;a bulaşmış tiplerden daha &ccedil;ok daha &ccedil;ok m&uuml;zik k&uuml;lt&uuml;r&uuml; olanlar, burayı takip edenler tanıştı Raple. Nasıl ki T&uuml;rkiye&rsquo;de sosyalizmle iş&ccedil;i kitlelerinden &ouml;nce T&uuml;rk aydınları tanışmıştı, Rap m&uuml;zikte de b&ouml;yle bir benzerlik vardı. Fakat g&uuml;n&uuml;m&uuml;ze geldiğimizde Amerikancı r&uuml;zg&acirc;rların artışı ile birlikte getto &ouml;zentiliği canlandı. Uyuşturucu, alkol, seks, yalnızlık, karamsarlıkla birlikte anarşist k&uuml;lt&uuml;r yeniden k&ouml;r&uuml;klendi. Artık T&uuml;rkiye&rsquo;de de belli kesimler A.C.A.B k&uuml;lt&uuml;r&uuml;n&uuml;n temsilcisi gibi g&ouml;r&uuml;nmeye başlandı.&nbsp;</p>\r\n\r\n<p><strong>MADDEYİ ANLAYAMAYANIN&nbsp;İSYANI MURDAR OLUR</strong></p>\r\n\r\n<p>Susamam şarkısının &ouml;zellikle hukuk, adalet kesimlerinde bunları g&ouml;r&uuml;yoruz: &ldquo;Kendi &uuml;lkemin polisinden korkar oldum&rdquo;, &ldquo; Şimdi kapını kollaması gereken adalet gelir acımaz, vurur, kırar kapını&rdquo;, &ldquo; Bir gece haksızca alsalar i&ccedil;eri seni bunu haber yapıcak gazeteci bile bulamazsın, hepsi tutuklu&rdquo;, &ldquo;Sizin polisiniz silahını &ccedil;ekip g&uuml;peg&uuml;nd&uuml;z ortalıkta vuramaz dilediğini&rdquo;, &ldquo;Polis tutukladı bi&rsquo; şeyleri problem edip&rdquo;, &ldquo;Yargı gelip arıyor bedeli yaşıyorum cehennemi, yanıyor bedenim...&rdquo;&nbsp;</p>\r\n\r\n<p>Şanışer, Guerilla Warfare II şarkısında Gezi eylemlerindeki polis şiddetinden bahsediyordu. Ş&ouml;yle baktığımızda Şanışer i&ccedil;in değişen bir şey yok diyebiliriz. Fakat aydın veya sanat&ccedil;ı donmuş, kalıplaşmış d&uuml;ş&uuml;ncelerin bek&ccedil;isi olamaz. D&uuml;nya d&ouml;n&uuml;yor, madde değişiyor. T&uuml;rkiye de bunlardan nasibini alıyor. Gezi d&ouml;neminden bu yana &ccedil;ok şey değişti. O d&ouml;nemdeki polis, yargı i&ccedil;indeki FET&Ouml;&rsquo;c&uuml;ler temizlendi. Halka saldıranlar, askere, aydınlara kumpas kuranlar şimdi onların &ccedil;ıktıkları yere konuldu. D&uuml;n&uuml;n parmaklıkları T&uuml;rk milletini hapsetmek i&ccedil;indi, bug&uuml;n&uuml;n parmaklıkları ise ter&ouml;r &ouml;rg&uuml;tlerini hapsetmek i&ccedil;in kullanılıyor. D&uuml;n&uuml;n Amerikancı yargı&ccedil;larının tokmağı T&uuml;rk askerinin, aydının tepsine iniyordu, bug&uuml;n&uuml;n &ouml;zg&uuml;rleşen yargının tokmağı ter&ouml;r &ouml;rg&uuml;tlerinin başına iniyor. Yani bug&uuml;n polise, askere, yargıya, yapılan b&ouml;ylesi eleştiriler yelkeni doğrudan Amerika&rsquo;dan &uuml;flenen r&uuml;zg&acirc;rla gelen kayığın i&ccedil;ine oturtuyor. Sizi onların yanına d&uuml;ş&uuml;r&uuml;yor. D&uuml;n Atat&uuml;rk&rsquo;&uuml; ve T&uuml;rkiye&rsquo;yi savunan gazeteciler i&ccedil;eri atılırken, bug&uuml;n o kumpaslarda g&ouml;rev alan gazeteciler i&ccedil;eri alınıyor. Nazlı Ilıcak, Ahmet Altanlar siz i&ccedil;eri alındığınızda sizi yazacak mı sanıyorsunuz?&nbsp;</p>\r\n\r\n<p>Elbette yargıda, g&uuml;venlikte her şey m&uuml;kemmel, tıkır tıkır işliyor demiyoruz. Ama &ldquo;adalet, yargı, polis b&uuml;t&uuml;n&uuml;yle g&uuml;venilmez&rdquo; savı, T&uuml;rkiye&rsquo;nin sorunlarını &ccedil;&ouml;zmesinde yardımcı olmuyor, daha da karmaşıklaştırıyor. FET&Ouml;, PKK gibi &ouml;rg&uuml;tlere karşı m&uuml;cadele hedef alınarak daha da iyileşme olanağı yoktur.<br />\r\nElbette buradaki Rap&ccedil;iler FET&Ouml;&rsquo;y&uuml;, PKK&rsquo;yı savunuyor, onlar i&ccedil;in mesaj veriyor demiyoruz. O bilin&ccedil;le yapmıyorlar. Zaten bilin&ccedil;leri ve ufukları buna izin de vermiyor. Bunu dersek haksızlık ederiz. Fakat m&uuml;zmin muhaliflik, T&uuml;rkiye&rsquo;nin i&ccedil;inde bulunduğu şartları anlamamak, mesajı yanlış vermek, sizi yapmak istemediğiniz bir propagandanın par&ccedil;ası haline getiriyor. A.C.A.B. felsefesinin kopyalanması, T&uuml;rkiye&rsquo;ye taşınması, sizi yanlış yerde konumlandırıyor. Maddeyi, değişimi, d&ouml;n&uuml;ş&uuml;m&uuml; anlamayan isyan, yanlış bilin&ccedil;le boşa &ccedil;ıkıyor. Vermek istediğiniz mesajı hafifletiyor. Sizi &ouml;nc&uuml; sanat&ccedil;ı değil, sıradan sanat&ccedil;ı yapıyor.&nbsp;<br />\r\nK&ouml;ks&uuml;z bir isyan hedef sarptırıyor, kullanıma hazır bir araca d&ouml;n&uuml;ş&uuml;yor. Sosyal medyada #Susamam başlığına baktığınızda yalnızca destek&ccedil;ilerinizin değil FET&Ouml;, PKK, diğer NATO&rsquo;cu-Batıcı avanelerin hemen baş kaldırdığını, umut mesajları verdiğini g&ouml;r&uuml;yorsunuz. Fikirleri yuvarlak, suya sabuna dokunmadan dillendirmek, sanatınızı başkalarının aracı haline getirebilir. Gazeteci sadece siz i&ccedil;eri d&uuml;şt&uuml;ğ&uuml;n&uuml;zde yazan değil, &ouml;ncesinde de uyarandır. T&uuml;rkiye&rsquo;de sizi d&uuml;ş&uuml;nen ve uyaran gazeteciler olduğunu bilmenizi isteriz.</p>\r\n\r\n<p><strong>EMPERYALİZME DOKUNMADAN FAŞİZMİ TARİF ETMEK</strong></p>\r\n\r\n<p>Susamam&rsquo;da yalnızca yanlışlar yok aynı zamanda bazı tanımların altı &ccedil;ok boş. En belirgini ise faşizm. Faşizm kapitalist-emperyalist sistemin en kanlı diktat&ouml;rl&uuml;ğ&uuml;d&uuml;r. Emperyalizmden kopuk bir faşizm tanımı yapılıyor. Oysa burada anlatılan faşizmde ne sermaye var, ne emperyalizm, ne sınıflar, ne de diktat&ouml;rl&uuml;k. Burada anlatılana g&ouml;re faşizm, evinde eşine kızıp sokakta k&ouml;peği tokatlamak, sığ olmak, polisten ka&ccedil;mak...&nbsp;<br />\r\nSanıyoruz bu tanımlardan sonra Gramsciler, Dimitrovlar, Hitler Almanya&rsquo;sıyla Amerikan emperyalizmiyle savaşırken hayatını kaybeden&nbsp; milyonlarca mazlum mezarında ters d&ouml;nm&uuml;ş olsa gerek...&nbsp;<br />\r\nPar&ccedil;ada, tanımlarım yanı sıra insanların g&uuml;ndeminde eksik bırakılan ana konular da var. &Ouml;rneğin, ekonomik kriz. Krizden etkilenen geniş kesimler, emek&ccedil;iler hi&ccedil; yok. Emperyalizmin bir kere bile ge&ccedil;miyor. Ter&ouml;r zaten yok. Eğer polisi, yargıyı hedef alırsanız elbette ter&ouml;re s&ouml;yleyecek lafınız olmaz. &Ccedil;&uuml;nk&uuml; canlı bombanın &uuml;st&uuml;ne atlayanlar, A.C.A.B&rsquo;dır onlara g&ouml;re. &ldquo;Sizin polisiniz&rdquo;dir. B&ouml;yle konumlanınca T&uuml;rkiye&rsquo;nin ana sorunlarına g&ouml;zden ka&ccedil;ırmanız elden değildir.&nbsp;</p>\r\n\r\n<p><strong>İNSAN HEP K&Ouml;T&Uuml; İNSANDAN &Ouml;T&Uuml;R&Uuml;</strong></p>\r\n\r\n<p>Par&ccedil;ada sadece tanım yanlışları yok, ciddi bir karamsarlık da var. Bu karamsarlığın ulaştığı nokta yine insan d&uuml;şmanlığı. Onlara g&ouml;re, &ldquo;İnsan en b&uuml;y&uuml;k parazit ve hayvan kadar olamamıştır.&rdquo; Beyaz T&uuml;rklerin bi&ccedil;imi Batılı (Anglosakson) kafası ise Ortadoğuludur. Nesil, kayıptır. Sistem y&uuml;z&uuml;nden serseri olmuştur. Memleket acı, seması karadır. Peki karalar bağlamış bu sema dağılacak mıdır? Elbette hayır. Sonu daha da karanlıktır: &ldquo;Aydın beyinleri bekliyor karanlık gelecek.&rdquo;</p>\r\n\r\n<p>Susamam &ccedil;ok beğenildi. &Ccedil;&uuml;nk&uuml; insanlar kendi verdikleri tepkiyi g&ouml;rd&uuml;. Susamam par&ccedil;asında, sokakta, sosyal medya, herkesin dilinde olanları s&ouml;yl&uuml;yorlar, doğru. Fakat bir &ccedil;&ouml;z&uuml;m yok. Kahvede okey oynayıp ajansları izlerken devlet kurup, devlet yıkanlardan farkı yok. Susamam herkesin eleştirdiğini eleştiriyor. Tepkisellikle beğeni topluyor.</p>\r\n\r\n<p>Herkesin ağzındakini s&ouml;ylemek farkındalık yaratmak değil. Farkındalığı farkındalık haline getirmek. T&uuml;rkiye&rsquo;nin ger&ccedil;ek sorunları, esas g&uuml;ndemi yok. Rapin yerlileşmesi işte tam buradan savunabilir. T&uuml;rkiye&rsquo;nin ezgilerine, değerlerine daha &ccedil;ok yer vermek daha &ccedil;ok ana sorunları g&uuml;ndeme getirmek. Bu y&uuml;zden ciddi adımlar atılsa da T&uuml;rk&ccedil;e Rap hen&uuml;z yerlileşme, millileşme konusunda yetersizliğini koruyor. Ama&nbsp; bu adımı da k&uuml;&ccedil;&uuml;msemiyoruz. Belki b&ouml;yle bir yola &ccedil;ıkanlar T&uuml;rkiye&rsquo;nin ger&ccedil;ek sorunlarına da anlatabileceği, yanlışlarını d&uuml;zeltebileceği bir par&ccedil;a yapacaklardır. Ama kimsenin b&ouml;yle şarkılardan fazla bir beklenti i&ccedil;ine girmemesini &ouml;neririz. &Ccedil;&uuml;nk&uuml; insanı parazit g&ouml;renler, insanı harekete ge&ccedil;iremezler. Birka&ccedil; sene sonra g&uuml;zel bir tasarı olarak hatırlanacak, sadece ara ara birka&ccedil; kişinin d&ouml;n&uuml;p baktığı bir şey olacak.&nbsp;<br />\r\nRapin ufku ancak buna izin veriyor. M&uuml;zikler d&uuml;nyayı etkilemiştir, yoğun etkiler bırakmıştır ama hi&ccedil;biri d&uuml;nyayı değiştirmemiştir. Bu sorunları &ccedil;&ouml;zmek isteyen insanlarımız, doğru program, doğru se&ccedil;enekle &ouml;rg&uuml;tl&uuml; m&uuml;cadeleye atılmaktan başka &ccedil;aresi yoktur. Yoksa enerji boşa &ccedil;ıkar. Rap eleştirebilir ama d&ouml;n&uuml;şt&uuml;remez.</p>\r\n\r\n<figure><img alt=\"\" src=\"2019/11/28/72b5acbc-03cd-45b0-aaa7-88fa99a811b3.jpg\" />\r\n<figcaption>&nbsp;</figcaption>\r\n</figure>\r\n\r\n<p>&nbsp;</p>\r\n","hideAds":false,"createdDate":1567837977000,"updatedDate":1567843062000,"hitCount":62,"active":false,"lastUpdaterIp":"162.158.251.65","hasEmbeddedTitle":false,"showOnHomePage":false,"currentUrl":"yuzeysel-tepkiyle-populerlesen-turkce-rape-susamam-nadir-temeloglu-kose-yazilari-eylul-2019"},{"id":131094,"title":"PuCCa ve yanlışı yanlışla savunmak","contentType":"CORNER_POST","coverImage":"","socialMediaImage":"","publicationDate":1564117500000,"tags":[],"spot":"","body":"<p>Hepimizin mahallesinde, sokağında &ldquo;Buraya &ccedil;&ouml;p d&ouml;k&uuml;lmez&rdquo; yazan duvarlar vardır. Ne hikmetse, o yazıların altında hep &ccedil;&ouml;p yığınları vardır. &ldquo;&Ccedil;&ouml;p d&ouml;k&uuml;lmez&rdquo; yazan yere ya da sokağa &ccedil;&ouml;p atanı uyarın, alacağınız cevap bellidir: &ldquo;Herkes buraya atıyor.&rdquo;</p>\r\n\r\n<p>Otopark sorununda da b&ouml;yledir. Engelliler i&ccedil;in ayrılan yerler hep doludur. Engelli yerine park edeni uyardığınızda -&uuml;st&uuml;n&uuml;ze y&uuml;r&uuml;m&uuml;yorsa- vereceği cevap bellidir: &ldquo;Herkes buraya park ediyor.&rdquo;</p>\r\n\r\n<p>G&uuml;nl&uuml;k hayattaki bu anlayış siyasete de yansımıştır.</p>\r\n\r\n<p>Bir belediye başkanı adayının devletin valisine &ldquo;İt&rdquo; demesini eleştirdiğinizde, destek&ccedil;ileri hemen şu cevabı verir: &ldquo;Onlar da &ccedil;ift&ccedil;iye, &#39;Ananı al da git&#39; demişti.&rdquo;</p>\r\n\r\n<p>C partisinin adayının A partisinin adayından farkı olmadığını, onun da aynı programı savunduğunu, rant&ccedil;ı olduğunu, halkın sorunlarını &ccedil;&ouml;zemeyeceğini, kendi cebini dolduracağını s&ouml;ylersiniz. C partisinin destek&ccedil;ileri hemen yapıştırırlar: &ldquo;A partisi yeterince &ccedil;aldı, biraz da o &ccedil;alsın, ne olacak.&rdquo;</p>\r\n\r\n<p>FET&Ouml; ile y&uuml;r&uuml;meyin dersiniz, yapıştırılar: &ldquo;Onlar FET&Ouml; ile kol kola girmişti.&rdquo;</p>\r\n\r\n<p>PKK ile birlikte hareket etmeyin dersiniz, yapıştırırlar: &ldquo;Ama onlar da a&ccedil;ılım yaptı.&rdquo;</p>\r\n\r\n<p>Kısaca, yanlışı yanlışla savunmaya pek meraklıyızdır.</p>\r\n\r\n<p><strong>MODA VE POP&Uuml;LİZMİN ANLAMSIZLIĞI</strong></p>\r\n\r\n<p>Bunun son &ouml;rneğini, PuCCa takma adlı sosyal medya fenomeninin, uyuşturucuya &ouml;zendirmek su&ccedil;undan hapis cezası alması sırasında g&ouml;rd&uuml;k.</p>\r\n\r\n<p>Davada yaptığı savunma, moda ve pop&uuml;lizmin anlamsızlının bir itirafıydı: &ldquo;Uyuşturucu kullanma hakkın olsaydı hangisini se&ccedil;erdin paylaşımım ise anlamsız ve moda olduğu i&ccedil;in bir paylaşımımdır.&rdquo; &Uuml;n i&ccedil;in, moda i&ccedil;in PuCCa&#39;nın i&ccedil;ine d&uuml;şt&uuml;ğ&uuml; durum, sosyal medya &ccedil;&ouml;pl&uuml;ğ&uuml;n&uuml; g&ouml;zler &ouml;n&uuml;ne sermek i&ccedil;in &ccedil;arpıcı bir &ouml;rnek.</p>\r\n\r\n<p>PuCCa, ceza aldığınu duyururken ağlıyor, &ldquo;Adam mı &ouml;ld&uuml;rd&uuml;m&rdquo; diye soruyordu. Sosyal medyada hemen olay oldu. Destek mesajları yağdı fenomene. Hep aynı yorumlar: &ldquo;Tecav&uuml;zc&uuml;ler, tacizciler dışarıda. Hayvana işkence eden dışarıda. PuCCa&#39;ya verilen bu ceza adaletsiz değil mi?&rdquo;</p>\r\n\r\n<p>Bu savunma, herkes d&ouml;k&uuml;yor biz de &ccedil;&ouml;p d&ouml;kelim, herkes engelli yerine park ediyor biz de edelim, herkes &ccedil;alıyor biz de &ccedil;alalım anlayışının meşrulaştırılmasından başka bir şey değildi.</p>\r\n\r\n<p><strong>UYUŞTURUCU PEYNİR EKMEK GİBİ SATILIRKEN...</strong></p>\r\n\r\n<p>T&uuml;rk Ceza Kanunu&#39;nun 190. maddesinde uyuşturucu veya uyarıcı madde kullanılmasını kolaylaştırıcı hareketler, su&ccedil; olarak tanımlanmıştır. PuCCa su&ccedil; işledi. Ceza aldı. T&uuml;rkiye&#39;de uyuşturucu sorunu diye bir ger&ccedil;ek var. Bir&ccedil;ok uyarıcı madde okul &ouml;nlerinde peynir ekmek gibi satılıyor. Uyuşturucu kullanımı 9-10 yaşlarına kadar d&uuml;şt&uuml;. B&ouml;yle bir d&ouml;nemde en &ccedil;ok gen&ccedil;lerin takip ettiği, kendine sosyal medya fenomeni diyenlerin s&ouml;zlerine dikkat etmesi gerekiyor. Aksini yaptığında cezasını &ccedil;ekmesinde, yanlış olan bir taraf yok. Bunun savunulacak bir yanı yok. Yanlışı, yanlışla savunmamak gerek. Eştirimizi ş&ouml;yle yapsak daha doğru değil mi: &ldquo;PuCCa su&ccedil; işledi ve hak ettiği cezayı aldı. Tacizciler, tecav&uuml;zc&uuml;ler de hak ettiği cezayı almalı, bu konuda gerekli d&uuml;zenlemeler yapılmalı.&rdquo;</p>\r\n\r\n<p>Fakat yanlışta ısrarcıyız. Sahte mağduriyetler yaratıyoruz ve bunu savunuyoruz. &Uuml;st&uuml;ne &uuml;stl&uuml;k kahramanlaştırıyoruz. Kırmızı Kedi gibi yayınevleri bu su&ccedil;lulara sahip &ccedil;ıkıyor. Onun i&ccedil;in imza g&uuml;n&uuml; d&uuml;zenliyor. İnsanlar kuyruğa giriyor, alkışlarla karşılıyor. İmza g&uuml;n&uuml; i&ccedil;in tatilini yarıda kesen de var. Sarılıp ağlayan da. Sahi, uyuştucu ticareti yapmaktan su&ccedil;lu bulunan Deniz Seki de kahraman gibi cezaevine girip, kahraman gibi &ccedil;ıkmamış mıydı?</p>\r\n\r\n<p>Ger&ccedil;ek adalet arıyorsak, &ouml;nce yanlışı yanlışla savunmamayı &ouml;ğrenmeliyiz.</p>\r\n","hideAds":false,"createdDate":1564117714000,"updatedDate":1564117500000,"hitCount":4185,"active":true,"lastUpdaterIp":"188.114.103.108","hasEmbeddedTitle":false,"showOnHomePage":false,"currentUrl":"pucca-ve-yanlisi-yanlisla-savunmak-nadir-temeloglu-kose-yazilari-temmuz-2019"},{"id":130591,"title":"Beğendiğiniz çizgiyi savunabilecek misiniz?","contentType":"CORNER_POST","coverImage":"","socialMediaImage":"","publicationDate":1563342780000,"tags":[],"spot":"","body":"<p>&nbsp;</p>\r\n\r\n<p>İlacın tadını acı bulan &ccedil;ocuklar i&ccedil;in, annelerimizin g&uuml;zel y&ouml;ntemleri vardır. &Ouml;rneğin hapı gazozun i&ccedil;ine atarlar. Veya şeker, meyve suyu veya dondurmanın i&ccedil;ine koyarlar. T&uuml;rkiye siyaseti yıllarca b&ouml;yleydi. Ne kadar acı, halk karşıtı şey varsa tatlı s&ouml;zlerle anlatıldı. Devlet&ccedil;ilikten vazge&ccedil;me;&nbsp;d&uuml;nya ile b&uuml;t&uuml;nleşme diye yutturuldu. Halk&ccedil;ılıktan vazge&ccedil;me; zenginlik artacak, refah gelecek diye anlatıldı. &Ouml;zg&uuml;rl&uuml;k diye laiklikten vazge&ccedil;ildi, meydan tarikatlara, cemaatlere, etnik b&ouml;l&uuml;c&uuml;lere bırakıldı. Serbest piyasacılığı savunan liderlerin biri gitti biri geldi. Tatlı lakaplarla: Biri baba oldu, biri ana oldu, biri tonton amca oldu. En son mermiyi şekere batırdılar, &ldquo;Selo&rdquo; diye biri &ccedil;ıkıverdi.</p>\r\n\r\n<p>A&ccedil;ılımın &ccedil;ocuğu &ldquo;Selo&rdquo;ya ter&ouml;r &ouml;rg&uuml;t&uuml;ne yakınlığından dolayı makyaj lazımdı. Hemen allandı pullandı. Sazdan başka bir şey &ccedil;alıyor, iletilerini ketılla veriyordu. Kullandığı dil bir kere hoşlarına gitmişti, &ldquo;Selo&rdquo;nun &ccedil;izgisi beğenilmişti. &Ouml;zellikle se&ccedil;imlerde destek verince, daha da beğendiler. Teşekk&uuml;r ettiler, &ldquo;Omuz omuza yendik&rdquo; dediler. Su&ccedil;u ne diye sordular. Şaka değil. Herkesin bildiğini bilmiyorlardı ya da saf g&ouml;r&uuml;nmek işlerine geliyordu. Ter&ouml;r &ouml;rg&uuml;t&uuml; propagandası yapmaktan 4 yıl 8 ay ceza alan ve h&uuml;km&uuml; kesinleşen &ldquo;Selo&rdquo; i&ccedil;in &ldquo;Su&ccedil;u ne, a&ccedil;ıklayın bilelim&rdquo; dediler. Ve bunların hepsini Atat&uuml;rk&ccedil;&uuml;l&uuml;k adı altında yaptılar.</p>\r\n\r\n<p><strong>HAZZETMEDİĞİNİZ İ&Ccedil;İN Mİ ATAT&Uuml;RK HEYKELLERİNİ YAKTINIZ?</strong></p>\r\n\r\n<p>&Ccedil;izgisini ve dilini beğendikleri, su&ccedil;u ne dedikleri Selahattin Demirtaş bug&uuml;n yine ter&ouml;r &ouml;rg&uuml;t&uuml; propagandası yapma gerek&ccedil;esiyle h&acirc;kim karşısındaydı. Bir zamanlar &ldquo;Abdullah &Ouml;calan&#39;ın heykelini dikeceğiz&rdquo; diye bağıran Demirtaş, ne olduysa geri vites yaptı. &ldquo;Selo&rdquo; aslında &ouml;yle demek istememiş! Peki, ne demek istemiş: <em><strong>&quot;Bu &uuml;lkeye barış gelecek, aslında o anda i&ccedil;imden ge&ccedil;en ve c&uuml;mleye d&ouml;kmediğim kısım buydu, keşke o c&uuml;mleyi de kursaydım orada ve bu &uuml;lkeye barış getirenlerin heykelini dikeceğiz demek istemiştim. Yoksa ger&ccedil;ekten heykel meraklısı değilim. İnsanların tabulaştırılmasından, tartışılmaz hale getirilmesinden, heykellerinin dikilmesinden de hazzetmeyen biriyim. Bu &Ouml;calan i&ccedil;in de ge&ccedil;erlidir, başkaları i&ccedil;in de.&quot;</strong></em></p>\r\n\r\n<p>Heykel dikme iradesinde olan Demirtaş, heykel dikilmesine karşı olan bir sivil toplumcu oluverdi. &Ouml;calan&#39;ın heykelinin de dikilmesine karşı, başkalarının da. &Ccedil;izgisini beğenenlere soruyoruz: Demirtaş&#39;ın heykelenin dikilmesinden hazzetmediği &ldquo;başkaları&rdquo; HDP/PKK&#39;nın her fırsatta heykelini yaktığı, yıktığı Atat&uuml;rk olmasın?</p>\r\n\r\n<p><strong>ŞEYH SAİD VE SEYİT RIZA İLE DENİZ GEZMİŞ&#39;İ BİR TUTMAK</strong></p>\r\n\r\n<p>Heykelden haz etmeyen Demirtaş&#39;ın haz ettikleri, kahraman olarak g&ouml;rd&uuml;kleri de var elbette. &Ouml;rneğin şeriat i&ccedil;in ayaklanan Şeyh Sait. &Ouml;rneğin feodal, gerici Seyit Rıza. Cumhuriyet&#39;e karşı baş kaldıran, Mehmet&ccedil;iklerimizi şehit eden, k&ouml;y basan, yol kesen, mala m&uuml;lke el koyan feodalizm artıklarının kanuna aykırı bir şekilde idam edildiğini s&ouml;yl&uuml;yor: <em><strong>&ldquo;Şeyh Said ve Seyit Rıza, Cumhuriyetin ilk yıllarında, kanuna aykırı bir şekilde, evrensel hukuk ilkelerine aykırı bir şekilde, ahlaka ve vicdana aykırı bir şekilde idam edildiler.&rdquo;</strong></em></p>\r\n\r\n<p>Atat&uuml;rk&ccedil;&uuml; ge&ccedil;inip Demirtaş&#39;ın &ccedil;izgisini beğenenlere soralım: Şeyh Said&#39;i, Seyit Rıza&#39;yı kanuna aykırı bir şekilde idam eden kimdi dersiniz? Ahlaksız ve vicdansız olarak nitelendirdiği kimdi dersiniz? Atat&uuml;rk ve T&uuml;rkiye Cumhuriyeti&#39;ni kuran kadrolar, devrimci &ouml;nderlerimiz olmasın sakın? Yoksa Demirtaş&#39;ın su&ccedil;lu bulunarak aldığı h&uuml;km&uuml; g&ouml;rmezden geldiğiniz gibi, bunu da mı g&ouml;rmezden geliyorsunuz? Hatta Demirtaş, bunları Deniz Gezmiş&#39;le yan yana koymaktan geri durmuyor. Samsun&#39;dan Ankara&#39;ya Mustafa Kemal y&uuml;r&uuml;y&uuml;ş&uuml; yapan Deniz Gezmiş ile Şeyh Said ve Seyit Rıza&#39;yı yan yana koymasına da mı bir lafınız yok?</p>\r\n\r\n<p>Demirtaş, devam ediyor savunmasına: <em><strong>&ldquo;T&uuml;rk Tarih Kurumu ve T&uuml;rk tarih tezi, G&uuml;neş Dil Teorisi &uuml;zerine K&uuml;rt ve K&uuml;rdistan inkar edildi diye, kendine profes&ouml;r diyen şaklabanlar bunun kitabını yazdı diye, &#39;d&uuml;nyadaki b&uuml;t&uuml;n diller T&uuml;rk&ccedil;eden t&uuml;redi&#39; yazdı diye biz bunu kabul etmek zorunda değiliz.&rdquo;</strong></em></p>\r\n\r\n<p>Sizce Demirtaş&#39;ın hedef aldığı T&uuml;rk Tarih Kurumu&#39;nu kuran, T&uuml;rk tarih tezini ve g&uuml;neş dil teorisini teşvik eden, o şaklaban olarak nitelendirdiği profes&ouml;rleri oraya atayan Atat&uuml;rk&#39;&uuml;n kendisi olabilir mi? Demirtaş&#39;ın bu &ccedil;izgisini de beğendiniz mi? Kullandığı dilin h&acirc;l&acirc; yapıcı olduğunu d&uuml;ş&uuml;n&uuml;yor musunuz? Yoksa Atat&uuml;rk&ccedil;&uuml;l&uuml;k adı altında &ldquo;Selo&rdquo; g&uuml;zellemelerine devam edecek misiniz? Demirtaş&#39;ın neyi kabul edip etmeyeceği bizi ilgilendirmez. Ama siz bunları kabul edecek misiniz? Soru budur.</p>\r\n","hideAds":false,"createdDate":1563343024000,"updatedDate":1563343371000,"hitCount":2034,"active":true,"lastUpdaterIp":"188.114.103.90","hasEmbeddedTitle":false,"showOnHomePage":false,"currentUrl":"begendiginiz-cizgiyi-savunabilecek-misiniz-nadir-temeloglu-kose-yazilari-temmuz-2019"}]},"success":true}