{"data":{"totalCount":2,"author":{"id":131,"name":"Deniz Bilici","image":"2020/2/3/d8adbe34-4a66-4970-8b2e-9bffbe540c1d.jpg","authorType":"WEBSITE","emailAddress":"blc.deniz@gmail.com","twitter":"twitter.com/blc_deniz","facebook":"www.facebook.com/denz.blc","background":"","active":true,"socialImage":"","lastPublicationDate":1615402568943,"slugUrl":"deniz-bilici"},"contents":[{"id":236700,"title":"1 yıl böyle geçti: İşçinin salgınla imtihanı","contentType":"CORNER_POST","coverImage":"","coverCode":"","publicationDate":1615417200000,"tags":[],"intro":"","spot":"","body":"<p>Mart 2020’den itibaren salgın ülkemize resmen&nbsp;giriş yaptı. Hükümet de bulaşıyı önlemek adına bir dizi önlem aldı. Bunlar mekanların kapatılmasıyla başladı. Bazı işyerlerinin çalışmasını durdurması şeklinde devam etti. Hayat da büyük ölçüde durduğu için mecburiyetten çalışamaz duruma gelen işyerleri oldu. Bununla birlikte işten çıkarmalar da arttı. Çalışanlar buna tepki göstermeye başladı. Zaten mevcut bir krizin içindeyken salgın da buna tuz biber ekti. Hükümet de istihdamı korumak adına bir dizi önlem politikaları belirledi. Bunlar, işten çıkarma kısıtı, ücretsiz izin düzenlemesi ve kısa çalışma ödeneğine hak kazanmanın kolaylaştırılması oldu. Bu önlemler olumlu bir adım olsa da milyonlarca işçi, ücretsiz izin ödeneği ve kısa çalışma ödeneği ile en az yarı yarıya gelir kaybı yaşadı. Peki istihdam ne kadar korunabildi?</p><p>Mart ve nisanda işten çıkarmalar artınca 17 Nisan’da işten çıkarma yasağı yürürlüğe girdi. İlk etapta sadece İş Kanununun 25/2’de belirlenen ahlak ve iyi niyet kurallarına aykırılık harici işten çıkarmaya yasak getirildi. Fakat bunun kapsamı daha sonra genişletildi. Bazı tedbirlerin de gevşetilmesiyle birlikte, özellikle geçen yıl 1 Haziran’da başlayan normalleşme süreci ve sonrasında bu düzenlemeler elden geçirildi. İşçinin istifası, işverenin ahlak ve iyi niyet kurallarına aykırı davranması durumunda işçinin iş sözleşmesini tek taraflı feshi, Kod 29’lular olarak anılan işçinin ahlak ve iyi niyet kurallarına aykırılıktan işten çıkarılması ve işin sonlanması veya işyerinin kapanması durumunda işten çıkarma mümkün kılındı. İlk etapta 3 aylık alınan bu önlemler cumhurbaşkanı yetkisiyle uzatıldı. </p><h3>ÖNLEMLER İŞÇİYİ VURDU</h3><p>Bu önlemler başta çalışma hayatı uzmanları tarafından olumlu adımlar olarak değerlendirildi. Fakat 25/2’den işten çıkarma durumunu işverenin kendi lehine kullanabileceği konusunda uzmanlar ve sendikalar uyarılarda bulundu. Bu öngörü haklı da çıktı. İşverenler 25/2’den işçi çıkarmaya devam etti. Bu da tabii işçinin hakkını talep edememe durumunu ortaya çıkardı. İşçi ne ihbar ne kıdem tazminatını alabildi, ne de işsizlik ödeneği haklarına kavuşabildi. Tamamen ortada kaldı. Birçok işçi bu şekilde işten çıkarıldı. İşten çıkarma kısıtının kapsamı genişletildiğinde, işçi istifa etmek istemiyorsa bile işveren ikale sözleşmesi seçeneğini kullandı. İşçi ücretsiz izin tehdidine maruz kalarak ikale sözleşmesiyle; örneğin işçinin 30 bin lira alacağı oluşuyorsa işveren 15 bin-20 bin teklif ederek, işverenin istifayı dayattığı durumlar oluştu. Tabii işçinin istifası durumunda da işsizlik ödeneği hakkı ortadan kalktı. Bu durum işsizlik ödeneği başvurusu ve hak eden sayılarında da kendini gösterdi. </p><h3>İŞSİZLİK ÖDENEĞİ ALANLARIN&nbsp;SAYISI YARI YARIYA AZALDI</h3><p>İŞKUR’un verilerine göre;</p><p>2019’da toplamda 1 milyon 955 bin 41 kişi işsizlik ödeneğine başvurdu, 1 milyon 13 bin 56 kişi ödeneği almaya hak kazandı. </p><p>2020 verilerinde ise 1 milyon 510 bin 856 kişi başvuruda bulundu, ancak bunlardan yalnızca 509 bin 538’i ödeneği alabildi. </p><p>Yani 2019’da işsizlik ödeneğine başvuranların yarısından fazlası ödeneği almaya hak kazanırken 2020’de başvuranların yalnızca 3’te 1’i ödeneğe erişebildi. Bu da bize şunu gösteriyor; istifaya mecbur bırakılan ya da 25/2’den işten çıkarılanların sayısında artış yaşandı. Çünkü işsizlik ödeneğini hak etme kapsamının dışında kaldılar. </p><h3>İLK İKİ AY EN AZ 530 BİN KİŞİ İŞSİZ KALDI</h3><p>Mart ayında işten çıkarmalar başladığında önlemler devreye girmeden önceki durum da bu verilere yansıdı. Nisan ayında 220 bin 656 kişi işsizlik ödeneğine başvurdu, mayıs ayında da 308 bin 968 kişi başvuruda bulundu. Yani salgın etkisiyle 2 ayda en az 530 bin kişi işsiz kaldı.</p><h3>YAPTIRIM YETERSİZ KALDI</h3><p>Aslında işten çıkarma yasağı pratikte amacından saptı ve işçinin tazminatını alarak işten çıkarılmasının önüne geçildiği bir tablo yarattı. İşverenler özellikle son dönemde sendikal örgütlülüğün önüne geçmek için de bu yöntemlere başvurdu. İşçiler ya 25/2’den işten çıkarıldı ya da ücretsiz izne gönderildi. Bunun yanında işverene ceza da kesilmedi değil. Ama esas olan bunun önüne geçebilmekti. Çünkü brüt asgari ücret tutarındaki ceza, işverene geri adım attırmak için yaptırım sağlayabilecek boyutta değildi. </p><p>2020’de görünmez işsizlik de katbekat arttı fakat bu durum verilere yansımadığı gibi TÜİK’in dar tanımlı işsizlik verilerinde düşüş görüldü. Ancak umutsuzluk ve herhangi bir nedenle iş aramaktan vazgeçenlerin sayısı ikiye katlandı. </p><h3>İZİN, DENETİM, GEÇİNİLEBİLİR ÜCRET</h3><p>İşten çıkarma yasağında işçinin hak kaybı yaşamaması için iş akdinin işveren tarafından tek taraflı feshi durumu izne tabi olmalı ve sıkı denetim altında tutulmalı. İşverenin keyfi davranmasının önüne geçecek bir yaptırım uygulanmalı. İstihdam ancak bu şekilde gerçek anlamda korunabilir. Kısa çalışma ödeneğinden yararlanma koşulları tüm çalışanları kapsayacak şekilde gevşetilmeli ve işçinin hayatını idame ettirebileceği bir ücret düzeyine çekilmeli.</p><p>Öte yandan işten çıkarma kısıtı, ücretsiz izin ödeneği 17 Mayıs’a kadar uzatıldı. Ancak kısa çalışma ödeneği 31 Mart’ta sona eriyor. Uzatılmazsa birçok kişi ya işsiz kalacak ya da ücretsiz izne gönderilerek bir gelir kaybı daha yaşayacak.</p>","outro":"","hideAds":false,"createdDate":1615402568945,"updatedDate":1615402568945,"hitCount":206,"active":true,"lastUpdaterIp":"141.101.76.64","hasEmbeddedTitle":false,"showOnHomePage":false,"currentUrl":"1-yil-boyle-gecti-iscinin-salginla-imtihani-236700"},{"id":231784,"title":"Salgının sınıfsal ayrımı","contentType":"CORNER_POST","coverImage":"","coverCode":"","publicationDate":1612479600000,"tags":[],"intro":"","spot":"","body":"<p>Bir dizi somut olayı aktaracağım.</p><p>17 Nisan 2018’de dünya devi, ABD menşeli Cargill nişasta bazlı şeker (NBŞ) fabrikası, NBŞ kotasının düşürüldüğü gerekçesini öne sürerek, Tekgıda-İş Sendikası’nın fabrikada örgütlenmesine öncülük eden işçilerden 14’ünü işten çıkardı. NBŞ kotası öne sürülen bir gerekçeydi çünkü fabrika önceki yıllara oranla kârını artırarak üretime devam etti. Ayrıca şeker fabrikaları da NBŞ kotası yüzde 10’ken deyim yerindeyse ağlayan NBŞ üreticilerinin, yüzde 5’e düşürüldükten sonra hiç sesinin çıkmadığının altını çiziyor. Bu süreçte Cargill kâr etmeye devam ediyor. Fakat şeker fabrikaları zorda…</p><p>14 Cargill işçisinden dava açan 12’sini mahkeme haklı buldu. Sendikal nedenle işten çıkarıldıklarını tespit etti. Fakat işveren sendikal tazminatları işçilere ödeyerek aslında yine işçinin en doğal hakkını, yasaların da verdiği fırsatla, engellemiş oldu. Fakat Cargill işçileri, örgütlenmenin anayasal hak olduğu bilinciyle “Biz tazminat değil, işimizi istiyoruz. Sendikal örgütlülük hakkımız. Cargill’e sendika girecek” diyerek mücadele etmeye karar verdi. Önce Bursa’da faaliyet gösteren fabrikanın önüne çadır kuruldu. İşçiler aylarca burada yatıp kalktı. Ellerinden düşürmedikleri pankart verdikleri mücadelenin anlamını özetliyor: “Çocuklar iyi yaşasın diye, babalar direniyor.”</p><p>İşçiler daha sonra Cargill Genel Müdürlüğü’nün bulunduğu İstanbul Ataşehir’e yürüyerek geldi. Aylarca da burada yaşadılar. Daha sonra tekrar Bursa’daki çadırlarına dönen işçiler, bu kez Cargill’in müşterisi olan gıda firmalarının önüne giderek, yöneticilere seslendi. Herhangi bir gelişme olmadı.</p><h3>HAK ARAMAYA GÖZALTI</h3><p>Gel zaman git zaman; işçiler bu kez eylemlerinin 1000. gününde Tarım ve Orman Bakanlığı’nın kapısını çalmaya karar verdi. 11 Ocak 2021 Pazartesi günü, soluğu Ankara’da aldı. Fakat işçilerin Bakanlığa gitmesine izin verilmedi. Polis müdahale etti, gözaltına alındılar. Gece saatlerinde bırakıldılar. Geri dönmek için yola koyulduklarındaysa polis sokağa çıkma yasağı nedeniyle para cezası kesti. İşçilerin tüm bu mücadele sürecinde Cargill zaman zaman yazılı basın açıklamaları yaptı. Mahkeme sonuçlanana kadar gerekçesi “NBŞ kotası”ydı. Mahkeme sonucunda tazminatları ödeyince “Bu işçilerin bir alacağı yok, hakları ödendi” deyip kenara çekildi.</p><p>Zaten bu salgın dönemindeki para cezaları hep yoksulları, işçileri vurdu. Parası olan villasında partisini verdi. Sosyal medyada “Korona partisi” diye paylaştı. Herhalde “Cezası neyse öderim, n’olcak” dedi, arsızlığın dibine vurdu. Ama kağıt toplayarak geçimini sağlayan aylık gelirinden fazla ceza yedi. İşsiz işçiler olmayan gelirleriyle para cezasına maruz kaldı.</p><p><br></p><h3>AÇIKLAMA VİRÜS BULAŞTIRIR</h3><p>PTT’nin taşeron işçileri. Yaklaşık 15 bin kişiler. İşyükünün çoğu onlarda fakat maaşlar düşük, sosyal haklar yok. Örgütlenip 2019’da kendi sendikalarını kurdular. PTT-Sen ve PTT Kargo-Sen. Taşeron işçilerinin neredeyse yarısı bu iki sendikaya, işkoluna göre, üye oldu. Fakat taşeron firmaların yöneticileri sendika üyesi işçilere baskıya başladı. İşyerinde sürgün, ücretsiz izin, işten atma -yasağın hiç önemi yok, işveren yasaların kurdu, buluyor açığı-, tehditleriyle işçileri sendikadan istifaya zorladı. E-devlet şifrelerine kadar istendi. İstifa etmeyen ya ücretsiz izne gönderildi, ya da işten atıldı. Sözleşme süresi bitenin sözleşmesi yenilenmedi, işsiz bırakıldı. Anayasa, kanunlar umursanmadı; sendikanın genel başkanları, genel merkez yöneticileri, işyeri temsilcileri dahi işten atıldı. PTT işçileri de İstanbul ve İzmir’deki PTT bölge müdürlüklerinde direnişe başladı. 39 gün devam ettikleri bu eylemi, 40. günde Ankara’ya, PTT Genel Müdürlüğü önüne taşımaya karar verdiler. Fakat PTT’ye vardıklarında yaklaşık 30 işçiyi polis karşıladı. Salgın yasakları kapsamında açıklama yapmalarına izin verilemeyeceği gerekçesiyle müdahale yapıldı. İşçiler de Ulus Meydanı’nda açıklama yapmak zorunda kaldı.</p><p><img src=\"https://cdn.aydinlik.com.tr/file/aydinlik-bucket/raw/2021/2/5/e861ae9a-e307-4295-a635-dd6aac4cace4.jpeg\"></p><p><br></p><p><br></p><h3>DEDİĞİMİ YAP YAPTIĞIMI YAPMA</h3><p>Mazluma gelince; 15-30 kişilik işçi gruplarının açık havada maskeleriyle taleplerini dile getirmelerine izin verilmediğini anlattık.</p><p>Fakat salgın döneminin şu an içinde bulunduğumuz sürecinde kayak merkezleri açık; siyasi partiler kapalı salonlarda kalabalık etkinlikler yapmaya devam ediyor. Birçok örnek verilebilir fakat esasen hükümeti temsil eden Ak Parti’nin kendi bakanlarının yaptığı uyarılara nasıl uymadığını aktarmayı daha önemli buluyorum.</p><p>3 Şubat 2021 Çarşamba günü Anadolu Ajansı, Ak Parti’nin il ve ilçe kongrelerine ilişkin haber ve fotoğrafları geçti. Tarih ve mekanlarıyla yer veriyoruz. Görsellerde kapalı salonlarda kalabalıklarla yapılan toplantıları görüyorsunuz. Hatta bir Ak Parti Genel Başkan Yardımcısı, katıldığı bir il kongresinde, dışarıda bir grupla, bazılarının maskeleri indirilmiş olarak, oldukça yakın özçekim pozunu da veriyor. Aynı gün akşam saatlerinde Sağlık Bakanı Fahrettin Koca’nın tivitini okuyoruz: “Vaka sayısının yeniden artışa geçmesi daha fazla dikkatli davranmamızı gerektirmektedir. Hareketliliği artıracak, bir araya gelmeleri, toplanmaları sağlayacak her türlü ortamdan uzak duralım. Kapalı ve kalabalık yerlerden özellikle kaçınalım.”</p><p>Hükümet herhalde “Dediğimi yap, yaptığımı yapma” diyor.</p><p>Bu yazıda tabii işçi sınıfının salgın döneminde artan sorunlarından sadece birinden bahsettik. Bunu da belirtmeden noktalamış olmayalım.</p><p><img src=\"https://cdn.aydinlik.com.tr/file/aydinlik-bucket/raw/2021/2/5/da048933-0bf5-41c1-afae-b11cbf408a46.jpeg\"></p><p>AK Parti Artvin 7. Olağan İl Kongresi&nbsp;</p><p>Artvin Çoruh Üniversitesi Ali Nihat Gökyiğit Kongre ve Kültür Merkezinde yapıldı.</p><p><img src=\"https://cdn.aydinlik.com.tr/file/aydinlik-bucket/raw/2021/2/5/8344df47-21ef-4c0b-8804-33a01c609802.jpeg\"></p><p>Ak Parti Pendik 6. Olağan Kongresi, İstanbul Kurtköy Kapalı Spor Salonu'nda gerçekleştirildi.</p>","outro":"","hideAds":false,"createdDate":1612480372840,"updatedDate":1612480545815,"hitCount":364,"active":true,"lastUpdaterIp":"141.101.77.105","hasEmbeddedTitle":false,"showOnHomePage":false,"currentUrl":"salginin-sinifsal-ayrimi-231784-2"}]},"success":true}