{"data":{"totalCount":2,"author":{"id":89,"name":"Oğuz Turgay","image":"2019/11/27/2ea19c1a-715b-42f6-be30-09b1ad24cbab.jpg","authorType":"OLD","emailAddress":"turgayoguz@gmail.com","twitter":"","facebook":"","background":"","active":true,"socialImage":"","slugUrl":"oguz-turgay"},"contents":[{"id":100806,"title":"Troya'ya ağıt","contentType":"CORNER_POST","coverImage":"","socialMediaImage":"","publicationDate":1534827600000,"tags":[],"spot":"Mitolojik ayrıntılarıyla göz kamaştırıcı olduğu kadar sıra dışı kurgusuyla, inanılması zor, düşsel bir sinematografi sunuyor.","body":"<p>3 bin 200 yıl &ouml;nce, &#39;İlyada&#39; destanına konu olan Troya Savaşı (M&Ouml; 1184), Homeros&#39;un g&uuml;&ccedil;l&uuml; ve bir o kadar etkileyici dizeleriyle, modern zamanlara ulaşmış durumda. Mitolojik ayrıntılarıyla g&ouml;z kamaştırıcı olduğu kadar sıra dışı kurgusuyla, inanılması zor, d&uuml;şsel bir sinematografi sunuyor. Paris ve Helen&#39;in imkansız aşkı, Akhilleus&#39;un tarihe ge&ccedil;me arzusuna karşılık Hektor&#39;un halkını korumak uğruna g&ouml;sterdiği kahramanlık, Menelaos&rsquo;un gururuna karşılık Agememnon&#39;un t&uuml;kenmeyen zenginlik hırsı. Hileli bir zaferle, Troya&#39;nın bir kadın uğruna feda edilişi.</p>\r\n\r\n<p>S&ouml;zl&uuml; edebiyatın Antik &Ccedil;ağ&#39;daki en &ouml;nemli temsilcisi olan Homeros&#39;un, tanrılar, yarı-tanrılar ve insanlarla doldurduğu savaş alanında yaşanılanların, ger&ccedil;eklik y&uuml;zdesini bilmemekle beraber, ger&ccedil;ekliğini de &ccedil;ok sorgulamadığımız, zamansız bir mekandır &#39;Troya&#39;. 3 bin 200 yıl sonrasına, &ccedil;ağları atlayarak dağılmadan ulaşabilen, b&ouml;ylesine diren&ccedil;li bir destan; her zaman dinlenmeyi, izlenmeyi ve anlatılmayı hak ediyor.</p>\r\n\r\n<p><strong>D&Uuml;NYA PR&Ouml;MİYERİ &#39;TROYA&#39; TOPRAKLARINDA</strong></p>\r\n\r\n<p>Troya, s&uuml;rd&uuml;r&uuml;lebilir varlığını fiilen sağlayamamış olsada, &#39;Priamos Hazinesi&#39;ni bulma umuduyla &Ccedil;anakkale&#39;nin yolunu tutan Heinrich Schliemann tarafından, masalsı varlığını ger&ccedil;eğe d&ouml;n&uuml;şt&uuml;rd&uuml;. Bu tescilli ger&ccedil;eklik, 1998 yılında UNESCO tarafından kabul edilerek D&uuml;nya K&uuml;lt&uuml;r Mirası Listesi&#39;ne eklendi. K&uuml;lt&uuml;r ve Turizm Bakanlığı, Troya Antik Kenti&#39;nin kabul edilmesinin 20. yılını &#39;2018 Troya Yılı&#39; olarak ilan etti. &Ccedil;anakkale Belediyesi tarafından 1963 yılında ilki d&uuml;zenlenen Uluslararası Troia Festivali&#39;nin 55&#39;inci yılınında denk geldiği etkinlikler kapsamında, Homeros&#39;un &ouml;l&uuml;ms&uuml;z edeb&icirc; anlatısının ardından, &#39;Troya Yılı&#39;na &ouml;zel, iki sanatsal &ccedil;alışma, d&uuml;nyaca &uuml;nl&uuml; iki T&uuml;rk besteci tarafından d&uuml;nya repertuvarına kazandırıldı.</p>\r\n\r\n<p>Fazıl Say &#39;Truva Sonatı&#39; adlı yapıtını Troya&#39;da ilk kez seslendirirken, Tevfik Akbaşlı&#39;nın bestelediği &#39;Troya Efsanesi Operası&#39;da d&uuml;nya pr&ouml;miyerini, ait olduğu yerde, Troya topraklarında ger&ccedil;ekleştirdi. Bu ayrıcalığın bir par&ccedil;ası olmak benim i&ccedil;in gurur vericiydi. &Uuml;nl&uuml; besteci Tevfik Akbaşlı&#39;nın hazırladığı yapıt, yedi ay gibi kısa bir s&uuml;rede tamamlanmış, bu s&uuml;re&ccedil; i&ccedil;erisinde eş zamanlı olarak Işık Noyan tarafından librettosu yazılmış, Ayta&ccedil; Manizade tarafından sahne &ccedil;alışmaları s&uuml;rd&uuml;r&uuml;lm&uuml;ş, Murat Cem Orhan şefliğinde koro ve solistler par&ccedil;aları hazırlamıştı.</p>\r\n\r\n<p><strong>ARMONİK KALİTE VE BAŞARILI YORUM</strong></p>\r\n\r\n<p>Olumsuz sahne atmosferi, teknik olarak kısıtlı imkanları ve minimalist sahneleme anlayışıyla ortaya konulmuş bu sahne yapıtının eleştirisini, salon performansını izlemeden yapmak haksızlık olur. Elbette &#39;b&uuml;t&uuml;nl&uuml;k&#39; bir sahne yapıtı i&ccedil;in &ccedil;ok &ouml;nemli. Ama bir sahne yapıtının başarısını belirleyen en &ouml;nemli fakt&ouml;rler bestecinin yakaladığı armonik kalite ve opera solistlerinin başarılı yorumlarından ge&ccedil;mekte.</p>\r\n\r\n<p>&#39;T&uuml;rk Beşlileri&#39;, Anadolu&#39;nun geleneksel T&uuml;rk ezgilerini, klasik m&uuml;ziğin evrensel diliyle harmanlayarak yeni bir form yakalamıştı. Bu noktadan hareketle; &#39;Troya Efsanesi Operası&#39;nda pozitif anlamda dikkatimi en &ccedil;ok &ccedil;eken ayrıntı, Anadolu uygarlığı olan Troya&#39;nın anlatımında bu yaklaşımın benimsenmiş olmasıdır. Tevfik Akbaşlı&#39;nın ruhumuza değen Anadolulu notalarına, Işık Noyan&#39;ın neredeyse kusursuz prozodi ile kazandırdığı libretto dikkatleri &ccedil;ekerken, Gamze Kuş imzalı kost&uuml;mler d&ouml;nemin ruhuna uygun.</p>\r\n\r\n<p>Anadolu vatanseverliği ve Prens Hektor&#39;un kahramanlığı &uuml;zerine kurgulanan &#39;Troya Efsanesi Operası&#39;nda; &#39;Prens Hektor&#39; rol&uuml;nde deneyimli sanat&ccedil;ı B&uuml;lent K&uuml;lek&ccedil;i başarısını per&ccedil;inliyor. &Ouml;zgecan Gen&ccedil;er &#39;Helen&#39; rol&uuml;nde &ccedil;izgisini korurken, &#39;Paris&#39; rol&uuml;nde Can Reha G&uuml;n ona eşlik ediyor. Utku Bayburt ( Menelaos), G&ouml;ktuğ Alpaşar (Agamemnon), Ali Murat Ereng&uuml;l (Akhilleus), Otilia İpek (Andromakhe), Sezin D&uuml;zci (Cassandra), Altuğ Dilma&ccedil; (Priamos) ve Elif Tuğba Tekışık (Hekabe) gibi deneyimli opera sanat&ccedil;ıların yanı sıra yeni mezun ve &ouml;ğrencilerden oluşan kadrosu g&ouml;z doldururken, solist se&ccedil;imlerindeki başarı, kalibresi y&uuml;ksek kolektif bir başarı ortaya koyuyor.</p>\r\n","hideAds":false,"createdDate":1534727240000,"updatedDate":1535273623000,"hitCount":1945,"active":true,"lastUpdaterIp":"141.101.105.241","hasEmbeddedTitle":false,"showOnHomePage":false,"currentUrl":"troya-ya-agit-oguz-turgay-kose-yazilari-agustos-2018"},{"id":128394,"title":"Şili kıyılarında şiir rüzgarı","contentType":"CORNER_POST","coverImage":"","socialMediaImage":"","publicationDate":1366621200000,"tags":[],"spot":"Şiir, kim kullanıyorsa onundur diye düşündüm...\r\n\r\nŞiir, kim kullanıyorsa onundur diye düşündüm...\r\n\r\n","body":"<p>G&uuml;zel bir perşembe akşamı, keyifli bir vapur seferinin ardından, oyunun sahneleneceği İBB Şehir Tiyatroları Haldun Taner Sahnesi&#39;ne ulaştım. Ragıp Yavuz y&ouml;netiminde, Aziz &Ccedil;alışlar &ccedil;evirisi ile sahnelenen, Şilili yazar Antonio Skarmeta&#39;nın &uuml;nl&uuml; yapıtı &#39;Ateşli Sabır &ndash; Postacı&#39; ile Şili sahillerine davetliydim. Bir balık&ccedil;ı kasabasında yaşayan, d&uuml;nyaca &uuml;nl&uuml; Nobel &ouml;d&uuml;ll&uuml; Paplo Neruda ile hayatına tesir ettiği postacı Mario Jimenez arasında ge&ccedil;enlere tanık oldum.</p>\r\n\r\n<p>70&#39;ler Şili&#39;sinin sahil kasabasında başlayan hikaye, d&ouml;rt yıllık kısa ve &ouml;nemli bir Şili tarih&ccedil;esini de i&ccedil;ermekte. Hikayenin ge&ccedil;tiği yer g&ouml;z &ouml;n&uuml;ne alındığında, zemini kaplayan &ccedil;akıltaşları, balık&ccedil;ı ağlarından oluşturulmuş ev dekorasyonu, ışık, ses ve g&ouml;rsel efekt ile zenginleştirilmiş sahne tasarımı, b&uuml;t&uuml;nleyici ve başarılı bir sonu&ccedil; ortaya &ccedil;ıkartmış. Sizi bir anda, sıcak bir sahil kenarında, Pablo Neruda&#39;nın enfes şiirlerinin eşliğinde, yumuşak bir huzur duygusunun sarmaladığını hissedebilirsiniz.</p>\r\n\r\n<p>İstanbul Devlet Tiyatrosu kadrosunda olmasına rağmen, iyi ki de bu yapımda yer almış, iyi ki de karşımıza &#39;Pablo Neruda&#39; olarak &ccedil;ıkmış olan Levend &Ouml;ktem&#39;i profesyonelliği, &#39;Donna Rosa&#39; karakterine hayat veren Ayşeg&uuml;l İşsever&#39;e de, &ouml;ne &ccedil;ıkan doğal oyunculuğu nedeniyle ayrıca bir parantez a&ccedil;mak istiyorum.</p>\r\n\r\n<p>Oyuncu kost&uuml;mlerinde geleneksel latin modasını g&ouml;zlemlemek ve geleneksel latin m&uuml;ziklerinin kulağımıza tanıdık gelen seslerini duymak hikayenin ger&ccedil;ekliğine katkı sunarken, bu durum dramaturgun da işini iyi yaptığının bir g&ouml;stergesi.</p>\r\n\r\n<p>Şiirin b&uuml;y&uuml;leyici etkisinin y&uuml;ksek olduğu ve geniş kitlelere ulaştığı zamanlardan bir kesit niteliği taşıyan oyun, şiirsel hisseden t&uuml;m tiyatro takip&ccedil;ilerine, sıkılmadan ge&ccedil;irilecek keyifli bir zaman dilimi sunuyor.</p>\r\n\r\n<p>&nbsp;</p>\r\n\r\n<p><strong>Ateşli Sabır - Postacı</strong></p>\r\n\r\n<p>Yazan: Antonio Skarmeta</p>\r\n\r\n<p>&Ccedil;eviren: Aziz &Ccedil;alışlar</p>\r\n\r\n<p>Y&ouml;neten: Ragıp Yavuz</p>\r\n\r\n<p>Dramaturg: Ragıp Yavuz</p>\r\n\r\n<p>Sahne Tasarımı: Barış Din&ccedil;el</p>\r\n\r\n<p>Kost&uuml;m Tasarımı: Canan G&ouml;knil</p>\r\n\r\n<p>Işık Tasarımı: Kemal Yiğitcan</p>\r\n\r\n<p>Ses - G&ouml;rsel Efekt Tasarmı: Ersin Avşar</p>\r\n\r\n<p>Koreografi: Yasemin Gezgin</p>\r\n\r\n<p>Oyuncular: Levend &Ouml;ktem, Mert Turak, Ayşeg&uuml;l İşsever, Derya &Ccedil;etinel</p>\r\n","hideAds":false,"createdDate":1560307099000,"updatedDate":1560307178000,"hitCount":291,"active":true,"lastUpdaterIp":"162.158.89.62","hasEmbeddedTitle":false,"showOnHomePage":false,"currentUrl":"sili-kiyilarinda-siir-ruzgari-oguz-turgay-kose-yazilari-nisan-2013"}]},"success":true}