{"data":{"totalCount":2,"author":{"id":173,"name":"Devrim Küfteoğlu","image":"2020/2/14/b6ce1139-9353-4d56-a1f8-a0071e4ff5f7.jpg","authorType":"WEBSITE","emailAddress":"devrimkufteoglu@gmail.com","twitter":"","facebook":"","background":"","active":true,"socialImage":"2020/2/14/3ae05792-cfd6-4350-b096-aefd17f36db0.jpg","lastPublicationDate":1581662844016,"slugUrl":"devrim-kufteoglu"},"contents":[{"id":200816,"title":"Kiralık sevgililer (2)","contentType":"CORNER_POST","coverImage":"","coverCode":"","publicationDate":1581662820000,"tags":[],"intro":"","spot":"","body":"<p>Sabah İstiklal'den işime gelirken;</p><p>Kiracıları sırada gördüm.</p><p>Çiçek alanlar,</p><p>Gül alanlar,</p><p>Motosikletlere güller yükleniyordu.</p><p>Bugün 14 Şubat kira ödeme günüydü...</p><p>Benim için o,</p><p>En güzel Çiçek,</p><p>En güzel Gül,</p><p>O daha güzel.</p><p>O benim için hep 14 Şubat.</p><p>Ve hep öyle kalacak…</p>","outro":"","hideAds":false,"createdDate":1581662844017,"updatedDate":1581777463517,"hitCount":305,"active":true,"lastUpdaterIp":"162.158.19.49","hasEmbeddedTitle":false,"showOnHomePage":false,"currentUrl":"kiralik-sevgililer-2-200816-1"},{"id":200814,"title":"Kiralık sevgililer","contentType":"CORNER_POST","coverImage":"","coverCode":"","publicationDate":1581576300000,"tags":[],"intro":"","spot":"","body":"<p>14 Şubat'ta mı aklına geldi?</p><p>Kira zamanı geldi;</p><p>Ödemeye başlıyor insanlar,</p><p>Kimi teneke yüzükle,</p><p>Kimi tek taş pırlantayla,</p><p>Kimi bir takım iç çamaşırıyla,</p><p>Kimi kolye…</p><p>Birde çok çiçek alınırmış.</p><p>Bunlar hep erkeğe düşer.</p><p>Ben sevdiğim kadının resmini,</p><p>Göz kapaklarıma çizerim; kirpiklerimle...</p><p>Gözlerimi kapattığımda hep onu görürüm.</p><p>Huzura ererim.</p><p>Soru; 365 gün onun için ne yaptın?</p><p>Nelerden vazgeçtin?</p><p>Onun için neyi kabul ettin?</p><p>Sırf onun için nelerden vazgeçtin?</p><p>Eğer bunlara yanıt verebilirsen&nbsp;</p><p>Sen kiralık sevgili değilsin!</p><p>Yılın 14 Şubatında,</p><p>Kış ile vedalaşırken,</p><p>Baharla kucaklaşırken,</p><p>İşte sen kiralık sevgili değilsin!</p><p>Bunları anlayabiliyorsan...</p><p>Söyledim ve söylemeye devam edeceğim...</p><p>Seni...............................</p>","outro":"","hideAds":false,"createdDate":1581662771538,"updatedDate":1581662771538,"hitCount":185,"active":true,"lastUpdaterIp":"172.69.55.80","hasEmbeddedTitle":false,"showOnHomePage":false,"currentUrl":"kiralik-sevgililer-200814"}]},"success":true}