{"data":{"totalCount":7,"author":{"id":79,"name":"Hüsnü Uçar","image":"2019/11/27/7e32c151-07cc-4451-919c-03fc57310fc7.jpg","authorType":"OLD","emailAddress":"","twitter":"","facebook":"","instagram":"","youtube":"","background":"","active":true,"socialImage":"","lastPublicationDate":1492558800000,"slugUrl":"husnu-ucar"},"contents":[{"id":46722,"title":"Kızlık zarı üzerine 1","contentType":"CORNER_POST","coverImage":"","socialMediaImage":"","publicationDate":1492558800000,"tags":[],"spot":" 'Genç  bayanlarda ilk cinsel birleşme oluncaya kadar varlığını sürdüren vajen girişindeki ince zara 'kızlık zarı' denir'","body":"<p>&nbsp;Gen&ccedil;&nbsp;bayanlarda ilk cinsel birleşme oluncaya kadar varlığını s&uuml;rd&uuml;ren vajen girişindeki ince zara &ldquo;kızlık zarı&rdquo; denir.</p>\r\n\r\n<p>Bu konuda beyin jimnastiği yapmadan &ouml;nce, &ccedil;ok ge&ccedil;mişte yaşadığım bir anımı paylaşmak istiyorum. Sadece gen&ccedil; kızların eğitim g&ouml;rd&uuml;ğ&uuml; sağlık meslek lisesinde cinsel eğitim semineri veriyordum. K&uuml;&ccedil;&uuml;k kağıtlara yazılarak gelen sorulardan bazıları olduk&ccedil;a ilgin&ccedil;ti. &ldquo; Abim veya babamdan sonra banyoya girmemin bir tehlikesi var mıdır?..&nbsp; Bisiklete binmemizin bir sakıncası var mıdır? &rdquo; Bu soruların altında yatan korkuyu kolayca tahmin edebilirsiniz. Ya bisiklete binerken kızlık zarı yırtılıverirse.</p>\r\n\r\n<p>Ne yazık ki kızlık zarı tarih boyunca bir&ccedil;ok gen&ccedil; kızın başına bela olmuştur. Anaerkil kuralların egemen olduğu ilkel kom&uuml;nal toplumlarda zar ş&uuml;phesiz ki hi&ccedil;bir &ouml;nem taşımazdı. Aynı şekilde 18- 19. Y&uuml;zyıla kadar ilkel kom&uuml;nal yaşamı s&uuml;rd&uuml;ren Amazon, Afrika veya Okyanusya yerlilerinde de bekaretin &ouml;nemi yoktu. Ama k&ouml;leci ve feodal toplumlarda erkeklerin &uuml;retim ara&ccedil;larına sahip olmasıyla beraber erkek egemen değer yargıları yerleşmiştir. B&ouml;ylece bekaret yani kızlık zarı toplumsal ve dinsel olarak &ouml;nem kazanmıştır.</p>\r\n\r\n<p>Hele hele sahtekarca davranışların &ccedil;ok yaygın olduğu g&uuml;n&uuml;m&uuml;z kapitalist yaşamında, evleninceye kadar her t&uuml;rl&uuml; ilişkiyi yaşayan bir&ccedil;ok erkek i&ccedil;in bu zar nasılsa &ccedil;ok &ouml;nemli oluyor. B&ouml;ylece bekaret zarı bir gen&ccedil; kızın, ailesinin, s&uuml;lalesinin, hatta mahallesinin namusu olarak kabul edilir. Adeta zar &uuml;zerinde gen&ccedil; kızdan başka herkesin s&ouml;z ve karar hakkı vardır.</p>\r\n\r\n<p>Oysa bir gen&ccedil; kız sa&ccedil;ını veya tırnağını ister kestirir isterse kestirmez. Yetki ve sorumluluk o gen&ccedil; kızındır. Yetki&nbsp; ve sorumluluk o gen&ccedil; kızındır. İşte aynı şekilde kızlık zarı konusunda da karar ve yetki o gen&ccedil; kızın olabilmelidir. Ancak ne yazık ki bir&ccedil;ok zaman olamıyor. Ve hatta bir&ccedil;ok zamanda bu zar bir&ccedil;ok gen&ccedil; kızın başının belası, kabusu oluyor.</p>\r\n\r\n<p>Hilal şeklinde, ince ve k&uuml;&ccedil;&uuml;k bir zara sahip olduğu i&ccedil;in evlendiğinde ilk cinsel ilişki olduğunda kanama olmazsa &ccedil;ok b&uuml;y&uuml;k sorunlar ortaya &ccedil;ıkabiliyor. Bu durumu kızın bakire olmadığının yani kadın olduğunun, bir diğer deyişle &ldquo;kullanılmış(?)&rdquo; olduğunun bir kanıtı olarak değerlendirenlerden bazıları cinayet bile işleyebiliyor. Bazen de b&uuml;t&uuml;n s&uuml;lale toplanarak- muhtemelen daha medeni olanlar (?) su&ccedil;lu adayı gen&ccedil; kızın ger&ccedil;ekten bakire olup olmadığını anlamak i&ccedil;in doktora g&ouml;t&uuml;rebiliyorlar. Muayene sonucunda da bakire olduğu anlaşılınca gen&ccedil; kız beraat ediyor. Daha sonra da mutlu ve mesut (?) bir evliliğe başlayabiliyor.</p>\r\n\r\n<p>&nbsp;Bir&ccedil;ok insana g&ouml;re bir gen&ccedil; kızın en değerli hazinesi bekaretidir. Kadını alınıp satılan bir mal gibi kabul eden kafa yapısındakiler i&ccedil;in bir kadının aklı, zekası, eğitimi k&uuml;lt&uuml;r&uuml; ve mesleği hi&ccedil; &ouml;nemli değildir. Zar en değerli hazinedir.</p>\r\n","hideAds":false,"createdDate":1492558966000,"updatedDate":1520388326000,"hitCount":17315,"active":true,"lastUpdaterIp":"46.196.51.86","hasEmbeddedTitle":false,"showOnHomePage":false,"currentUrl":"kizlik-zari-uzerine-1-husnu-ucar-kose-yazilari-nisan-2017"},{"id":41973,"title":"Cinsel organ büyütülür mü?","contentType":"CORNER_POST","coverImage":"","socialMediaImage":"","publicationDate":1489443600000,"tags":[],"spot":"","body":"<p>Spor yaparken g&ouml;rd&uuml;ğ&uuml;m bazı bayağı&nbsp;TV&nbsp;kanalları var. Bu TV&nbsp;kanallarında farklı farklı konularda bol miktarda ila&ccedil; reklamı var. &Ouml;rneğin depresyon i&ccedil;in psikiyatritlere gitmeye ve antidepresif kullanmaya hi&ccedil; gerek yokmuş. &Ccedil;ınar yaprağı veya maydanoz yağı ile hemencecik iyileşmek m&uuml;mk&uuml;nm&uuml;ş. Beni en &ccedil;ok g&uuml;ld&uuml;ren ise erken boşalma sorunu ile ilgili g&uuml;ya y&uuml;zde y&uuml;z bitkisel ve &uuml;niversiteden onaylı raporu olan bir ila&ccedil; reklamıydı.</p>\r\n\r\n<p>Oysa ,ger&ccedil;ekte erken boşalma rahatsızlığı ciddi bir sorundur. B&ouml;ylesi rahatsızlığı olanların %15 - 20 sinde organik bir neden vardır. &Ouml;rneğin; damarlardan ileri gelen bir rahatsızlık olabilir ki tedavisi i&ccedil;in operasyon veya protez uygulaması bile gerekli olabilir.Ancak erken boşalma vakalarının b&uuml;y&uuml;k bir &ccedil;oğunluğu psikoloji ile ilgilidir. Ger&ccedil;ekten de bir kişinin kafasının i&ccedil;i rahat değilse penisinin fonksiyonunda &ccedil;ok &ccedil;eşitli arızalar olabilir.Sonu&ccedil; olarak b&ouml;ylesi bir rahatsızlıkta ilk&ouml;nce bir &uuml;roloji uzmanına gidilir ve nedeninin anlaşılması i&ccedil;in &ccedil;ok &ccedil;eşitli tetkikler yapılabilir.Ancak organik bir rahatsızlık yoksa kişinin psikiyatriste gitmesi gerekir.</p>\r\n\r\n<p>Şimdi erken boşalma ile ilgili bitkisel ilaca gelelim;</p>\r\n\r\n<p>Reklama g&ouml;re bu rahatsızlığın hangi nedenle ortaya &ccedil;ıktığı hi&ccedil; &ouml;nemli değil. Garantili iyileştiriyormuş. Yani adamlar TV&#39;den yalan mı s&ouml;yleyecek? Esas değeri 300 TL iken 99 TL&#39;ye d&uuml;şm&uuml;ş. İlk anda bu fırsat insana &ccedil;ok cazip gelebilir.Ancak fiyatı neye g&ouml;re 300 TL? Yani bir kutusu 300 TL olan acaba hangi bitkiler olabilir? Ben b&ouml;ylesine pahalı bitkiyi bilmiyorum.Siz biliyor musunuz veya duydunuz mu?</p>\r\n\r\n<p>TV&#39;de g&uuml;ya ilacı kullanmış kişilerin konuşmaları var. &Ccedil;ok memnun kalmışlar. Bazı yan etkileri varmış. Penisin biraz daha kalınlaşmasınına ve b&uuml;y&uuml;mesine neden oluyormuş.Eh, bizim &uuml;lkemizde penisinin biraz daha b&uuml;y&uuml;k olmasını arzu etmeyen var mıdır(!) Paranoid depressiflik bizim halkımızın kollektif &ouml;zelliğidir.Tabii ki ilk anda kimse inanmaz. Ama i&ccedil;imizdeki aklıevvel&nbsp;&#39;&#39;ya tutarsa, ya hakikaten b&uuml;y&uuml;rse&#39;&#39; diye itiraz eder ve beraberinde &#39;&#39;hem ne kaybedeceğim ki, nihayetinde 99 TL.Ama ya olursa&#39;&#39; d&uuml;ş&uuml;nceleri gelişir.Sonu&ccedil; olarak i&ccedil;indeki aklıevvelin&nbsp;etkisinde kalan bazı insanlar bu ila&ccedil;ları alıyor.Yani hi&ccedil; alan olmasa bu reklamlar devam etmez.</p>\r\n\r\n<p>Bu konuyu bilimsel olarak ele alırsak;D&uuml;nya&#39;da nedenini &ouml;nemsemeden t&uuml;m erken boşalmaları halleden, penisi kalınlaştıran ve b&uuml;y&uuml;ten bir ila&ccedil; yoktur.Erken boşalma da nedenine bağlı olarak bazen &uuml;rolojinin bazen de psikiyatrinin işidir.Aziz Nesin&#39;in T&uuml;rk halkının zeka d&uuml;zeyi ile ilgili espirisini g&ouml;z &ouml;n&uuml;nde bulundurduğumuzda ;Acaba uyduruk bitkisel hapları reklamlar ile satanlar mı aptal yoksa alanlar mı? Veya &uuml;lkemizde b&ouml;ylesi aptallıklara g&ouml;z yumanlar mı?</p>\r\n\r\n<p><br />\r\n&nbsp;</p>\r\n\r\n<p><br />\r\n&nbsp;</p>\r\n\r\n<p><br />\r\n&nbsp;</p>\r\n","hideAds":false,"createdDate":1489451648000,"updatedDate":1489531115000,"hitCount":8955,"active":true,"lastUpdaterIp":"95.7.175.10","hasEmbeddedTitle":false,"showOnHomePage":false,"currentUrl":"cinsel-organ-buyutulur-mu"},{"id":38226,"title":"Aşağılık kompleksi","contentType":"CORNER_POST","coverImage":"","socialMediaImage":"","publicationDate":1487025960000,"tags":[],"spot":"","body":"<p>&nbsp;Karım ile beraber deniz kıyısına doğru gidiyorduk. Sağımızda solumuzda sayfiye evleri vardı. Ger&ccedil;i ev kelimesi pek uygun olmuyor. Saray yavrusu k&ouml;şkler demek daha doğru olur. Bir s&uuml;re bu sarayımsı evleri seyrettikten sonra eşim bana &ccedil;ok hoş bir soru sordu.</p>\r\n\r\n<p>- &quot;H&uuml;sn&uuml;, insanlar neden b&ouml;ylesine b&uuml;y&uuml;k evleri alırlar ki ?&quot;</p>\r\n\r\n<p>&nbsp;&Uuml;zerinde d&uuml;ş&uuml;n&uuml;lmesi gereken bir soru. İnsanlar neden b&uuml;y&uuml;k evleri alırlar? Karı koca ve hadi &ccedil;ocuklar da olsun. Hadi hadi aile b&uuml;y&uuml;kleri de olsun. 3-4 katlı ve en az 15 odalı bir evde oturmanın mantığı nedir? Aynı şekilde beyin jimnastiği yapmaya devam edersek, insanlar neden &ccedil;ok l&uuml;ks ve b&uuml;y&uuml;k arabalar alırlar? Bir&ccedil;ok zaman, kişi tek başına işine gidip gelecek, bilemedin hafta sonu &ccedil;ocuklar ile gezmeye gidilecek. G&uuml;nl&uuml;k kullanım i&ccedil;in siyah renkli, d&ouml;rt &ccedil;eker ve &ccedil;ok kocaman arabanın ne gereği var? Aynı şekilde, ne sebeple bazı insanlar kocaman 3-4 katlı motoryat sahibi olurlar?</p>\r\n\r\n<p>&nbsp;22 metrelik bir motoryat sahibi ile konuşuyordum. Tekneye genellikle ka&ccedil; kişi bindiklerini sordum. &quot;&Ccedil;oğunlukla ben, karım ve kaptan oluyoruz&quot; dedi . Peki, acaba teknede ka&ccedil; yatak odası var? Teknede 6 yatak odası varmış. &Uuml;&ccedil; kişi i&ccedil;in kocaman bir gemicik tabii ki pek mantıklı değil. Kişiye b&ouml;ylesine b&uuml;y&uuml;k bir tekneyi neden aldığını sordum. Adam derin bir nefes aldı ve salaklığına mantıklı bir gerek&ccedil;e bulunabilir mi diye d&uuml;ş&uuml;nd&uuml; ve sonra vazge&ccedil;ip doğruyu s&ouml;yledi: &quot;hırs yaptım&quot; dedi. Peki nasıl hırs olmuş?&nbsp; &quot;Daha &ouml;nce 12 metrelik gayet g&uuml;zel bir motoryatım vardı. Mikanos&#39;a gitmiştim. Bir de baktım ki orada bağlı tekneler arasında en k&uuml;&ccedil;&uuml;k olan benimki. İşte b&ouml;ylece hırs yaptım ve bu tekneyi aldım.&quot; Bu a&ccedil;ıklama son derece doğru, mantıklı ve ger&ccedil;ek&ccedil;i bir a&ccedil;ıklamadır. Tabii ki, bu kişinin hırs diye ifade ettiği duyguya biz psikiyatristler aşağılık kompleksi deriz. Aslında her insanda aşağılık ve &uuml;st&uuml;nl&uuml;k kompleksi bir arada ve beraberce vardır. Ancak bazı insanlarda biri ve bazılarında da diğeri diğeri daha g&uuml;&ccedil;l&uuml;d&uuml;r. Yani herkesin i&ccedil;indeki bu aşağılık ve &uuml;st&uuml;nl&uuml;k duygusu diyalektikteki zıtların birliği ilkesi uyarınca karşılıklı bir denge i&ccedil;indedir. Eğer ki, aşağılık kompleksi daha bir &ouml;n plana &ccedil;ıktıysa kişi kendisini beceriksiz, zavallı, g&uuml;&ccedil;s&uuml;z ve zayıf hisseder. 12 metrelik motoryat i&ccedil;inde ilk hissedilen duygu budur. Sonu&ccedil; olarak 22 metrelik o motoryat i&ccedil;inde kişi kendisini daha g&uuml;&ccedil;l&uuml; hissediyor.</p>\r\n\r\n<p>&nbsp;Karı koca ve iki &ccedil;ocuk ile beraber&nbsp; 15 odalı bir saray yavrusunda yaşamanın mantığı da aynısıdır. Veya her g&uuml;n kocaman bir ara&ccedil; kullanmanın gerek&ccedil;esi de farklı değildir. Araba insanın bir yerden başka bir yere gitmesi i&ccedil;in bir ara&ccedil;tır. Ancak arabanın esas g&ouml;revi aslında sadece bu değildir. Bu gibi konularda sohbet ederken bir arkadaşım &ccedil;ok hoş bir espiri yapmıştı. &quot; Eh, ne yapsınlar yani diğer insanlara c&uuml;zdanlarını a&ccedil;ıp, paralarını g&ouml;stere g&ouml;stere dolaşmaları m&uuml;mk&uuml;n değil &quot; demişti. Tabii ki bu espiri &ccedil;ok doğruydu. Arabanın da, 22 metrelik motoryatın da en &ouml;nemli g&ouml;revi o kişinin &ccedil;evreye zengin olduğunu g&ouml;stermesidir. B&uuml;y&uuml;k araba ile yolculuk edince, b&uuml;y&uuml;k evde yaşayınca ve b&uuml;y&uuml;k odalarda b&uuml;y&uuml;k masaların arkasına oturunca kişi kendisini daha b&uuml;y&uuml;k, g&uuml;&ccedil;l&uuml; ve &uuml;st&uuml;n hisseder. Ancak bu s&uuml;re&ccedil; bitmeyen bir senfoni gibidir. 12 metrelik bir motoryat yerine 22 metrelik bir gemicik bug&uuml;n i&ccedil;in size yeterli gelebilir. Ama yarın bu da yetmeyebilir. Muhakkak ki yetmeyecektir. Eee, peki o zaman nap&ccedil;az ?</p>\r\n","hideAds":false,"createdDate":1487026081000,"hitCount":4778,"active":true,"lastUpdaterIp":"46.196.51.86","hasEmbeddedTitle":false,"showOnHomePage":false,"currentUrl":"asagilik-kompleksi"},{"id":33653,"title":"Tek eşlilik mi?","contentType":"CORNER_POST","coverImage":"","socialMediaImage":"","publicationDate":1484006400000,"tags":[],"spot":"","body":"<p>&nbsp;&nbsp; Benim k&uuml;&ccedil;&uuml;k bir k&ouml;peğim var.2 aylık iken almıştım. Bu k&ouml;peğe iki kemik verirsem birini yer diğerini de minderlerin altına saklar. K&ouml;peğin bu davranışı başka bir k&ouml;pekten g&ouml;rerek &ouml;ğrenmesi m&uuml;mk&uuml;n değil. Onu aldığımda hen&uuml;z &ccedil;ok k&uuml;&ccedil;&uuml;kt&uuml;. &Ouml;yleyse k&ouml;peğimin bu davranışı nereden kaynaklanıyor? Bence genlerinden kaynaklanıyor. Demek ki k&ouml;peğimde genler ile aktarılan &ccedil;eşitli davranışlar olabiliyormuş. O zaman insanlarda da bir&ccedil;ok davranışın genler ile aktarılması olabilmelidir. Eğer ki insanların genetiğinde &ccedil;ok eşlilik var ise ka&ccedil;ınılmaz olarak&nbsp; tek eşli evlilikler y&uuml;r&uuml;meyecektir. Veya y&uuml;r&uuml;yecektir ama bol miktarda da evlilik dışı ilişkiler olacaktır.</p>\r\n\r\n<p>&nbsp;&nbsp; Nitekim g&uuml;n&uuml;m&uuml;zdeki insanlarda da poligami veya poliandri hi&ccedil;de az değildir. Zaten tek eşlilik insanların doğasına en uygun olan yol olsaydı bu uygulama i&ccedil;in kanunlar yapmaya ve kurallar koymaya gerek olmazdı. &Ouml;rneğin yunusların y&uuml;zmesi i&ccedil;in kanun koymaya gerek yoktur. &Ccedil;&uuml;nk&uuml; yunuslar i&ccedil;in normal olanı zaten y&uuml;zmektir. Varsayalım ki yunuslar i&ccedil;in bir kanun &ccedil;ıkardınız. T&uuml;m yunuslara bundan sonra y&uuml;zmenin yanlış olduğunu ve y&uuml;r&uuml;menin en doğru olduğunu duyurdunuz. Hatta bu konuda kanunlar &ccedil;ıkarılmış olsun, t&uuml;m dinler ve devlet yetkilileri de y&uuml;r&uuml;meyi savunsun b&ouml;yle bir durumda ne olur? Bazı yunuslar b&uuml;t&uuml;n bu s&ouml;ylenenlere inanarak y&uuml;r&uuml;meğe &ccedil;alışır. Ama yunusların &ccedil;oğunluğu gizli saklı da olsa y&uuml;zerler. &Ccedil;&uuml;nk&uuml; onların genetik yapısı y&uuml;zmeğe uygundur.</p>\r\n\r\n<p>&nbsp;&nbsp; Bir&ccedil;ok araştırmacı tarafından, homosapiensin binlerce yıldır grup evlilikleri şeklinde &ccedil;ok eşli&nbsp; bir yaşam i&ccedil;inde olduğu anlatılıyor. Homosapiens hayvanlar aleminin bir &uuml;yesidir. Birka&ccedil; kuş t&uuml;r&uuml; istisna hayvanlar aleminde &ouml;m&uuml;r boyu&nbsp; tek eşli yaşayan yoktur. Yani genellikle t&uuml;m hayvanlar &ccedil;ok eşlidir. Peki insanlar neden bir istisna olarak tek eşli olsun ki? İnsanlar i&ccedil;in en doğru olanın tek eşli evlilikler olduğunun bilimsel bir kanıtı var mıdır?</p>\r\n\r\n<p>&nbsp;&nbsp; &Uuml;retim ilişkilerinin gelişmesi ve &uuml;retim ara&ccedil;larına erkeklerin sahip olmasıyla beraber erkekler egemen sınıf olmuştur ve t&uuml;m toplumlarda tek eşli evlilikler yerleştirilmeğe &ccedil;alışılmaktadır. Tabii ki randevu evleri, genelevler, cariye ve metresleri saymazsak erkeklerin &ccedil;ok eşliliğine kimse karışmıyor. Esas &uuml;zerinde durulan kadınların &ccedil;ok eşli olmamasıdır. Yery&uuml;z&uuml;nde son 4-5 bin senedir t&uuml;m dinler, kanunlar ve gelenekler tek eşli evlilikleri savunmuştur. Eğer ki tek eşlilik insanoğlunun genetik yapısına uygun olsaydı savunulması i&ccedil;in kanunlara zaten gerek kalmazdı.</p>\r\n","hideAds":false,"createdDate":1484003614000,"hitCount":7896,"active":true,"lastUpdaterIp":"78.181.149.45","hasEmbeddedTitle":false,"showOnHomePage":false,"currentUrl":"tek-eslilik-mi"},{"id":30344,"title":"Seks ve suçluluk duygusu","contentType":"CORNER_POST","coverImage":"","socialMediaImage":"","publicationDate":1481870400000,"tags":[],"spot":"","body":"<p>20 yaşlarında lise veya &uuml;niversite mezunu 700 gen&ccedil; erkek ile cinsel eğitim toplantısındaydım.Gen&ccedil;ler k&uuml;&ccedil;&uuml;k kağıtlara yazarak &ccedil;eşitli sorular iletiyorlardı.Şu iki soru bana &ccedil;ok ilgin&ccedil; geldi.</p>\r\n\r\n<p>İnsan sevdiği kızla seks yapmayı d&uuml;ş&uuml;nemiyor.Neden acaba?</p>\r\n\r\n<p>Sevdiğim kızı d&uuml;ş&uuml;nerek mast&uuml;rbasyon yapınca neden su&ccedil;luluk duyuyorum?</p>\r\n\r\n<p>Peki,bir delikanlı hoşlandığı ve sevdiği bir kız ile cinsel beraberlik d&uuml;ş&uuml;ncesinden neden sakınıyor?Nasıl oluyor da bu d&uuml;ş&uuml;nce onda rahatsızlık verici su&ccedil;luluk duygularına neden oluyor?</p>\r\n\r\n<p>Seks yapmak yani cinsel ilişki kurmak beden ve ruh sağlığımız i&ccedil;in &ccedil;ok faydalı ve &ccedil;ok zevkli bir aktivitedir.Sevişmek iki kişi arasında olabilecek en yakın duygusal iletişimdir.Birbirini seven ve sevdiği kişiye zevk verip ondan da haz alan kişilerin beraberce yaptıkları bir eylemdir.</p>\r\n\r\n<p>Ancak toplumsal sınıfların ortaya &ccedil;ıkışı ve erkeklerin bir sınıf olarakkadınlar d&uuml;nyası &uuml;zerinde egemenliğini ilan etmesiyle beraber feodal erkek egemen değer yargıları yerleşmiştir.&Ccedil;ifte ahlak standartları da bu değer yargılarının doğal bir sonucudur.</p>\r\n\r\n<p>Kızlar ikiye ayrılır.Bir yanda bakire ve terbiyeli olanlar yani evlenilecek temiz kızlar vardır.Diğer yanda ise bakire olmayan yani cinsel ilişkide bulunmuş k&ouml;t&uuml; kızlar vardır.Seks de k&ouml;t&uuml; birşey olduğu i&ccedil;in en doğrusu bu k&ouml;t&uuml; kızlar ile yapılmasıdır.İşte bu nedenle evlenmeyi d&uuml;ş&uuml;nd&uuml;ğ&uuml; o iyi kız ile seks yapma d&uuml;ş&uuml;ncesi bazı kişilere &ccedil;ok ayıp birşey giibi gelebiliyor.Aynen fıkralarımızın kahramanı Temel gibi sevişmeyi d&uuml;zmek veya becermek gibi g&ouml;ren insanların sayısı toplumumuzda hi&ccedil; de az değildir.</p>\r\n\r\n<p>Temel evlenmiş ve ertesi sabahneşe i&ccedil;erisinde evin bah&ccedil;esine &ccedil;ıkmış.Fakat gelin kızın suratı beş karış.Temel&#39;in annesi gelin kızı yanına &ccedil;ağırmış.</p>\r\n\r\n<p>&shy;- &quot;Uy kızım ne olir?&quot; diye sormuş.</p>\r\n\r\n<p>Gelin kız da;</p>\r\n\r\n<p>- &quot;Uyy Temel bana dokunmadı&quot; demiş.</p>\r\n\r\n<p>- &quot;Ula seni d&uuml;zmedi mi? &quot;</p>\r\n\r\n<p>- &quot;Dokunmadı ki &quot;</p>\r\n\r\n<p>Temel&#39;in annesi hemen gidip Temel&#39;e hesap sormuş.</p>\r\n\r\n<p>- &quot;Ula Temel gelin kızı niye d&uuml;zmedin la&quot;</p>\r\n\r\n<p>Temel de utanga&ccedil; bir şekilde</p>\r\n\r\n<p>- &quot;Uyy anacuğum,o &ccedil;ok tatlı bir kız.Bana da hi&ccedil;bir k&ouml;t&uuml;l&uuml;k yapmadı.Eee onu niye d&uuml;zeyim ki &quot; demiş.</p>\r\n\r\n<p><br />\r\n&nbsp;</p>\r\n\r\n<p><br />\r\n&nbsp;</p>\r\n","hideAds":false,"createdDate":1481870370000,"updatedDate":1481870406000,"hitCount":12156,"active":true,"lastUpdaterIp":"78.182.86.187","hasEmbeddedTitle":false,"showOnHomePage":false,"currentUrl":"seks-ve-sucluluk-duygusu"},{"id":28545,"title":"Depresyonun nedeni sensin?","contentType":"CORNER_POST","coverImage":"","socialMediaImage":"","publicationDate":1480748700000,"tags":[],"spot":"","body":"<p>&quot;Ah&nbsp;ah, siz benim ge&ccedil;mişte yaşadıklarımı&nbsp;bilemezsiniz. &Ouml;yle b&uuml;y&uuml;k sıkıntılar yaşadım ki tahmin edemezsiniz. &Ccedil;ocukluğum anne baba kavgaları&nbsp;ile bir kabus gibiydi. Kurtulurum diyerek bir ka&ccedil;ış&nbsp;gibi evlendim. Ama evliliğim tam bir hayal kırıklığı... Kocam alkolikti... Anlatmaya nereden başlayayım.&#39;&#39;</p>\r\n\r\n<p>Binlerce insanın derdini dinlemiş&nbsp;bir psikiyatrist olarak bu şekilde başlayan g&ouml;r&uuml;şmeler ile sık sık muhatap olmuşumdur. Yani teşhisi ne olursa olsun yukarıdaki s&ouml;zc&uuml;kler ile esas anlatılmak istenen ama&ccedil;, ge&ccedil;miş&nbsp;yaşamdaki olumsuzluklardır. Onun yaşamış&nbsp;olduğu sıkıntıları&nbsp;kimsenin anlayamayacağına inanır.</p>\r\n\r\n<p>Muayene sırasında bu kadına &#39;&#39;Peki sonu&ccedil; olarak şu anda sen nasılsın?&#39;&#39; diye sorduğunuzda cevap olarak; &#39;&#39;ben nasıl olabilirim ki, hayatım acıklı&nbsp;roman gibi...&#39;&#39; diye lafa başlayıp babasının veya kocasının olumsuz davranışlarını&nbsp;uzun uzun anlatma ihtiyacı&nbsp;&ccedil;ok fazladır. Bu kişi direkt olarak moralinin bozuk olduğunu veya sıkıntısını&nbsp;pek dile getirmez.</p>\r\n\r\n<p>Tabi&nbsp;ki aslında esas sorun depresyondur. Depresyona giren insanların &ccedil;oğunluğu hissettiği sıkıntı&nbsp;veya moral bozukluğunun o yaşadığı&nbsp;malum olumsuzluklar y&uuml;z&uuml;nden olduğuna inanır. &Uuml;z&uuml;nt&uuml;lerinin tek nedeni vardır, o da kocasıdır. Kocası&nbsp;onun &uuml;zerine y&uuml;r&uuml;m&uuml;ş, itelemiş&nbsp;ve hakaret etmiştir. Peki kocası&nbsp;b&uuml;t&uuml;n bunları&nbsp;ne zaman yapmıştır? Yanıt; &quot;17 sene &ouml;nce evliliğin ilk aylarında&#39;&#39;. Ancak bu kadın şu anda i&ccedil;inde bulunduğu depresyon nedeniyle, 17 sene &ouml;nce yaşanmış&nbsp;olan k&ouml;t&uuml; olayları&nbsp;sanki 17 dakika &ouml;nce yaşanmış&nbsp;gibi hissediyor ve &ouml;fkeleniyor. &Ouml;fkesinin nedeninin de 17 veya 27 sene &ouml;nce yaşadıkları&nbsp;y&uuml;z&uuml;nden olduğunu zannediyor.</p>\r\n\r\n<p>Depresyona giren insanların bir &ccedil;oğu bir&ccedil;ok zaman esas temel neden ile tetikleyici nedeni karıştırırlar. Depresyon denilen psikiyatrik hastalıklara esas neden beyindeki n&ouml;rotransmitterlerin dengesinin bozlmasıdır. Ancak yaşantımızdaki bazı&nbsp;olumsuz olaylar da depresyonu tetikleyebilir. Sınav başarısızlılığı, kocasından dayak yeme veya iflas etmeler kişinin psikolojisini bozarak depresyona neden olabilir. B&ouml;ylece depresyona giren insanların b&uuml;y&uuml;k &ccedil;oğunluğu da bu olumsuzluklara kafayı&nbsp;takar ki kimsenin s&ouml;ylediği hi&ccedil;bir lafı&nbsp;dinlemez. Ve de depresyon i&ccedil;in verilen ila&ccedil;ları&nbsp;kullanmak istemez. &#39;&#39;Ben o adam y&uuml;z&uuml;nden depresyona girdim niye ila&ccedil; kullanayım ki&#39;&#39; diyerek itiraz ederler.</p>\r\n\r\n<p>Depresyonda kullanılan ila&ccedil;lar uyu&ccedil;turucu veya alışkanlık yapıcı&nbsp;değildir. Bu ila&ccedil;lar insanın beynindeki n&ouml;rotransmitterleri d&uuml;zenler. Bunun sonucunda hissedilen depresyon kaybolur. Elbette hi&ccedil;bir ila&ccedil; insanların t&uuml;m yaşam sorunlarını&nbsp;yok etmez. &Ouml;rneğin kocanız ile ilgili sorunları&nbsp;&ccedil;&ouml;z&uuml;mleyecek kişi tabii ki sizsiniz. Bu sorunları&nbsp;da bir şekilde &ccedil;&ouml;zebilir veya &ccedil;&ouml;zemeyebilirsiniz. Ancak depresyon yok edildiğinde yani ruhsal durumunuz iyileştiğinde sorunları &ccedil;&ouml;zebilme olasalığınız&nbsp;&ccedil;ok daha fazladır.</p>\r\n","hideAds":false,"createdDate":1480748791000,"updatedDate":1480808821000,"hitCount":7895,"active":true,"lastUpdaterIp":"78.182.86.187","hasEmbeddedTitle":false,"showOnHomePage":false,"currentUrl":"depresyonun-nedeni-sensin"},{"id":26253,"title":"İbrikçi kompleksi","contentType":"CORNER_POST","coverImage":"","socialMediaImage":"","publicationDate":1479281100000,"tags":[],"spot":"","body":"<p>Varsayalım ki bundan 200 sene &ouml;nce Osmanlı İmparatorluğu zamanında &ccedil;arşı i&ccedil;inde bir umumi tuvaletteyiz.O zamanlar &ccedil;eşme sistemi olmadığı i&ccedil;in ibrikler kullanılmaktadır.Tabii ki umumi tuvaletin sorumlusu ve ibriklere bakan bir de g&ouml;revli adam varmış.&Ccedil;arşıda vatandaşın biri fena halde sıkışmış.Neredeyse altına ka&ccedil;ıracak.O telaş i&ccedil;inde acele ile son anda umumi tuvalete geliyor.Tuvalete girmeden &ouml;nce ibriklerden birini kapıyor.Tam o sırada ibriklerin sorumlusu olan adam sert bir şekilde m&uuml;dahale ediyor. &quot;Hop,hoop o ibriği değil &ouml;b&uuml;r&uuml;n&uuml; alacaksın&quot; diyor.Aslında, ha o ibrik ha diğeri tabii ki birşey farketmez.Ama adamımıztartışacak halde değil.Altına ka&ccedil;ırmak &uuml;zere.</p>\r\n\r\n<p>G&ouml;revlinin işaret ettiği ibriği alıp i&ccedil;eri giriyor.İhtiyacını giderip rahatlıyor.Malum bir deyiş vardır; &quot;T&uuml;rk&uuml;n aklı ya ka&ccedil;arken, ya da ................ken&nbsp; gelir&quot; derler.Adam da rahatladıktan sonra i&ccedil;erden &ccedil;ıkarken ibrik talimatının sa&ccedil;malığından dolayı g&ouml;revliyi fır&ccedil;alamaya niyetli. &quot;Ulan bana bak ,ha bu ha diğeri.Sanki ne farkedecek ki? &quot; diye soruyor.G&ouml;revli adam da, tam bir ağır abi pozlarında &quot;eee o kadar da forsumuz olsun artık &quot; diyor.</p>\r\n\r\n<p>Acaba g&uuml;n&uuml;m&uuml;zde bu tuvalet ibrik&ccedil;isi benzeri insanların sayısı ka&ccedil;tır.İfade edilen duygu &ccedil;ok net ; &quot;forsumuz olsun&quot; . Yani psikolojik olarak egosu tatmin olacak.Diğer insanlara &quot;hort-zort emirler ve talimatlar verecek,bağırıp &ccedil;ağıracak&quot; ve tabii ki rahatlayacak.Kimi zaman deneyimlerini aktarıp nasihatlar verecek.Karşısındakinin s&ouml;z&uuml;n&uuml; rahat&ccedil;a b&ouml;lebilir.O &ccedil;ok &ouml;nemli bir insandır.Devlet dairelerinde &uuml;st d&uuml;zeybir g&ouml;revi vardır.M&uuml;d&uuml;r veya m&uuml;d&uuml;r yardımcısı olur.Hi&ccedil;bir şey olmasa ibrik&ccedil;ibaşı olur,herkese m&uuml;dahale eder.B&uuml;y&uuml;k odalarda ,b&uuml;y&uuml;k masaların arkasında ve b&uuml;y&uuml;k koltuklarda oturmayı &ccedil;ok severler.</p>\r\n\r\n<p>Bir insan neden başkan,y&ouml;netici,şef veya m&uuml;d&uuml;r olmayı ister? G&ouml;r&uuml;n&uuml;rdeki en yaygın gerek&ccedil;e &quot;birisinin de elini taşın altına sokması lazım&quot; s&ouml;zleridir.Yani toplum i&ccedil;in o kendini feda edip sorumluluğu &uuml;stlenmiştir. &quot;Ben başkan olmayı kendim i&ccedil;in istiyorsam namertim;herşeyi sizin i&ccedil;in yapıyorum&quot; derler.Bu a&ccedil;ıklamalar size mantıklı geliyor mu?Eğer mantıklı oldğunu d&uuml;ş&uuml;n&uuml;yorsanız o mantığınız ile beraber size mutluluklar dilerim.</p>\r\n\r\n<p>Acaba insan psikolojisinin derinliklerinde bulunan ve bili&ccedil; dışımızdan kaynaklanan başka nedenleri &nbsp;olabilir mi? Fıkradaki ibrik&ccedil;inin s&ouml;ylediği &quot; forsumuz olsun&quot; nedeninin altında yetersizlik duyguları olabilir.Bazen de altta yatan bir aşağılık kompleksinin tatmini de olabilir.Kişi ne kadar b&uuml;y&uuml;k makamlarda oturursa i&ccedil;indeki aşağılık kompleksinin de o oranda k&uuml;&ccedil;&uuml;leceğini zannediyor mudur?</p>\r\n\r\n<p>&nbsp;</p>\r\n","hideAds":false,"createdDate":1479281235000,"updatedDate":1479282592000,"hitCount":10217,"active":true,"lastUpdaterIp":"213.248.152.101","hasEmbeddedTitle":false,"showOnHomePage":false,"currentUrl":"ibrikci-kompleksi"}]},"success":true}