{"data":{"totalCount":7,"author":{"id":130,"name":"Tarık Tekgözli","image":"2020/2/3/063949df-1783-42cf-8834-c12b27dea3ef.jpg","authorType":"NEWSPAPER","emailAddress":"tarikaydinlik@gmail.com","twitter":"/twitter.com/tariktekgzl","facebook":"https://www.facebook.com/tarik.tekgozli","background":"","active":true,"socialImage":"","slugUrl":"tarik-tekgozli"},"contents":[{"id":199677,"title":"Sendikalı ol, asgari ücretten kurtul!","contentType":"CORNER_POST","coverImage":"","coverCode":"","publicationDate":1578229020000,"tags":[],"intro":"","spot":"","body":"<p><strong>Türkiye’nin en büyük işçi konfederasyonu Türk-İş, yeni asgari ücret açıklanır açıklanmaz belli kesimlerce yine hedefe kondu. Yine diyorum çünkü Türk-İş Genel Başkanı Ergün Atalay, son bir yıldır birçok kez hedef alındı. Anımsayacağınız üzere; geçen yılki asgari ücret görüşmelerinde Fransa’da başlayan “sarı yelek” eylemlerini hatırlatarak “Böyle ne kadar gider?” uyarısında bulununca “provokatör”lükle suçlanmıştı. Geçen yıl ağustos ayında imzalanan “kamu toplu iş sözleşmeleri çerçeve anlaşma protokolü” sonrasında da Türk-İş tabiri caizse çarmıha gerilmişti.</strong></p><p><strong>ORGANİZE İŞ Mİ?</strong></p><p>Son yıllarda artarak devam eden karalama kampanyalarının tesadüf olduğuna inanmamakla birlikte “organize bir iş” olduğu konusunda kuşkularım mevcut. Kuşkusuz her kurum her şahsiyet eleştirilebilir ancak ortada çarpıtmalar ve algı operasyonları söz konusuydu. Düne kadar ekranlarında işçi eylemlerine yer vermeyen televizyon kanalları, kapısından sendikayı içeri sokmayan medya patronları, belli siyasi partilerin gölgesinde sözde sendikacılık yapanlar, kurdukları internet sitelerinde gazetecileri asgari ücret ve bunun biraz üzerinde bir ücretle çalıştıranlar nasıl olduysa bir anda başımıza işçici kesildi. Tuhaf olan Türk-İş hedef alınırken DİSK öne çıkarılıyordu. Meşhur bir sunucu da televizyon ekranlarından “Acaba Türk-İş ile hükümet arasında gizli bir görüşme oldu mu olmadı mı bilemeyiz. Tabii ki olmadı diyecekler” sözleriyle ipin ucunu iyice kaçırdı. Ortada hiç normal olmayan bir durum vardı. Peki hesap sorma cüretini kendilerinde gören bu kesimi böyle bir tutarsızlığa iten şey neydi?</p><p><strong>‘ÖNCE TÜRKİYE’ İLKESİ</strong></p><p>Bu cenahın 15-16 Temmuz darbe girişimi konusundaki ikircikli tutumu ve “Fırat Kalkanı”, “Zeytin Dalı”, “Barış Pınarı” harekatlarına “Türkiye, Ortadoğu bataklığına sürükleniyor” diyerek karşı çıkışları dikkat çekici. Kasıtlı veya kasıtsız olsun milli konulardaki yanlış tutumları aslında Türk-İş’i neden hedef aldıklarını ortaya koyuyordu. Keza Türk-İş, Fetullahçı Terör Örgütü’nün darbe girişimine alanlara inerek karşı durmuştu, bu uğurda şehitler vermişti. Terör örgütlerine yapılan askeri operasyonların da arkasında durdu, yetmedi 2018 1 Mayıs’ını Mehmetçik’e destek mitingine çevirdi. Kanımca Türk-İş’i hedef tahtasına oturtan “Önce Türkiye önce işçi” ilkesiyle hareket etmesi ve “Ne emekten vazgeçeriz ne de vatadan” hassasiyetiydi.</p><p><strong>CEHENNEME GİDEN İYİ NİYET TAŞLARI</strong></p><p>Maalesef algı operasyonlarının ağına düşen işçilerimiz oldu. Türk-İş’in asgari ücret konusunda üstüne düşeni yapmadığına inanıyorlardı, masadan kalkmasını yeterli bulmuyorlardı.</p><p>Belki de Türk-İş’e “kurtarıcı” gözüyle bakıyorlardı. Boşuna demiyorlardı; “Cehenneme giden yol iyi niyet taşlarıyla döşelidir” diye. O işçilerimizi de bu yazıyla uyarmış olalım. Ben asgari ücret konusuna onlardan farklı bakıyorum. İzninizle ifade edeyim.</p><p>Asgari ücret ve bunun üzerinde ücret alan çalışanlar taşın altına elini sokmadı, eylem yapmadı ama büyük beklenti içinde oldu. Bu işçilerimiz “Armut piş ağzıma düş” anlayışıyla hareket etti. Kendi omuzlarındaki sorumluluğu Türk-İş’e attılar. Evet Asgari Ücret Tespit Komisyonu’nda işçi kesimini Türk-İş temsil etti ancak şu gerçeği göz ardı etmemek gerektiğini düşünüyorum. Türk-İş’e bağlı sendikalara üye işçiler hem sosyal haklara sahip hem de fena sayılmayacak düzeyde bir ücrete. Hal böyleyken Türk-İş’in kendi üyelerini ilgilendirmeyen asgari ücret için büyük bir çaba içine girmesini beklemek ne kadar doğru?</p><p>“Türk-İş iş bıraksın” diyenler bile oldu. Adeta Türk-İş’e “Kendi ayağına sık” çağrısı yapıldı. Soruyorum; iyi bir asgari ücret seviyesinin örgütsüzlüğü teşvik edeceği gerçeğini nasıl göz ardı edebiliriz? İnsanlarımızın “dip ücret” anlamına gelen asgari ücretle geçinmeye çalışması elbette sorun. Çalışanların yüzde 43’ünün asgari ücret aldığını dikkate alırsak aslında sorunumuz asgari ücret seviyesinden ziyade genel ücret düzeylerinin asgari ücretin üstünde olmaması. Her 100 çalışandan 86’sının sendikasız olduğu ülkemizde bunu da ancak sendikal örgütlenmeyle aşabileceğimiz ortadadır. O zaman buradan çağrımızı yapalım: Sendikalı ol, asgari ücretten kurtul!</p>","outro":"","hideAds":false,"createdDate":1578315492914,"updatedDate":1578315492914,"hitCount":158,"active":true,"lastUpdaterIp":"141.101.104.117","hasEmbeddedTitle":false,"showOnHomePage":false,"currentUrl":"sendikali-ol-asgari-ucretten-kurtul-199677"},{"id":199492,"title":"Kenetlenen Türk-İş’e doğru","contentType":"CORNER_POST","coverImage":"","socialMediaImage":"","publicationDate":1575848880000,"tags":[],"spot":"","body":"<p>T&uuml;rk-İş 23. Olağan Genel Kurulu&rsquo;nda &ouml;nceki g&uuml;n tarihi bir an yaşandı. Hatırlanacağı &uuml;zere Tekgıda-İş Sendikası, haziran ayında yapılan genel kurulda T&uuml;rk-İş&rsquo;ten ayrılma yetkisini genel y&ouml;netim kuruluna vermişti. T&uuml;rk-İş kongresinde yapılacak eleştirilerden sonra sendikanın konfederasyondan ayrılacağı d&uuml;ş&uuml;n&uuml;l&uuml;yordu. &Ouml;zelikle konfederasyonun genel kurul g&uuml;ndemine &quot;Tekgıda-İş Sendikası &uuml;yelik durumunun g&ouml;r&uuml;ş&uuml;lmesi ve karara bağlanması&quot; maddesi eklenince &quot;Tamam bu iş bitti&quot; sesleri duyulmaya başlanmıştı.</p>\r\n\r\n<p><strong>BEKLENMEDİK GELİŞME</strong></p>\r\n\r\n<p>G&ouml;r&uuml;şt&uuml;ğ&uuml;m&uuml;z kimi sendika başkanarı, y&ouml;neticileri ve uzmanları &quot;disiplin kurulu kararı olmadan sendika ihracının oylatılamayacağını&quot; belirtirken kimi de genel kurula sunulacak &ouml;nergeyle bunun m&uuml;mk&uuml;n olduğunu savundu. Birka&ccedil; sendika y&ouml;neticisi ve uzmandaki hava, Tekgıda-İş Sendikası&rsquo;nın T&uuml;rk-İş&rsquo;ten ayrılacağı ya da ihra&ccedil; edileceği y&ouml;n&uuml;ndeydi. Neyse ki kongrede T&uuml;rk-İş Genel Başkanı Erg&uuml;n Atalay ile g&ouml;r&uuml;şme fırsatım oldu. Kendisine konuyla ilgili y&ouml;nelttiğim soruya &quot;T&uuml;rk-İş&rsquo;ten ayrılmayacaklarına ilişkin yazılı bildirimde bulunsunlar biz de ilgili maddeyi g&uuml;ndemden &ccedil;ıkaralım&quot; yanıtını verdi. Ve genel kurulda beklenmedik bir gelişme yaşandı.</p>\r\n\r\n<p><strong>&lsquo;ELEŞTİRİ OLUR&nbsp;K&Uuml;SK&Uuml;NL&Uuml;K OLMAZ&rsquo;</strong></p>\r\n\r\n<p>Konuşmasını yapmak &uuml;zere k&uuml;rs&uuml;ye &ccedil;ıkan TOLEYİS Genel Başkanı Cemail Bakındı, &quot;Sendikacılar arasında eleştiriler olur ama k&uuml;sk&uuml;nl&uuml;k olmaz&quot; diyerek Tekgıda-İş Genel Başkanı Mustafa T&uuml;rkel ile T&uuml;rk-İş Genel Başkanı Erg&uuml;n Atalay&rsquo;ı k&uuml;rs&uuml;ye davet etti. Tarihi bir andı. Delegelerin alkışları eşliğinde taraflar kucaklaştı. Kısa bir konuşma yapan Tekgıda-İş Genel Başkanı Mustafa T&uuml;rkel, T&uuml;rk-İş&rsquo;ten ayrılma y&ouml;n&uuml;ndeki genel kurul kararını ortadan kaldıracak d&uuml;zenlemeler yapacaklarını a&ccedil;ıkladı. Başkan T&uuml;rkel ertesi g&uuml;n yaptığı konuşmada da &quot;2000&rsquo;li yıllardan bu tarafa yaşanan zamanın h&uuml;km&uuml;n&uuml; sona erdirdik. Şimdi yeni zamanın h&uuml;km&uuml;n&uuml;n başlangı&ccedil; zamanıdır&quot; s&ouml;zleriyle yeni bir sayfa a&ccedil;tıklarını belirtirken T&uuml;rk-İş ile dayanışmayı en &uuml;st noktaya taşımak i&ccedil;in &uuml;zerlerine d&uuml;şeni en kısa zamanda ve olabildiğince yerine getirmeye &ccedil;alışacaklarını s&ouml;yledi. T&uuml;rk Metal Genel Başkanı Pevrul Kavlak da &quot;Sorunlar aşılmış bu konu artık bizim i&ccedil;in kapanmıştır&quot; ifadeleriyle ayrılık ve gayrılıkların geride kaldığını vurgulamış oldu.</p>\r\n\r\n<p><strong>&lsquo;T&Uuml;RKİYE&rsquo;DE T&Uuml;RK-İŞ VAR&rsquo;</strong></p>\r\n\r\n<p>Ayrışması, k&uuml;&ccedil;&uuml;lmesi beklenen konfederasyon tam aksine birleşerek kenetlenerek kongreden &ccedil;ıktı. G&ouml;r&uuml;şt&uuml;ğ&uuml;m birka&ccedil; sendikacı, ayrışmadan dayanışmaya giden bu s&uuml;recin T&uuml;rk-İş&rsquo;i daha da g&uuml;&ccedil;lendireceği kanısında. &Ccedil;alışma hayatında bir&ccedil;ok sorun olduğunu, bunların &ccedil;&ouml;z&uuml;m&uuml;ne y&ouml;nelik adımlar atılması gerektiğini belirten sendikacılar, &quot;T&uuml;rkiye&rsquo;de T&uuml;rk-İş var&quot; deme zamanının geldiğini ifade etti.</p>\r\n","hideAds":false,"createdDate":1575848934000,"updatedDate":1575848880000,"hitCount":1211,"active":true,"lastUpdaterIp":"81.215.193.182","hasEmbeddedTitle":false,"showOnHomePage":false,"currentUrl":"kenetlenen-turk-is-e-dogru-tarik-tekgozli-kose-yazilari-aralik-2019"},{"id":199427,"title":"Asgari ücret ve güç savaşı","contentType":"CORNER_POST","coverImage":"","socialMediaImage":"","publicationDate":1575154680000,"tags":[],"spot":"","body":"<p>İş&ccedil;i, işveren ve h&uuml;k&uuml;met temsilcilerinden oluşan Asgari &Uuml;cret Tespit Komisyonu, 2020 yılında ge&ccedil;erli olacak asgari &uuml;cret tutarını belirlemek i&ccedil;in ilk toplantısını yarın yapacak. Komisyonda iş&ccedil;i tarafını temsil edecek olan T&uuml;rk-İş Konfederasyonu hen&uuml;z teklifini a&ccedil;ıklamadı. Ancak T&uuml;rk-İş Genel Başkanı Erg&uuml;n Atalay, ge&ccedil;en perşembe g&uuml;n&uuml; bir soruya verdiği yanıtta 2 bin 578 TL olan yaşam maliyetinin altında hi&ccedil;bir şeyi oturup konuşmayacaklarının altını &ccedil;izdi. Konfederasyon ayrıca asgari &uuml;cretle ilgili Hak-İş ve DİSK&rsquo;in de g&ouml;r&uuml;ş&uuml;n&uuml; alacaklarını ve s&uuml;reci birlikte y&uuml;r&uuml;teceklerini kamuoyuna duyurdu. Bu ortaklaşmanın, komisyon bileşenlerini nasıl etkileyeceğini yaşayarak g&ouml;receğiz. Ama ekonomik kriz koşullarında olduğumuzu dikkate alırsak, &uuml;&ccedil;l&uuml; bir yapıdan oluşan komisyonda işveren kesiminin, iş&ccedil;i tarafının teklifine sıcak bakmayacağını şimdiden &ouml;ng&ouml;rebiliriz. Dolayısıyla komisyonda h&uuml;k&uuml;metin tutumu belirleyici olacak. H&uuml;k&uuml;met kanadının uzlaşabileceği asgari &uuml;cret tutarını aşağı yukarı tahmin edebilmek i&ccedil;in 2020-2022 yıllarını kapsayan Yeni Ekonomi Programı&rsquo;na (YEP) g&ouml;z atmakta yarar var.<br />\r\n&nbsp;</p>\r\n\r\n<p><strong>&Uuml;CRETLERDE &lsquo;IMF D&Ouml;NEMİ&rsquo; RİSKİ</strong><br />\r\nEmperyalist-kapitalist sistemin s&ouml;m&uuml;r&uuml; ara&ccedil;larından biri olan Uluslararası Para Fonu (IMF), T&uuml;rkiye&rsquo;de &uuml;cretlere yaşanan değil hedeflenen enflasyona g&ouml;re zam yapılmasını &ouml;nermişti. Keza 4 Ekim tarihli Resmi Gazete&rsquo;de yayımlanan Yeni Ekonomi Programı&rsquo;nda &quot;kamunun y&ouml;nlendirdiği bazı fiyat ve &uuml;cretlerde ge&ccedil;miş enflasyon yerine YEP enflasyon hedeflerine g&ouml;re ayarlamalar yapılacağı&quot; ifadeleri yer aldı. Programda 2019 yılı enflasyon tahmini y&uuml;zde 12, 2020 yılı enflasyon hedefi ise y&uuml;zde 8.5 olarak a&ccedil;ıklandı. Buna g&ouml;re 2019 yılı enflasyon tahminini esas aldığımızda net asgari &uuml;cretin 2 bin 263 TL&rsquo;ye; 2020 yılı enflasyon hedefini esas aldığımızda ise net asgari &uuml;cretin 2 bin 193 TL&rsquo;ye &ccedil;ıkacağını ve h&uuml;k&uuml;metin bu artışlara sıcak bakacağını s&ouml;yleyebiliriz. Ancak T&uuml;rk-İş&rsquo;in &quot;Yaşam maliyetinin altında hi&ccedil;bir şeyi oturup konuşmayız&quot; ifadelerini dikkate aldığımızda hedeflenen enflasyon oranındaki artışlara iş&ccedil;i tarafının sıcak bakmayacağını anlıyoruz. O halde h&uuml;k&uuml;metin iş&ccedil;i tarafının teklifine onay vermesi i&ccedil;in &quot;ikna edilmesi&quot; se&ccedil;eneği ile karşı karşıya kalıyoruz. Takdir edersiniz ki rica ve minnetle bu işlerin olmayacağı biliniyor. Peki ne yapmalı?<br />\r\n&nbsp;</p>\r\n\r\n<p><strong>KAPİTALİST D&Uuml;ZENİN FITRATI</strong><br />\r\nDeğerli hocamız Yıldırım Ko&ccedil;&rsquo;un zaman zaman vurguladığı gibi kapitalist d&uuml;zende g&uuml;&ccedil; konuşuyor, g&uuml;&ccedil;ler savaşıyor. G&uuml;c&uuml;n&uuml;z varsa s&ouml;z&uuml;n&uuml;z ge&ccedil;iyor, g&uuml;c&uuml;n&uuml;z varsa yasa &ccedil;ıkıyor, g&uuml;c&uuml;n&uuml;z varsa b&uuml;k&uuml;lemeyen el &ouml;p&uuml;l&uuml;yor. İş&ccedil;i sınıfının g&uuml;c&uuml; ise &ouml;rg&uuml;tl&uuml;l&uuml;ğ&uuml;nden geliyor. Kimi zaman o g&uuml;c&uuml; se&ccedil;im d&ouml;nemlerinde oy tehdidi olarak; kimi zaman da &uuml;retimi durdurarak ve meydanları ısındırarak kullanırsınız. G&uuml;c&uuml;n&uuml;z&uuml;n oranında etki sağlar, dikkate alınırsınız. D&ouml;n&uuml;p iş&ccedil;i sınıfının &ouml;rg&uuml;tl&uuml; g&uuml;c&uuml;ne baktığımızda &Ccedil;alışma Bakanlığı&rsquo;nın 2019 Temmuz verilerine g&ouml;re 13 milyon 764 bin 63 &ccedil;alışandan sadece 1 milyon 894 bin 170&rsquo;i sendikalı. Yani her 100 &ccedil;alışandan 86&rsquo;sı sendikasız. T&uuml;rk-İş&rsquo;in 1 milyon 12 bin 277; Hak-İş&rsquo;in 674 bin 404; DİSK&rsquo;in 178 bin 691 &uuml;yesi bulunuyor. Geniş&ccedil;e bir kesimin &ouml;rg&uuml;ts&uuml;z olduğunu g&ouml;r&uuml;yoruz. 7 milyona aşkın asgari &uuml;cretli de bu &ouml;rg&uuml;ts&uuml;z kesimin i&ccedil;inde. Sendikalar iyi k&ouml;t&uuml; bir m&uuml;cadele verirken/vermeye &ccedil;alışırken bu &ouml;rg&uuml;ts&uuml;z kesimlerin &quot;Armut piş ağzıma d&uuml;ş&quot; anlayışıyla hareket etmesi doğru değil. &Ouml;ncelikle iyi bir asgari &uuml;cret zammı beklentisi i&ccedil;inde olan bu &ouml;rg&uuml;ts&uuml;z kesimlerin sendikalı olma sorumluluğuyla karşı karşıya olduğunu belirtelim. B&ouml;yle bir adımın iş&ccedil;i sınıfına g&uuml;&ccedil; katacağı da ortada. &Ouml;te yandan sendikalı iş&ccedil;ilerin geneli de aynı &ouml;rg&uuml;ts&uuml;z kesimler gibi taşın altına elini sokmadan, herhangi bir eylem yapmadan b&uuml;y&uuml;k bir beklenti i&ccedil;inde olabiliyor. Bu kesimin sendikaların eksik ve hatalarını sadece y&ouml;neticilere y&uuml;kleme gibi bir kolaycılığa ka&ccedil;tıkları g&ouml;r&uuml;l&uuml;yor. Halbuki sendikalar &uuml;yeleriyle varlığını s&uuml;rd&uuml;rebilen ve hissettirebilen &ouml;rg&uuml;tler. Sendikaların eksikliklerinden ve hatalarından, &uuml;ye olup da taşın altına eline sokmayan ve sadece maddi beklenti i&ccedil;inde olanların da payı olduğunu d&uuml;ş&uuml;n&uuml;yorum. Halbuki iş&ccedil;ilerden sendika y&ouml;netimlerine; sendika y&ouml;netimlerinden konfederasyonlara doğru uygulanacak bir basıncın sendikal m&uuml;cadeleyi ivmelendirmesi ka&ccedil;ınılmaz. Sendikalı iş&ccedil;ilerin &ouml;n&uuml;nde de b&ouml;yle bir g&ouml;rev duruyor. Ayrıca sendikalar, &quot;Asgari &uuml;cret bizi ilgilendirmiyor&quot; dememeli ve asgari &uuml;cret pazarlığı sorumluluğu sadece T&uuml;rk-İş&rsquo;in omzuna y&uuml;klenmemeli. Sendikalar &ccedil;alışanların haklarını korumak ve geliştirmekle sorumluysa eğer diğer konfederasyonlar ve sendikalar da &uuml;st&uuml;ne d&uuml;şeni yerine getirmelidir. Se&ccedil;im s&uuml;recinde olmadığımızı d&uuml;ş&uuml;n&uuml;rsek iş&ccedil;i sınıfının g&uuml;&ccedil; savaşını ancak meydanları ısındırarak kazanmaktan başka &ccedil;aresi olmadığını s&ouml;yleyebiliriz. Aksi takdirde verileni almaktan başka se&ccedil;enek kalmaz.</p>\r\n","hideAds":false,"createdDate":1575091403000,"updatedDate":1575154680000,"hitCount":2001,"active":true,"lastUpdaterIp":"159.146.48.226","hasEmbeddedTitle":false,"showOnHomePage":false,"currentUrl":"asgari-ucret-ve-guc-savasi-tarik-tekgozli-kose-yazilari-aralik-2019"},{"id":137563,"title":"Bermuda şeytan beşgeni","contentType":"CORNER_POST","coverImage":"","socialMediaImage":"","publicationDate":1572735540000,"tags":[],"spot":"","body":"<p>2018 Ağustos ayından bu yana giderek derinleşen ekonomik krize ne yazık ki &ccedil;&ouml;z&uuml;m &uuml;retilemedi. T&uuml;rk lirasında yaşanan değer kaybı, faiz oranlarının y&uuml;kselmesi, girdi maliyetlerinin artması bir&ccedil;ok sekt&ouml;r&uuml; olumsuz etkiledi. İşverenler ekmek teknelerini koruma, &ccedil;alışanlar da işsiz kalmama derdine d&uuml;şt&uuml;. İşverenler krize karşı kendilerince &ldquo;&ouml;nlem&rdquo; almaya &ccedil;alıştı. Kimi vardiya sayılarını d&uuml;ş&uuml;rd&uuml;, kimi fazla mesaileri kaldırdı, kimi haftalık &ccedil;alışma s&uuml;relerini azaltarak &ccedil;&ouml;z&uuml;m aramaya &ccedil;alıştı. Kimi de &ccedil;alışanlarını ya &uuml;cretsiz izne g&ouml;nderdi ya da işten &ccedil;ıkardı. Bu adımlar da &ccedil;are olmayınca fabrikanın kapısına kilit vuranlar oldu. T&uuml;m bunlar yaşanırken H&uuml;k&uuml;met de istihdam seferberliği projeleri ve teşviklerle yaraya merhem olmaya &ccedil;alıştı ama &ccedil;are olamadı. K&ouml;t&uuml; gidişat verilere yansıdı. Geniş tanımlı işsiz sayısı son bir yılda (Temmuz 2018-Temmuz 2019) 1 milyon 54 bin artışla 7 milyon 364 bine ulaştı. Bir yandan elektriğe, suya ve temel gıda maddelerine zam &uuml;st&uuml;ne zam yapılırken diğer yandan da ek vergi ve zorunlu tasarruf paketleriyle kaynak yaratmanın, esnek &ccedil;alışma bi&ccedil;imiyle girdi maliyetlerini aşağı &ccedil;ekmenin peşine d&uuml;ş&uuml;ld&uuml;. Ne yazık ki krizin y&uuml;k&uuml;n&uuml;n emek&ccedil;ilerin sırtına yıkıldığı/yıkılmak istendiği bir s&uuml;recin i&ccedil;ine girildi.</p>\r\n\r\n<p><strong>İSTİHDAMDAKİ ŞER:&nbsp;ESNEK &Ccedil;ALIŞMA</strong><br />\r\nCumhurbaşkanı Yardımcısı Fuat Oktay ge&ccedil;en hafta TBMM Plan ve B&uuml;t&ccedil;e Komisyonu&rsquo;nda yaptığı sunumda esnek &ccedil;alışma olanaklarının artırılacağını duyurdu. T&uuml;rkiye İşveren Sendikaları Konfederasyonu (TİSK) Y&ouml;netim Kurulu Başkanı &Ouml;zg&uuml;r Burak Akkol da ge&ccedil;en salı g&uuml;n&uuml; yaptığı yazılı a&ccedil;ıklamada bu y&ouml;ndeki adımları memnuniyetle karşıladıklarını, esnek &ccedil;alışma h&uuml;k&uuml;mlerine işlerlik kazandırılmasının uzun s&uuml;redir TİSK&rsquo;in talepleri arasında yer aldığına dikkati &ccedil;ekti. Akkol a&ccedil;ıklamasında, &uuml;lkemizin en &ouml;nemli sorunlarından biri olan işsizlikle etkin ve s&uuml;rd&uuml;r&uuml;lebilir m&uuml;cadele i&ccedil;in esnek &ccedil;alışma modellerinin yaygın uygulanmasının şart olduğunu ileri s&uuml;rd&uuml;. Katı istihdam politikalarının istihdamı, t&uuml;ketimi ve verimliliği azalttığı iddiasında bulunan Akkol, esnek işg&uuml;c&uuml; piyasasının &uuml;lkelerin rekabet g&uuml;c&uuml;n&uuml; artırdığını savundu. TİSK Y&ouml;netim Kurulu Başkanı Akkol, &ccedil;alışanların mevcut haklarına dokunulmasını istediği şu beş talepte bulundu:<br />\r\n-Belirli s&uuml;reli iş s&ouml;zleşmelerinin yapılmasında objektif koşul aranmamalı ve &uuml;st &uuml;ste yenilenebilmesine imkan tanınmalı.<br />\r\n-Deneme s&uuml;resi bireysel iş s&ouml;zleşmeleri ile alt ay, toplu iş s&ouml;zleşmeleri ile en az 12 ay olarak d&uuml;zenlenebilmeli.<br />\r\n-Denkleştirme s&uuml;resi en az d&ouml;rt aya uzatılmalı ve iş&ccedil;inin onayı koşulu kaldırılmalıdır. Toplu iş s&ouml;zleşmeleri ile en az altı ay olarak kararlaştırılabilmesinin &ouml;n&uuml; a&ccedil;ılmalı.<br />\r\n-&Ouml;zel istihdam b&uuml;roları aracılığıyla kurulan &ouml;d&uuml;n&ccedil; iş ilişkisi uygulamasındaki s&uuml;re ve konu sınırlamaları kaldırılmalı.<br />\r\n-Telafi &ccedil;alışma s&uuml;resi altı aya &ccedil;ıkartılmalı, iş&ccedil;i onayı aranmamalı, &ccedil;alışılmayan cumartesi g&uuml;nlerinde telafi &ccedil;alışması yaptırılabilmeli.<br />\r\n&nbsp;</p>\r\n\r\n<p><strong>G&Uuml;VENCESİZ &Ccedil;ALIŞMA Bİ&Ccedil;İMİ</strong><br />\r\nİşverenlerin yaygınlaştırılmasını istediği esnek &ccedil;alışma modelleri, &ccedil;alışma hayatının g&uuml;vencesiz &ccedil;alışma bi&ccedil;imi olarak bilinir. En yaygın esnek &ccedil;alışma bi&ccedil;imleri arasında; kısmi s&uuml;reli &ccedil;alışma, belirli s&uuml;reli &ccedil;alışma, ge&ccedil;ici iş ilişkisi ile &ccedil;alışma, uzaktan &ccedil;alışma, &ccedil;ağrı &uuml;zerine &ccedil;alışma ve evden &ccedil;alışma bulunuyor. Esnek &ccedil;alışma modeliyle, işverenlerin iş&ccedil;iler &uuml;zerindeki keyfiyeti artar. &Ccedil;alışma s&uuml;resi, &ccedil;alışma zamanı, &uuml;cret d&uuml;zeyi esnekleşir. D&uuml;zenli gelir ve iş garantisi ortadan kalkar. İşverenler sadece iş yoğunluğunun olduğu zamanlarda daha fazla iş&ccedil;i &ccedil;alıştırarak fazla mesai y&uuml;k&uuml;nden kurtulmayı hedefler. Dikkat edilirse TİSK Başkanı Akkol da &ldquo;katı istihdam politikaları&rdquo;ndan şikayet&ccedil;i. Katılıktan kastedilen şey, İş Kanunu&rsquo;nda yer alan &ccedil;alışanı koruyucu &ouml;nlemlerin olması ve işverenlerin keyfiliğinin &ouml;n&uuml;ne ge&ccedil;ilmesidir. Dolayısıyla katılığın azalması yani esnekleşmenin artması g&uuml;vencesizliğin artması anlamına gelir.<br />\r\n&nbsp;</p>\r\n\r\n<p><strong>KIDEM TAZMİNATI&nbsp;ORTADAN KALKAR</strong><br />\r\nKonuya geri d&ouml;nmek kaydıyla burada bir nokta koyalım ve sizlere bir hatırlatma yapalım. Biliyorsunuz Amerika&rsquo;nın Atlantik Okyanusu&rsquo;na a&ccedil;ılan, g&uuml;neydoğu sahillerinde yer alan, kuş bakışı bakıldığında Miami, Bermuda ve Porto Rico sınırları i&ccedil;erisinde kalan &uuml;&ccedil;gen şeklinde alan, &ldquo;Bermuda şeytan &uuml;&ccedil;geni&rdquo; olarak tanımlanıyor. Bu b&ouml;lgede &ccedil;ok sayıda gemi ve u&ccedil;ağın kaybolduğu biliniyor. Bunun konumuzla ne ilgisi var diye d&uuml;ş&uuml;n&uuml;yor olabilirsiniz. Ancak TİSK&rsquo;in yukarıda ifade ettiğimiz beş talebi işte &ccedil;alışma hayatının Bermuda şeytan beşgeni gibidir. Eğer bu talepler hayata ge&ccedil;erse &ccedil;alışanların kıdem tazminatı, emeklilik, sendikalaşma, toplus&ouml;zleşme, grev, fazla mesai ve yıllık izin gibi en temel ve kazanılmış hakları ortadan kalkar, iş g&uuml;vencesi esnekleşir. &Ccedil;alışanların haklarını korumak ve geliştirmekle sorumlu olan sendikalar, tehlikenin farkına varmalı, bir an &ouml;nce işverenlerin şer taleplerine karşı gereken yanıtı vermelidir.</p>\r\n","hideAds":false,"createdDate":1572738393000,"updatedDate":1572735540000,"hitCount":1256,"active":true,"lastUpdaterIp":"159.146.49.169","hasEmbeddedTitle":false,"showOnHomePage":false,"currentUrl":"bermuda-seytan-besgeni-tarik-tekgozli-kose-yazilari-kasim-2019"},{"id":134848,"title":"Sağlıklı ve güvenli çalışma ortamı hayat kurtarır!","contentType":"CORNER_POST","coverImage":"","socialMediaImage":"","publicationDate":1569715920000,"tags":[],"spot":"","body":"<p>İş kazaları; her ne kadar duyarsız kalsak da g&ouml;rmezlikten gelsek de &uuml;lkemizin en &ouml;nemli sorunlarının başında geliyor. <strong>İşyerlerinde sağlıklı ve g&uuml;venli &ccedil;alışma koşulları sağlanmadığı i&ccedil;in tehlikeler ciddi risk oluşturuyor. Mali giderlerden ka&ccedil;ınmak adına &quot;Bir şey olmaz&quot; diyerek gerekli &ouml;nlemleri almayan bazı işverenlerin bu tutumu, ne yazık ki &ccedil;alışanların &quot;yaşam hakkı&quot;nı tehdit ediyor. </strong>Her ne kadar &ccedil;alışanların sağlığını ve g&uuml;venliğini sağlamak i&ccedil;in 2012 yılında İş Sağlığı Ve G&uuml;venliği Kanunu &ccedil;ıkarılsa da işyerlerinde sağlıklı ve g&uuml;venli &ccedil;alışma koşulları hen&uuml;z sağlanmış değil. <strong>&Ouml;yle ki; bu yılın ilk sekiz ayında en az 1174 emek&ccedil;i iş kazaları sonucu hayata kaybetti. </strong>Tabii sağlıklı ve g&uuml;venli &ccedil;alışma koşullarını da bir kanunla sağlamak m&uuml;mk&uuml;n değil. Bu noktada <strong>yasa koyucu devlete, asli sorumlu işverene ve yaşam hakkı tehdit altında olan &ccedil;alışana b&uuml;y&uuml;k g&ouml;revler d&uuml;ş&uuml;yor. </strong></p>\r\n\r\n<p><strong>SIKI DENETİM, CAYDIRICI YAPTIRIM </strong></p>\r\n\r\n<p>Devlet; yasaların &ccedil;iğnenmesine karşın denetim ve yaptırım mekanizmalarını en iyi şekilde işletmelidir. Aksi durumda <strong>caydırıcı olmayan yaptırımların, g&ouml;stermelik denetimlerin, kağıt &uuml;zerinde tamamlanan sorumlulukların bedelini, sağlıklı ve g&uuml;venli &ccedil;alışma ortamından yoksun &ccedil;alışanlar &ouml;demek durumunda kalıyor.</strong> B&ouml;yle bir tabloyla karşılaşmamak adına &ouml;ncelikle işyerlerinde sağlıklı ve g&uuml;venli &ccedil;alışma koşullarını sağlamayan <strong>işverenlerin ağır cezalarla karşı karşıya kalmasını &ouml;ng&ouml;ren yasal mevzuatlar bir an &ouml;nce &ccedil;ıkarılmalıdır.</strong> Ayrıca <strong>işverenlerin bu yasalara uyup uymadığını kontrol edebilmek i&ccedil;in &quot;denetim el&ccedil;ileri&quot; olan m&uuml;fettişlerin istihdamı artırılmalıdır. Devletin g&ouml;revi bunlarla da bitmiyor. </strong></p>\r\n\r\n<p><strong>UZMAN BULUNDURMAK ZORUNLU OLMALI </strong></p>\r\n\r\n<p>2012 yılında &ccedil;ıkarılan yasayla birlikte, &ccedil;alışan sayısı ve tehlike sınıfına g&ouml;re bazı işyerlerine iş g&uuml;venliği uzmanı bulundurma zorunluluğu getirildi. Ancak <strong>iş kazaları; zaman ve adres sormuyor. Bu nedenle iş g&uuml;venliği uzmanı bulundurma zorunluluğunun t&uuml;m işyerlerini kapsaması gerekiyor.</strong> İş g&uuml;venliği uzmanları, işverenler i&ccedil;in adeta bir pusula g&ouml;revi g&ouml;r&uuml;yor. <strong>Uzmanlar, işyerlerinde sağlıklı ve g&uuml;venli &ccedil;alışma koşullarının sağlanması i&ccedil;in işverenlere danışmanlık yapıyor. </strong>İş g&uuml;venliği uzmanları; işyerlerinde tehlikeleri tespit eder, riskin ortadan kaldırılması i&ccedil;in alınması gereken &ouml;nlemleri tek tek belirler, yazılı hale getirir. Ve sağlıklı ve g&uuml;venli &ccedil;alışma ortamının sağlanması i&ccedil;in işverene &ouml;neride bulunur, bunun takibini yapar. &Ccedil;alışma ortamını g&ouml;zetir, mevzuat gereği yapılması gereken <strong>periyodik bakım, kontrol ve &ouml;l&ccedil;&uuml;mleri planlar ve uygulamalarını kontrol eder.</strong> Acil durum planlarının hazırlanması &ccedil;alışmalarına katılır. İş&ccedil;i sağlığı ve iş g&uuml;venliği i&ccedil;in &ccedil;alışanlara gerekli eğitimleri verir. Ancak <strong>uzmanların bu g&ouml;revleri eksiksiz şekilde yerine getirebilmesi i&ccedil;in mesleki bağımsızlığının sağlanması ve korunması gerekiyor. Bunun i&ccedil;in uzmanların işverenlere olan parasal bağımlılığına son verilmelidir. &Uuml;cretlerin de devlet tarafından oluşturulacak ortak havuzdan karşılanması sağlanmalıdır. </strong></p>\r\n\r\n<p><strong>TEDBİR ALINMASINDAN İŞVEREN SORUMLU </strong></p>\r\n\r\n<p><strong>İşverenler, işyerlerinde sağlıklı ve g&uuml;venli &ccedil;alışma koşullarını sağlamakla sorumlu olan taraftır. </strong>İşverenler; risk değerlendirmesi yapar veya yaptırır. G&ouml;rev verirken &ccedil;alışanın sağlık ve g&uuml;venlik y&ouml;n&uuml;nden uygunluğunu g&ouml;z &ouml;n&uuml;nde bulundurur. Her t&uuml;rl&uuml; tedbirin alınması, bununla ilgili ara&ccedil; ve gere&ccedil;lerin sağlanması, mesleki risklerin &ouml;nlenmesi, sağlık ve g&uuml;venlik tedbirlerinin değişen şartlara uygun hale getirilmesi, mevcut durumun iyileştirilmesi i&ccedil;in &ccedil;alışma yapar. <strong>Sağlıklı ve g&uuml;venli &ccedil;alışma ortamını sağlamak i&ccedil;in alınan tedbirlere uyulup uyulmadığını izler, denetler, uygunsuzlukların giderilmesini sağlar. </strong></p>\r\n\r\n<p><strong>&Ccedil;ALIŞANLARA D&Uuml;ŞEN G&Ouml;REV </strong></p>\r\n\r\n<p>&Ccedil;alışanlarsa g&ouml;rev alanı i&ccedil;erisinde sağlıklı ve g&uuml;venli &ccedil;alışma ortamı oluşturulması i&ccedil;in hem işverenle hem de &ccedil;alışan temsilcisiyle işbirliği yapmalıdır. Talimat doğrultusunda yaptıkları işten diğer &ccedil;alışanların etkilenmemesine &ouml;zen g&ouml;stermeli, etkilenmenin s&ouml;z konusu olacağı vakit onların sağlık ve g&uuml;venliklerini tehlikeye sokmamaya dikkat etmelidir. Kendilerine sağlanan kişisel koruyucu donanımı doğru kullanmalı ve korumalıdır. <strong>İşyerlerinde sağlık ve g&uuml;venlik y&ouml;n&uuml;nden ciddi bir tehlikeyle karşılaştıklarında veya koruma tebdirlerinde eksiklik g&ouml;rd&uuml;klerinde bunu işverene veya &ccedil;alışan temsilcisine derhal bildirmelidir. </strong></p>\r\n\r\n<p>&Ouml;zetle yukarıda ifade ettiğimiz; devlete, işverene ve &ccedil;alışana d&uuml;şen sorumlulukların eksiksiz şekilde yerine getirilmesi durumunda &ouml;l&uuml;ml&uuml; iş kazalarında ciddi oranda azalma olacağını &ouml;ng&ouml;rebiliriz. <strong>Kuşkusuz sağlıklı ve g&uuml;venli &ccedil;alışma ortamı hayat kurtaracaktır</strong></p>\r\n","hideAds":false,"createdDate":1569716265000,"updatedDate":1569715920000,"hitCount":2104,"active":true,"lastUpdaterIp":"94.122.76.149","hasEmbeddedTitle":false,"showOnHomePage":false,"currentUrl":"saglikli-ve-guvenli-calisma-ortami-hayat-kurtarir-tarik-tekgozli-kose-yazilari-eylul-2019"},{"id":131988,"title":"Kamu sözleşmesinde çarpıtmalar ve gerçekler","contentType":"CORNER_POST","coverImage":"","socialMediaImage":"","publicationDate":1565913600000,"tags":[],"spot":"","body":"<p>T&uuml;rk-İş Konfederasyonu ile h&uuml;k&uuml;met arasında imzalanan kamu toplu iş s&ouml;zleşmeleri &ccedil;er&ccedil;eve anlaşma protokol&uuml; tartışmalara neden oldu. İmza atılan protokole dair sosyal medya platformlarında &ccedil;eşitli &ccedil;arpıtmalar yapılırken T&uuml;rk-İş ve T&uuml;rk-İş Genel Başkanı Erg&uuml;n Atalay hedef tahtasına oturtuldu. &Ouml;zelikle T&uuml;rk-İş Genel Başkanı Atalay&rsquo;ın, &Ccedil;alışma Bakanı Zehra Z&uuml;mr&uuml;t Sel&ccedil;uk&rsquo;a doğru eğilerek &ldquo;Uzasa işi karıştıracağız. En azından kapattım b&ouml;yle&rdquo; konuşması &uuml;zerinden bir algı operasyonu y&uuml;r&uuml;t&uuml;lmesi dikkat &ccedil;ekti. Yazıda, s&ouml;z konusu &ccedil;arpıtmalara ve iş&ccedil;i tarafının elini zayıflatan mevzuata değinmekle kalmayıp pusuya yatmışcasına bir anda ortaya &ccedil;ıkıp T&uuml;rk-İş&rsquo;i topa tutan sendikalara ve &uuml;zerine d&uuml;şeni yapmayan emek&ccedil;ilere dair de s&ouml;yleyeceklerim olacak.</p>\r\n\r\n<p>Tabii en sonda s&ouml;yleyeceğimi en başta ifade etmiş olayım. İmzalanan protokol&uuml;n iyi olduğunu iddia etmediğim gibi k&ouml;t&uuml; olduğunu da s&ouml;ylemiyorum. &ldquo;Hem iyi değil hem k&ouml;t&uuml; değil diyorsun b&ouml;yle şey olur mu?&rdquo; diyorsanız, l&uuml;tfen okuyun. Hadi başlayalım...</p>\r\n\r\n<p><strong>ZAM ORANLARI </strong></p>\r\n\r\n<p><strong>BİRİNCİ &Ccedil;ARPITMA:</strong> Sosyal medyada, bazı internet sitelerinde t&uuml;m iş&ccedil;iler i&ccedil;in birinci yılın ilk altı ayı i&ccedil;in alınan zam oranı y&uuml;zde 8 olarak ifade edildi. Ancak iki farklı durum s&ouml;z konusu. Evet, &ccedil;alışanların bir kesimi i&ccedil;in bu doğru. Ancak &uuml;cretleri br&uuml;t 3500 TL&rsquo;nin altında olanlara ayrıca 150 TL iyileştirme yapıldı. Artı bunun &uuml;zerine y&uuml;zde 8 oranında artış sağlandı. Peki bu ne anlama geliyor? İyileştirme artı zam, 2.500 TL &uuml;cret alan bir iş&ccedil;inin &uuml;cretinin 2.862 TL&rsquo;ye &ccedil;ıkması demek oluyor. Zam oranı y&uuml;zde 14-15&rsquo;e denk geliyor. Ki işyerlerine g&ouml;re değişmekle birlikte kamuda bu zam oranından yararlanacak &ccedil;alışan sayısı hi&ccedil; de az değil.</p>\r\n\r\n<p><strong>İKİNCİ &Ccedil;ARPITMA:</strong> Birinci yılın ikinci altı ayı i&ccedil;in yapılan zam oranı da sadece y&uuml;zde 4 değil. Enflasyon oranının y&uuml;zde 4&rsquo;&uuml;n &uuml;zerine &ccedil;ıkması durumunda aradaki fark da &uuml;cretlere yansıtılacak. Yani iş&ccedil;i enflasyona ezdirilmeyecek. Krizin derinleşeceği bir s&uuml;re&ccedil;te bunu g&ouml;zardı etmek m&uuml;mk&uuml;n değil.&nbsp;</p>\r\n\r\n<p><strong>845 TL DENGE &Ouml;DENEĞİ VERİLECEK</strong></p>\r\n\r\n<p><strong>&Uuml;&Ccedil;&Uuml;NC&Uuml; &Ccedil;ARPITMA:</strong> &ldquo;Denge &ouml;deneği&rdquo;nin kaldırıldığı iddia edildi. Bu da doğru değil. Bir &ouml;nceki s&ouml;zleşmede bu &ouml;denek 750 TL&rsquo;ye &ccedil;ıkarılmıştı. &Ouml;denekte de &uuml;cretlere alınan zam oranında artış sağlandı, iş&ccedil;ilere bunun i&ccedil;in bu yıl ayrıca 845 TL civarında bir &ouml;deme yapılacak.</p>\r\n\r\n<p><strong>D&Ouml;RD&Uuml;NC&Uuml; &Ccedil;ARPITMA: </strong>&Ccedil;alışma Bakanı Zehra Sel&ccedil;uk, protokol&uuml;n detaylarını a&ccedil;ıkladıktan sonra &ldquo;S&ouml;z&uuml; T&uuml;rk-İş başkanına veriyorum&rdquo; diyor ve sayın Erg&uuml;n Atalay, &ldquo;Siz s&ouml;yleyeceklerinizi s&ouml;ylediniz. Benim s&ouml;yleyeceğim bir şey yok. Hayırlı olsun&rdquo; diyerek konuyu kapatıyor. Sonrasında sayın Erg&uuml;n Atalay, Bakan Sel&ccedil;uk&rsquo;a doğru eğilerek &ldquo;Uzasa işi karıştıracağız. En azından kapattım b&ouml;yle&rdquo; diyor. Gel gelelim bu s&ouml;zler, &ldquo;T&uuml;rk-İş iş&ccedil;iyi sattı&rdquo; diye kimi &ccedil;evrelerce piyasaya s&uuml;r&uuml;ld&uuml;. Peki bir &ouml;nceki diyalogun neden g&ouml;zardı edildiğinin takdirini siz okurlara bırakıyorum.</p>\r\n\r\n<p>Sayın Atalay da &ccedil;arşamba g&uuml;n&uuml; katıldığı bir televizyon programında konuya daha da a&ccedil;ıklık getirdi, g&uuml;ndemin kamu s&ouml;zleşmesi olduğunu, konuşsaydı taşeron meselesine gireceğini ve işi sulandıracağını, bu nedenle kısa konuşmasının nedenini &Ccedil;alışma Bakanına bu s&ouml;zlerle ifade ettiğini a&ccedil;ıkladı.</p>\r\n\r\n<p><strong>BAŞKANLAR ONAY VERDİ, ATALAY İMZALADI </strong></p>\r\n\r\n<p><strong>BEŞİNCİ &Ccedil;ARPITMA:</strong> Protokol&uuml;n imzalanmasında irade sayın Erg&uuml;n Atalay&rsquo;daymış gibi bir algı yaratıldı, hedefe kondu. Ancak kazın ayağı hi&ccedil; de &ouml;yle değil. 16 sendika genel başkanının i&ccedil;inde yer aldığı &ldquo;Kamu Koordinasyon Kurulu&rdquo; h&uuml;k&uuml;metin teklifini değerlendirip onay verdi, sayın Atalay da imzayı attı. Atalay&rsquo;ın &ouml;rg&uuml;tl&uuml; olmadığı, iş&ccedil;i &uuml;cret d&uuml;zeylerini bilmediği işyerleri i&ccedil;in kalkıp ilgili sendika başkanlarını dikkate almayarak bir karar vermesi s&ouml;z konusu olamazdı, olmadı da. Bu noktada s&ouml;zleşmeden memnun olmayanların, &uuml;yesi oldukları sendika başkanlarıyla muhatap olmasının en doğru yaklaşım olacağı ortadadır.</p>\r\n\r\n<p><strong>TARTIŞILMASI GEREKEN &Ccedil;ALIŞMA MEVZUATI </strong></p>\r\n\r\n<p>S&ouml;z konusu &ccedil;arpıtmaları d&uuml;zelttikten sonra toplus&ouml;zleşme s&uuml;recinin işleyişine de değinmekte yarar var. Ki bu husus sendikaların elini zayıflatan en &ouml;nemli noktalardan biri. Siz bakmayın &ccedil;alışma mevzuatını bilmeyenlerin, oturduğu yerden ahkam kesenlerin s&ouml;zde eleştirilerine... İşin aslına gelirsek toplus&ouml;zleşme g&ouml;r&uuml;şmelerinde anlaşma sağlanamadığı takdirde bazı işyerlerinde &ccedil;alışanlar greve &ccedil;ıkacaktı. T&uuml;rkiye Petrolleri, BOTAŞ, Eti Bor gibi bazı işyerlerindeyse grev yasağı nedeniyle s&ouml;zleşmeler Y&uuml;ksek Hakem Kurulu&rsquo;nca (YHK) bağıtlanacaktı. Bu nokta &ccedil;ok &ouml;nemli. 12 Eyl&uuml;l darbesinin &uuml;r&uuml;n&uuml; olan YHK bug&uuml;n maalesef işverenleri memnun etme kurumuna d&ouml;n&uuml;şm&uuml;ş durumda. YHK&rsquo;nın bug&uuml;ne kadar bağıtladığı s&ouml;zleşmelerde kazanılmış hakları bile tırpanladığı oldu. Dolayısıyla bazı işyerlerinde s&ouml;zleşmenin YHK&rsquo;da bağıtlanmasını g&ouml;ze alabilmenin b&uuml;y&uuml;k riskler i&ccedil;erdiğini, mevzuata hakim olanlar &ccedil;ok iyi bilir. &Ouml;rneğin yakın zamanda T&uuml;praş&rsquo;ta s&ouml;zleşme YHK&rsquo;da bağıtlandı ve iş&ccedil;ilerin y&uuml;zde 30&rsquo;ları aşan &uuml;cret artışları talebine karşılık &ccedil;alışanlara y&uuml;zde 6 oranında zam verildi. T&uuml;praş&rsquo;ta şu an huzursuzluk had safhada.</p>\r\n\r\n<p>Diğer taraftan grev yasağı olmayan işyerleri i&ccedil;in h&uuml;k&uuml;metin grevi erteleme hakkı da var. Dolayısıyla masada sendikal hareketin elinin zayıflatan bir&ccedil;ok unsurun olduğunu g&ouml;zardı etmek m&uuml;mk&uuml;n değil. Mevcut sistemin &ccedil;izdiği sınırlar i&ccedil;inde yapılacak sendikacılığın ne kadar olabileceğinin takdirini yine siz okurlara bırakıyorum. Bana g&ouml;re esas tartışılması gerekilen şey T&uuml;rk-İş Konfederasyonu değil &ccedil;alışma mevzuatı ve bu mevzuatı demokratikleştirmeyen h&uuml;k&uuml;metin tutumu olmalı.</p>\r\n\r\n<p><strong>SORUMLULUK İŞ&Ccedil;İNİN KENDİSİNDE</strong></p>\r\n\r\n<p>Şimdi gelelim biz emek&ccedil;ilere... Sendikalar &ccedil;alışanların &ccedil;ıkarlarını korumak ve geliştirmekle sorumlu yapılardır. Ancak bu yapılar, sadece sendikacılara bırakılmayacak kadar da değerli olmakla birlikte ancak &uuml;yeleriyle varlığını s&uuml;rd&uuml;rebilen ve hissettirebilen &ouml;rg&uuml;tlerdir. Sendikaların eksikliklerden ve hatalardan, &uuml;ye olup da taşın altına eline sokmayan ve sadece sendika y&ouml;netimlerinden maddi beklenti i&ccedil;inde olanların da payı var. Y&ouml;neticiler işin gereğini yerine getirmiyorsa ya da getiremiyorsa getirebileceklerin y&ouml;netimlere taşınmasında sorumluluk bizzat &uuml;ye iş&ccedil;ilerin kendisindedir. Dolayısıyla bug&uuml;n iş&ccedil;iler nasılsa sendikalar da onun yansıması gibidir. &Ouml;nce iğneyi kendimize batıralım sonra &ccedil;uvaldızı sendikacılara...</p>\r\n\r\n<p><strong>DİSK Y&Ouml;NETİCİLERİNİN KARA Y&Uuml;Z&Uuml;</strong></p>\r\n\r\n<p>Sosyal medya platformlarında profil incelemesi yaptığınızda T&uuml;rk-İş&rsquo;in hedef tahtasına oturtulmasının &ouml;nc&uuml;l&uuml;ğ&uuml;n&uuml; DİSK ve konfederasyona bağlı bazı sendikaların yapması dikkat &ccedil;ekici. T&uuml;rk-İş&rsquo;in y&uuml;z&uuml; kara, DİSK&rsquo;in y&uuml;z&uuml; ondan da kara. Yazılanları okuyunca bu ne perhiz bu ne lahana turşusu diyorsunuz. Birka&ccedil; sendikayı hari&ccedil; tutarak ifade ediyorum, ter&ouml;r &ouml;rg&uuml;t&uuml; PKK&rsquo;nın siyasi partisi HDP&rsquo;nin şemsiyesi altında s&ouml;zde sendikacılık yapanların T&uuml;rk-İş&rsquo;e sendikacılık dersi vermeye kalkması a&ccedil;ık&ccedil;ası bana komik geldi. &Ouml;yle ki bu sendikaların y&ouml;neticilerinin, kendilerine muhalefet edenleri tasfiye etmekten geri durmadığının sayısız &ouml;rnekleri mevcut. DİSK Y&ouml;neticileri, bağlı sendikalardaki muhaliflerin &ccedil;eşitli entrikalarla tasfiye edilmesini sendikaların demokratik yapı ve işleyişinin neresine koyuyor acaba? Peki DİSK Y&ouml;neticilerinin ter&ouml;r &ouml;rg&uuml;t&uuml; PKK konusundaki tutumuna ne demeli? &Ouml;rneğin DİSK Y&ouml;neticileri, zamanında G&uuml;neydoğu&rsquo;da şehirlerde hendekler kazan, barikatlar kuran, silahlı n&ouml;betler tutan, bombalar tuzaklayan PKK&rsquo;ya neden tek ses &ccedil;ıkarmadı? Ama s&ouml;z konusu ter&ouml;r &ouml;rg&uuml;t&uuml;ne karşı y&uuml;r&uuml;t&uuml;len m&uuml;cadele olunca HDP gibi &ldquo;barış&rdquo; s&ouml;ylemine sarılmaktan geri durmadı. İsterseniz 1 Mayıslara da bir g&ouml;z atalım. &Ouml;rneğin 2016 1 Mayıs&rsquo;ında İstanbul Bakırk&ouml;y&rsquo;deki mitingde Abdullah &Ouml;calanlı bayraklar ve PKK flamaları sallanırken, k&uuml;rs&uuml;den &ldquo;gerillaya selam&rdquo; g&ouml;nderen şarkılar seslendirilirken DİSK Y&ouml;neticilerinden m&uuml;dahale eden olmadı. Neden? Bu noktada şunu sormadan ge&ccedil;meyelim. DİSK Y&ouml;neticileri, bağımsızlık bayrağımız olan &ldquo;T&uuml;rk bayrağı&rdquo;nı neden mitinglerinde ve basın a&ccedil;ıklamalarında kullanmaz, neden alerji duyar?</p>\r\n\r\n<p><strong>EMPERYALİSTLERDEN HİBE ALAN &lsquo;DEVRİMCİ SENDİKACILAR&rsquo; </strong></p>\r\n\r\n<p>&ldquo;Devrimci&rdquo; kelimesini konfederasyon başından eksik etmeyen DİSK ve bağlı sendikalar neden emperyalist AB&rsquo;den, finansmanını AB&rsquo;nin sağladığı kuruluşlardan hibe alır? DİSK&rsquo;in anti emperyalist geleneğine ters olan bu duruma son vermeyi ne zaman d&uuml;ş&uuml;necekler merak ediyorum doğrusu... T&uuml;m bunlar dikkate alındığında DİSK Y&ouml;neticilerinin ne kadar yerli ne kadar milli olduğu tartışmalıdır. Takdir okurun...</p>\r\n\r\n<p>Ayrıca &ldquo;iş&ccedil;i sınıfı sendikacılığı&rdquo;nı başkasına bırakmayan DİSK Y&ouml;neticileri, ge&ccedil;enlerde Genel-İş Genel Başkanı Remzi &Ccedil;alışkan&rsquo;ın &Ccedil;ankaya Belediyesi &Ccedil;ANPAŞ AŞ &ccedil;alışanları tarafında protesto edilmesini iş&ccedil;i sınıfı sendikacılığının neresine koyuyor? Ya da Genel-İş Sendikası&rsquo;nın Kadık&ouml;y Belediyesi&rsquo;nde imzaladığı toplus&ouml;zleşmede yapılan değişikliğe ne demeli? Disiplin kurulunda oybirliği oluşmadığı takdirde iş&ccedil;i &ccedil;ıkarmada karar yetkisi, şirketin y&ouml;netim kuruluna verildi. Bu madde sınıf sendikacılığının neresine sıkıştırılacak?</p>\r\n","hideAds":false,"createdDate":1565850616000,"updatedDate":1565945522000,"hitCount":7760,"active":true,"lastUpdaterIp":"162.158.251.69","hasEmbeddedTitle":false,"showOnHomePage":false,"currentUrl":"kamu-sozlesmesinde-carpitmalar-ve-gercekler-tarik-tekgozli-kose-yazilari-agustos-2019"},{"id":121930,"title":"Maaşı ödenmeyen çalışanların bilinmeyen hakkı!","contentType":"CORNER_POST","coverImage":"","socialMediaImage":"","publicationDate":1553382000000,"tags":[],"spot":"","body":"<p>Biz &ccedil;alışanların sorunları bitmek bilmiyor. Hele ağustos ayından bu yana derinleşen ekonomik krizle birlikte sorunlarımız daha da arttı. K&uuml;&ccedil;&uuml;lmeye giden, konkordato ilan eden &ldquo;şirket enkazları&rdquo;nın altında kalan yine biz &ccedil;alışanlar oluyoruz. Kimimizin ya yıllık izinleri zorunlu olarak kullandırılıyor ya &uuml;cretsiz izne g&ouml;nderiliyoruz ya &uuml;cretlerimizin &ouml;demeleri geciktiriliyor ya da kapının &ouml;n&uuml;ne konuyoruz. Ger&ccedil;ekten de &ccedil;aresizlik i&ccedil;inde bu yollara başvuran işverenler olsa da ekonomik krizi &ldquo;bahane&rdquo; ederek mevcut haklarımızı tırpanlamaya &ccedil;alışan &ldquo;a&ccedil; g&ouml;z&rdquo; patronların olduğunu da &ccedil;ok iyi biliyoruz. Peki bu uygulamalara karşı yasalarda biz &ccedil;alışanları koruyan maddeler yok mu? Tabii ki var. İşte bu yazıda o maddelerden birine değineceğim.<br />\r\n<strong>O S&Uuml;REYE DİKKAT EDİN</strong><br />\r\n&Uuml;creti-maaşı g&uuml;n&uuml;nde &ouml;denmeyen &ccedil;alışanların belirli koşulların oluşması durumunda işverene y&ouml;nelik yaptırımları mevcut. Yasadan doğan bu hak &ccedil;alışanlar tarafından pek bilinmez. Hakkın sadece 4857 sayılı İş Kanunu&#39;na tabi &ccedil;alışanları ilgilendirdiğini de belirtmeden ge&ccedil;meyelim. Yasanın 34&#39;&uuml;nc&uuml; maddesine g&ouml;re; &ccedil;alışanların &uuml;cretlerin g&uuml;n&uuml;nde &ouml;denmemesine karşı iş durdurma hakkı var. Ancak bu hakkın yerine getirilebilmesi i&ccedil;in &ouml;deme g&uuml;n&uuml; &uuml;zerinden en az 20 g&uuml;n ge&ccedil;mesi gerekiyor. Yani &ouml;deme tarihinden itibaren 21 g&uuml;n sonra &ccedil;alışmaktan ka&ccedil;ınma hakkınızı kullanabilirsiniz, bu yasaldır. Ancak burada dikkat etmeniz gereken birka&ccedil; nokta daha var. İş s&ouml;zleşmesindeki &ouml;deme tarihi ile işyerinizdeki &ouml;deme tarihi farklı olabilir. İş s&ouml;zleşmesindeki veya toplu iş s&ouml;zleşmesindeki &ouml;deme tarihini dikkate alarak bu hakkı kullanmanızda fayda var. Bir de işten ka&ccedil;ınma hakkınızı işyerinize giderek kullanmanız gerekiyor. Aksi takdirde &uuml;st &uuml;stte devamsızlık yapmanız nedeniyle işten atılmanıza hukuki dayanak yaratmış olabilirsiniz.&nbsp;<br />\r\n<strong>SİZİ İŞTEN &Ccedil;IKARAMAZ</strong><br />\r\nİşten ka&ccedil;ınma hakkını kullandığınız i&ccedil;in işvereniniz &ccedil;alışmadığınızdan dolayı iş s&ouml;zleşmenizi feshedemez, yerinize başka birini alamaz ve işlerinizi başkalarına yaptıramaz. Ayrıca g&uuml;n&uuml;nde &ouml;denmeyen &uuml;cretler i&ccedil;in işvereninizden gecikme faizi talebinde bulunabilirsiniz. Eğer aksi bir durum s&ouml;z konusu olur, işvereniniz &ccedil;alışmadığınızdan dolayı iş s&ouml;zleşmenizi feshederse korkmayın. Bu haksız fesihe girer ve hukuki s&uuml;recin sonunda kazanan taraf siz olursunuz.<br />\r\n<strong>YAZILI BİLDİRİMDE BULUNUN</strong><br />\r\nHer &ccedil;alışanın iş g&ouml;rme borcunu yerine getirmekten ka&ccedil;ınma hakkını kullanmadan &ouml;nce kendi adına işverene yazılı olarak bildirimde bulunmasında yarar olacağını d&uuml;ş&uuml;n&uuml;yorum. Bunun i&ccedil;in dilek&ccedil;enize &ldquo;&Uuml;cretim &ouml;denmediği i&ccedil;in 4857 sayılı İş Kanunu&rsquo;nun 34&#39;&uuml;nc&uuml; maddesinde belirtilen hakkımı kullanıyorum&rdquo; diye yazmanız yeterli olur. Bunu yaparak yasalardan doğan haklarınızı bildiğinizi ve yaptırımınızın bir hukuki dayanağı olduğunu işverene g&ouml;stermiş olursunuz. Hatta eyleme ge&ccedil;meden &uuml;cretlerinizin yatmasına bile neden olabilirsiniz. Ayrıca herhangi bir haksız işten &ccedil;ıkarma s&ouml;z konusu olması durumunda yargı aşamasında elinizi g&uuml;&ccedil;lendirecek emarelerin olması hi&ccedil; de k&ouml;t&uuml; olmaz.<br />\r\n<strong>SADECE &#39;MAAŞ&#39; İ&Ccedil;İN DEĞİL</strong><br />\r\nİşten ka&ccedil;ınma hakkınız, halk diliyle ifade edecek olursak sadece &ldquo;maaş&rdquo;ınızın &ouml;denmemesi durumunda kullanabilmenizle sınırlı değil. &ldquo;&Uuml;cret&rdquo;, İş Kanunu&#39;nda geniş anlamda tanımlanmış. O nedenle &uuml;cret niteliğinde olan ve devamlılık g&ouml;steren prim, ikramiye, fazla &ccedil;alışma &uuml;creti gibi &ouml;demeler de &ldquo;&uuml;cret&rdquo; kapsamında değerlendirilir. Bunların da &ouml;denmemesi durumunda -koşullar oluşmuşsa eğer- işten ka&ccedil;ınma hakkınızı kullanabilirsiniz. Yargıtay 7&#39;inci Hukuk Dairesi de kararında, prim &ouml;demelerinin yirmi g&uuml;n ve daha fazla s&uuml;reyle &ouml;denmemiş olması halinde, iş&ccedil;inin İş Kanunu&#39;nun 34&rsquo;&uuml;nc&uuml; maddesine g&ouml;re iş g&ouml;rmekten ka&ccedil;ınma hakkı olduğunu belirtmiştir.</p>\r\n","hideAds":false,"createdDate":1553387361000,"updatedDate":1553382000000,"hitCount":5182,"active":true,"lastUpdaterIp":"141.101.104.42","hasEmbeddedTitle":false,"showOnHomePage":false,"currentUrl":"maasi-odenmeyen-calisanlarin-bilinmeyen-hakki-tarik-tekgozli-kose-yazilari-mart-2019"}]},"success":true}