{"data":{"totalCount":1,"author":{"id":124,"name":"Gülten Kolçak","image":"2019/11/27/3b686ee9-005a-42a9-9fe0-3807b4d63649.jpg","authorType":"WEBSITE","emailAddress":"","twitter":"","facebook":"","instagram":"","youtube":"","background":"","active":true,"socialImage":"","lastPublicationDate":1529052540000,"slugUrl":"gulten-kolcak"},"contents":[{"id":94207,"title":"Haşimoto Tiroiditi- Kişinin kendine ihanetinin aynası","contentType":"CORNER_POST","coverImage":"","socialMediaImage":"","publicationDate":1529052540000,"tags":[],"spot":"","body":"<p>15 g&uuml;n &ouml;nceki k&ouml;şemde Tiroit hastalıklarını teorik a&ccedil;ıdan ayrıntılı olarak a&ccedil;ıklamıştım. Bu g&uuml;nki k&ouml;şemi, bunların sıhhate en zararlısı olan Haşimoto Tiroiditi(H.T.)&rsquo;ne ayırdım.&nbsp;<em><strong>H.T.bir psikosomatik hastalıktır</strong></em>. T&uuml;m psikosom. hastalıklarda olduğu gibi burada da hasta olan organ T. değildir.&nbsp;<em><strong>Burada esas hasta olan kişinin kendi yaşamına ihanetk&acirc;r bakış a&ccedil;ısıdır. İşte kişinin kendine &ouml;z doğasına karşı bu tutumunu da T.Bezi(B.) &ccedil;elişkili &uuml;retimiyle dile getirir.&nbsp;&nbsp;</strong></em></p>\r\n\r\n<p><strong>HAŞİMOTO TİROİDİTİ&rsquo;NİN&nbsp;&nbsp;DOĞA KARŞITI İŞLEVSELLİĞİ&nbsp;&nbsp;&nbsp;</strong></p>\r\n\r\n<p><em>H.T.hastasının beynine ilettiği, &ouml;z yaşamını dışlayıcı d&uuml;ş&uuml;nce tutum ve duyguları i&ccedil; bez(endokrin bezler) h&uuml;crelerinin hormon sarfiyatını ayni oranda olumsuz etkiler. Onların dengesiz salgıları T.B.&rsquo;ine kan yolu ileiletilir. T.B.de&nbsp;hormonlarını, hastanın &ouml;z yaşamını dışladığı oranda, gereğinden az veya &ccedil;ok salgılar. Bağışıklık sistemi de bu ayarsızlığı katılarak, kendi doğal g&ouml;revi olan, T.B.&rsquo;ini bu olumsuz etkenlerden koruyacağına ona saldırır ve ona zarar verir. Bu tahribat, hastanın &ouml;z yaşamına ihaneti oranında T.B.&rsquo;nin hormon &uuml;retimini kısman veya tamamen kısıtlar. Tıbbi m&uuml;dahalesiz bu doğa karşıtı gelişim hatta kanser veya &ouml;l&uuml;mle sonu&ccedil;lanır. H.T.&rsquo;nin bedende belirtileri kilo kaybı, ilerleyici yorgunluk, terleme, bellek azalması vb.</em></p>\r\n\r\n<p><strong>HAŞİMOTO TİROİDİTİ</strong>&nbsp;&lsquo;<strong>NİN</strong>&nbsp;&nbsp;<strong>HASTANIN</strong>&nbsp;<strong>YAŞAM &Ouml;YK&Uuml;S&Uuml; İLE BAĞLANTISI</strong></p>\r\n\r\n<p><em>45 senelik meslek yaşamımda T.organı ile sorun yaşamış hastam olmadı. Dostlarımın arasında 2si kadın, 1i erkek H.T. sorunlu 3 kişi var. Onların yaşam &ouml;yk&uuml;leri bu hastalığın oluşum 3 esas nedenini aynen i&ccedil;eriyor. &Ouml;nce bu hastaların &Ccedil;ekirdekaile&rsquo;lerindeki yaşamlarına bir g&ouml;z atalım:&nbsp;</em><em><strong>anne h&uuml;k&uuml;mdar, baskıcı ve</strong></em>&nbsp;<em><strong>sembiyotik</strong></em><em>(birlikte asalak yaşam:&ccedil;ocuk annenin ruhsal bir par&ccedil;ası, o, ruhsal &ouml;zg&uuml;r bir varlık değil). Bu nedenle hastanın ruhsal gelişimi daha ilk oral(S.Freud: 0-1/15 yaş)evrede hasara uğramış. Bu&nbsp;evreye has&nbsp;</em><em><strong>&ouml;zg&uuml;ven duygusu</strong></em><em>&nbsp;da&nbsp;</em><em><strong>i&ccedil;selleştirilimemiş</strong></em><em>.&nbsp;</em><em><strong>Yaşam tapusu annenin elinde olduğundan hasta, kendi yaşam değerlerine karşı yabancılaşmış</strong></em><em>. Bu evreden başlamak &uuml;zere i&ccedil;selleştirdiği yaşam g&ouml;revi, annenin ve de yakın &ccedil;evrenin beklentilerini ger&ccedil;ekleştirmek.&nbsp;</em><em><strong>Hasta, &ouml;z&uuml;n&uuml; &ouml;nemsemeyi &ouml;ğrenmediği i&ccedil;in, &ouml;nemsenmeyi dışd&uuml;nyadan bekler olmuş</strong></em><em>,-ne acıdır ki&nbsp;</em><em><strong>o, dışa, &ouml;zelliklede yakın &ccedil;evresine y&uuml;klediği bu kişisel g&ouml;revi s&uuml;rekli kılmak i&ccedil;in bir yandan &ouml;z&uuml;ne olan ihanetinin, diğer yandan dış &ccedil;evreye kendini kurban ederek verdiği &ouml;d&uuml;llerin farkında bile</strong></em>&nbsp;<em><strong>değil</strong></em><em>.&nbsp;</em><em><strong>İşte bu</strong></em>&nbsp;<em><strong>ihaneti</strong></em><em><strong>,&nbsp;</strong></em><em><strong>H.T&rsquo;nin aynasında T.B.&rsquo;nin &uuml;retimini kısmen veya tamamen sonlandırmasında g&ouml;r&uuml;yoruz</strong></em><em>. T.B.bozuk işlevseliği ile hastaya sanki &ldquo;ben senin yaşamına olan tahribatını taklit ettim ki sen, &ouml;z&uuml;ne olan ihanetini artık anlayasın diye&rdquo; diyor. H.T.&rsquo;li 3 dostumda g&ouml;ze &ccedil;arpan diğer benzerlik mesleki kariyerlerini doruğuna erdirmiş olmaları. Bu da babalarına olan iletişimlerinin olumlu oluşunun bir işareti.&nbsp;&nbsp;&nbsp;&nbsp;&nbsp;&nbsp;&nbsp;&nbsp;&nbsp;</em></p>\r\n\r\n<p><strong>HAŞİMOTO TİROİDİTİ&rsquo;NİN TEDAVİSİ</strong></p>\r\n\r\n<p><em>H.T.B. hormon salgısını tamamen durdurmuşsa, tıbbi a&ccedil;ıdan&nbsp;</em><em><strong>ila&ccedil; tedavisi</strong></em><em>&nbsp;&ouml;ncelikle &ouml;nerilir. Buna paralel&nbsp;</em><em><strong>analitik psikoterapi</strong></em>&nbsp;<em><strong>yoluyla&nbsp;</strong></em><em>hastaya, &ouml;z&uuml;ne ihanetinin, &ouml;fke ve kin i&ccedil;erikli travmatik altyapısı tekrar, ama bu sefer bilin&ccedil;li olarak yaşatılılır. Bunun semeresi olarak onda,&nbsp;</em><em><strong>kendi yaşamını &ouml;nemseme yetisi</strong></em>&nbsp;<em><strong>g&uuml;&ccedil;lenir</strong></em><strong>.</strong>&nbsp;Yazımı, H.T. sorunlu hastaların, dostlarımın ve de ayni sorunu olan okuyucularımın, eski sıhhatli tiroid organlarına kavuşmaları dileği ile&nbsp;&nbsp;sonlandırıyorum.&nbsp;&nbsp;Sağlıcakla kalın</p>\r\n\r\n<p><br />\r\n<br />\r\n&nbsp;</p>\r\n\r\n<p>&nbsp;</p>\r\n","hideAds":false,"createdDate":1529052620000,"updatedDate":1529053007000,"hitCount":5923,"active":true,"lastUpdaterIp":"162.158.111.8","hasEmbeddedTitle":false,"showOnHomePage":false,"currentUrl":"hasimoto-tiroiditi-kisinin-kendine-ihanetinin-aynasi-gulten-kolcak-kose-yazilari-haziran-2018"}]},"success":true}