{"data":{"totalCount":15,"author":{"id":290,"name":"Kemal Cem Yılmaz","image":"2021/1/4/2d8c8147-00ec-4352-95f8-ff3cb8cbb1f1.jpg","authorType":"NEWSPAPER","emailAddress":"info@kemalcemyilmaz.de","twitter":"","facebook":"","background":"","active":true,"socialImage":"2021/1/4/d49a3ab2-e1c2-4953-b061-7051f97c68db.jpg","lastPublicationDate":1618165163787,"slugUrl":"kemal-cem-yilmaz"},"contents":[{"id":240511,"title":"ATİLA AYDINTAN-2 Avrupa’ya atılan zor adım","contentType":"CORNER_POST","coverImage":"","coverCode":"","publicationDate":1618182240000,"tags":[],"intro":"","spot":"","body":"<p>Ortaokul 1’de iken Atila Aydıntan’a Meclis kararıyla Harika Çocuklar Yasası kapsamında yurt dışında okuması için burs verilmişti. Ancak bir değişiklik getirilmişti uygulamaya. Daha önce İdil Biret ve Suna Kan’da olduğu gibi, anne ve babaların da evlatlarıyla birlikte Avrupa’da yaşamlarını karşılayacak şekilde verilmedi burs. Dolayısıyla gencecik yaştaki keman dehasının, maddi imkanları olmayan ailesini Türkiye’de bırakıp kendi başına Avrupa’ya gitmesi gerekiyordu. Bu, aile bağları sımsıkı olan Aydıntan ailesi için söz konusu bile olamazdı ve böylece ne yazık ki, Harika Çocuklar Yasası Atila Aydıntan’ın eğitimine yaramadı.</p><p>Aydıntan 15 yaşına geldiğinde; onu fedakarca yetiştiren İzzet Bey, öğrencisine artık keman konusunda daha fazla faydalı olamayacağı kanaatine varmıştı. O zamanlar Belçikalı keman eğitmeni Guille İgly gelmişti Ankara’ya ve büyük memnuniyetle Atila Aydıntan’ı öğrenci olarak kabul etti.</p><h3>HIZLI İLERLEME</h3><p>Atila Aydıntan lise sona kadar Belçikalı hocayla çalışmalarını sürdürdü. En zor müzikleri nefes alıp verircesine kolaylıkla özümsüyordu ve bu zihinsel mucizeyi teknik bir üstünlükle taçlandırıp Ankaralı seyirciyi büyülüyordu. CSO ile icra ettiği Mozart, Beethoven, Paganini, Tschaikowsky keman konçertoları, Saints-Saens’un meşhur Rondo Cappriccioso ve nice solo ve oda müziği başyapıtları kayıt edilmemiştir, ama Türkiye Cumhuriyeti’nin dünyadaki parıldayan ışığını temsil eden Ankaralı Üniversite talebelerinden oluşan bir kuşağın unutulmaz anılarında kalmıştır. Ve o derin tecrübeler, kişisel gelişmelerine sağladığı katkılarla insanın ebedi gelişim sürecine katılmıştır. Müziği yaşamak budur. Çağımızda artık neredeyse unutulmuş bir mucize, medeniyet ile doğallığın kaynaştığı doruk nokta.</p><h3>BELÇİKA BAĞLANTISI</h3><p>Atila Aydıntan artık o kadar hızlı ilerliyordu ki kemanda, sayın İgly de kendisini eğitmen olarak yetersiz görmeye başladı. İzzet Bey’den sonra bu sefer İgly hoca öğrencisinin Avrupa’da en yüksek seviyede keman çalışmalarını sürdürebilmesi için kollarını sıvadı. Atila’ya kayıtlar yaptırdı. Bu kayıtlarla Belçika Kültür Bakanlığındaki yetkilileri ikna edip Aydıntan’a, Brüksel’in meşhur müzik akademisinde eğitimine devam edebilmesi için bir burs ayarladı.</p><p>Ancak ne yazık ki, bir kez daha talihsizlik yaşandı. Bir kez daha bu değerin hakkı verilmedi. Hatta bu sefer hakkı yendi. Türk makamları, Belçika’dan gelen jesti kabul etmedi. “Belçika bursu bir şahısa özel veremez, buradan okumaya kimin gönderileceğine biz karar veririz“ şeklinde itiraz etti. Ve ardından, Atila Aydıntan için ayarlanmış burstan başka birisi, bir torpilli yararlandı. </p><p>Baba Ziya, oğluna yapılan haksızlığa dayanamadı. O güne kadar nasıl tüm varlığıyla evlatları için mücadele etmişse, o zaman da aynısını yapmaya kararlıydı. Turist olarak Belçika’ya gitti ve orada bizzat kendisi yetkili talebe müfettişine durumu izah etti. Atila’ya başka bir yoldan bursun verilmesini sağlayabildi. Öyle ya: bazen vatanımın insanı sandığın en büyük hainliği yapar, ama bir baba daima kale gibi durur evladının arkasında…</p><p>1961 yılında Aydıntan geleceğin Avrupa Başkenti Brüksel’deki Conservatoire Royal de Musique’de öğrenci oldu. 1962’de keman, 1963’de oda müziği bölümünü bitirdi. Meşhur kemancı ve öğretmen Andre Gertler’in gözünden kaçmadı elbette bu başarılı Türk. Adabı muaşeret gereği aynı okuldan başka bir hocanın öğrencisini kapmak istemedi ve Aydıntan’ı Hannover’de de Profesörlük yaptığı Musikhochschule’ye çağırdı. Bir kader anı: kim bilebilirdi ki o zaman, Atila Aydıntan’ın, bir gün, Musikhochschule Hannover’i 20. yüzyılın dünyadaki sayılı müzik eğitim ve araştırma merkezlerinden biri olmasını sağlayan, on yıllarca emek sarf etmiş değerli eğitmen kadrosunun oluşturucu ve kökleştirici bir mensubu olacağını?</p><h3>FIRSAT VE KADER</h3><p>Oysa kader bambaşka bir yöne de gidebilirdi; bir yarışma esnasında, paravan arkasından Aydıntan’ı dünyaca meşhur Sovyet keman virtüözü David Oistrakh dinleyip bu çalışın kime ait olduğunu öğrenmek istedi. David Oistrakh öyle hayran kaldı ki, genç Türk virtüözünü Moskova’ya yanına çağırdı. Eğitimine ve kariyerine orada devam etmesini istedi. 20. yüzyılın sayılı keman sanatçılarından biri Aydıntan’ı seçkin sınıfına çağırıyordu. Kim gitmek istemezdi ki? Tabii ki ailesiyle de görüşmesi gerekiyordu bu önemli kararı. Bu sefer, dönemin soğuk savaş ortamından dolayı yaygın olan kuşkular ve belirsizlikler, ailece yapılan istişareler sonucunda, Moskova’ya gitmeme kararına neden olmuştu.</p><p>Kısmet…</p><p>…</p><p>Haftaya; Hannover’deki Aydıntan. Keman ve orkestra eğitimindeki kalıcı ve sistematikleşmiş başarılarını anlatacağım.</p><p>Saygıyla.</p>","outro":"","hideAds":false,"createdDate":1618165163789,"updatedDate":1618165163789,"hitCount":499,"active":true,"lastUpdaterIp":"172.69.182.213","hasEmbeddedTitle":false,"showOnHomePage":false,"currentUrl":"atila-aydintan-2-avrupa-ya-atilan-zor-adim-240511"},{"id":239714,"title":"Atila Aydıntan: Bir Keman Virtüözü","contentType":"CORNER_POST","coverImage":"","coverCode":"","publicationDate":1617577200000,"tags":[],"intro":"","spot":"","body":"<p>Avrupa’dan ve Eski Sovyetler Birliği’nden Türkiye’ye gelip müzik eğitmeni olarak önemli işler yapmış, birbirinden değerli piyanist ve kemancılar yetiştirmiş, Türkiye’deki çok sesli müzik kültürüne damgasını vurmuş nice değerli hocalar vardır.</p><p>Önümüzdeki haftalardaki yazılarımda bunun tam tersini anlatan - yakın geçmişe ait olsa da - neredeyse tamamen unutulmuş ilginç bir yaşam öyküsünü kaleme alacağım.</p><p>Van’da başlayan, daha sonra İstanbul, Edirne, Aydın ve Ankara’dan sonra Avrupa’da, Brüksel’de ve Hannover’de devam eden bir Türk-Alman müzik ailesinin sıra dışı hikayesi bu.</p><p>Anadolu Türk kültürünün mayası olan mütevazilik ve çalışkanlığı Avrupa’nın köklü keman ve müzik eğitimi geleneği ile birleştirmiş, Türkiye’den Avrupa’ya gitmiş ve alışılanın zıttı, orda olağanüstü işler becermiş, Almanya’nın çok sesli müzik kültürüne damgasını vurmuş keman ustası Atila Aydıntan’ın yaşam öyküsü.</p><p>…</p><h3>BABA ZİYA AYDINTAN</h3><p>Atila Aydıntan, müzik eğitmeni ve besteci Ziya Aydıntan’ın oğluydu. Ziya Aydıntan ise Vanlı köklü bir ailenin (Yüzbaşı Oğulları) evladıydı. Ziya Aydıntan küçük yaşta babası ve dedesinden devraldığı hat sanatı merakının yanında, bir de memleketi Van’da ilahiler okunan ortamlarda ve Ermeni müzik cemiyetlerinde bulunarak müzik aşkına kapılmıştı. Aile 1915’de Türklerin düşman tarafından o bölgeden kovulmasıyla birlikte, önce Diyarbakır’a ve sonunda İstanbul’a göç etmek mecburiyetinde kalmıştı. Bu çetin, insani trajediyle dolu serüveni anne Münevver Hanım’ın kendi başına sırtlaması gerekiyordu. Baba Mehmet Akif Bey Van’ı savunmak üzere memlekette kalmıştı ve bir çatışmada yaralandıktan sonra şehit olmuştu.</p><p>Ziya Aydıntan’ın Van’da başlayan müzik tutkunluğu, bu sefer Edirne’de, marangozculuk bölümüne girdiği yatılı sanat okulunda alevlenir. Yunan işgalinden sonra yatılı okula gelen Yunan müzik hocasıyla nota okumayı ve Mandolin çalmayı öğrenir. Okulu tamamladıktan sonra marangozcu olarak, Yunanların harabe bıraktığı İzmir’de işe başlar. İzmir’i yeniden inşa eden çalışkan sanatkar ordusunun bir parçası olan Ziya Aydıntan, musiki çalışmalarını sürdürmeye devam eder ve gitgide ustalaşarak mandolin çalgıcısı olarak adını duyurmaya başlar. Ve müzik çalışmalarındaki başarısı onu İzmir’den Aydın’a götürür. Marangozluğun yerine mandolin ve müzik öğretmenliği geçmeye başlar. Nihayetinde Ziya Aydıntan Ankara’da Musiki Muallim Mektebinin sınavlarını kazanıp yeniden öğrenci olmaya karar verir. Cumhuriyetin bir eseri olan bu yeni müzik eğitimi kurumunda profesyonel müzik eğitimi alıp, 1929’da ilk mezunlardan biri olur. Ekrem Zeki Üngör’den keman eğitimi alan Ziya Aydıntan daha sonra gittiği İstanbul’da bir de gitara merak salar ve sonunda farklı dallarda ustalaşıp özellikle müzik eğitimi ve metodu alanında kalıcı eserler ve metotlar üretir. Günümüzde öğrenciler halen onun gitar metodu ve müzik teori çalışmalarından faydalanmaktadır. Bununla birlikte Ziya Aydıntan’ın, Cumhuriyetin ilk nesillerinin ruhunu bugüne taşıyan, sayısız Türk gencinin okuduğu ve özümsediği “Atam”, “Akıncılar” ve “İleri” gibi çok sesli koro eserleri, besteleri vardır.</p><p>Değerli müzikolog Kaan Öztutgan’ın çok önemli bir çalışması, Cumhuriyet tarihinin bu değerli müzik insanının, acılarla, müzik aşkıyla ve eğitmenlik tutkusuyla dolu hayatını detaylı olarak anlatmaktadır. Cumhuriyetin eğitim ve müzik tarihiyle ilgilenen herkese önemle tavsiye edilir:</p><p>https://www.pegem.net/dosyalar/dokuman/26122016091236ziya.pdf</p><p>…</p><p><br></p><h3>HARİKA ÇOCUKTAN PARLAK SANATÇIYA</h3><p>Atila Aydıntan 4 yaşındayken ablası Sumru ile beraber baba Ziya’dan keman dersleri almaya başlar. Babaları tarafından çok yetenekli ve müzisyenliğe yatkın görülen 4 yaş büyük ablası Sumru’yu kısa zamanda geçer küçük kardeş. Sumru ne kadar yetenekli olsa da, Atila kemanda harika çocuk olarak tanımlanabilecek bir beceriye sahiptir.</p><p>Atila üç yılda o kadar ilerler ki, ailesi sıra dışı yeteneğe sahip evlatlarının daha iyi keman eğitimi alabilmesi için 1949’da Ankara’ya taşınmaya karar verir. Köklü müzik eğitim kurumları ve Cumhuriyetin en önemli orkestrası Cumhurbaşkanlığı Senfoni Orkestrası (CSO) oradadır.</p><p>Baba Ziya, Atila’nın o zamanlar Ankara’nın en önemli keman hocası olan, Suna Kan ve Gülden Turalı gibi çok değerli kemancılar yetiştirmiş Liko Amar’dan dersler almasını istemişti. Ancak Budapeşteli Alman hoca, üstün yetenekli de olsa, artık küçük çocuk öğrenci kabul etmiyordu. Böylece küçük virtüöz adayı, konservatuvarda hocalık da yapan CSO’nun 2. keman grup şefi İzzet Zeki Albayrak’ın öğrencisi oldu. İzzet Zeki Bey sadece öğretmenliğiyle değil, insanlığıyla da hatıralara kazındı. Atila’yı dinledikten sonra derhal yoğun derslere başlamıştı ve bu öğrencisinden beş kuruş para almayacağını belirtmişti. Çocuklarının yeteneği için bunca yük üstlenmeye hazır öğretmen anne ve babaya önemli bir destekti bu. Anadolu’nun asıl zenginliği olan insan ve sanat aşkının şahane örneği.</p><p>Atila’nın olağanüstü müzikalitesi, yeşerebilecek ortama kavuşmuştu. İlkokuldan liseye kadar İzzet Zeki Bey’in çalıştırması ve yönlendirmesiyle, harika ve etkileyici bir keman virtüözü olmuştu. Ankara’da verdiği konserlerle adını duyurmaya başlamıştı ve dönemin o güzel geleneklerinden biri haline gelmiş Fakülte Konserleri’nde* muhteşem müzisyenliğiyle Ankaralı birçok genci müzik sevdalısı yapmıştı.&nbsp;</p><p>Türk piyanistlerin atası, Ankara’nın müzik otoritesi Mithat Fenmen de Atila Aydıntan’ı çok destekledi. Ne kadar çok beğenmiş olması lazım ki, henüz 12 yaşındaki keman dehasına oda müziği konserinde eşlik etmişti büyük usta Fenmen.</p><p>Atila Aydıntan’ın Ankara’dan Avrupa’nın kalbi Brüksel’e, oradan Hannover’e giden yolunu, kemancı ve keman eğitmeni olarak olağanüstü başarılarını önümüzdeki hafta bu köşede okuyabilirsiniz…</p><p>* Fakülte Konserleri; CSO’nun cuma akşamları Devlet Operası’nda verdiği konser programının, ertesi gün üniversitenin Tarih ve Coğrafya bölümünün salonunda öğrencilere ücretsiz olarak tekrarlanması. (Yeniden ve büyük çapta canlandırılmaya layık bir gelenek kanımca.)</p>","outro":"","hideAds":false,"createdDate":1617557005030,"updatedDate":1617574628054,"hitCount":416,"active":true,"lastUpdaterIp":"162.158.19.42","hasEmbeddedTitle":false,"showOnHomePage":false,"currentUrl":"atila-aydintan-bir-keman-virtuozu-239714-1"},{"id":239670,"title":"Halkların Koparılma Yanılgısı - 2","contentType":"CORNER_POST","coverImage":"","coverCode":"","publicationDate":1617015000000,"tags":[],"intro":"","spot":"","body":"<p>Çağıl Çayır’ın oldukça ilgi çekici üniversite tezine gelmeden önce kısaca özgeçmişine dair bazı bilgiler vereyim:</p><p>Çağıl, 1990’da Köln’de doğdu. Annesi ve babası öğretmen. Türkiye’de annesi resim ve babası beden eğitimi öğretmeniyken, Almanya’da diplomaları tam kabul görmediği için, Türkçe ve İslam dini öğretmeni olmuşlar. Çağıl Katolik ilkokulunu bitirdikten sonra Köln Geschwister-Scholl-Lisesi’ni bitirir. Nazi zorbalığına karşı yılmadan ve vatan sevgisiyle canları pahasına mücadele eden Hansve Sophie Scholl kardeşlerin adını taşıyan bir okul, Almanya’nın hemen hemen her büyük kentinde vardır.</p><p>Lisede tarihe merak salan Çağıl, 2009’da Köln Üniversitesi’nde tarih ve felsefe okumaya başlar. “Asya ve Avrupa’da Run Yazıları - Eski Türk Yazısı ve Run’ların tarihsel ilişkileri sorusunu araştıran bilimsel bir çalışma” adlı bitiş tezinin özeti şöyle: “Bu çalışma, halkların ve yazıların koparılma yanılgısını çürütmektedir. Aynı zamanda, yeniden birleşmelerine doğru giden apokaliptik bir sarmalın habercisidir. Böylece, umut verici olduğu kadar da devrimci olan bir araştırma alanı açılır. İlk bölümde, ortaçağdaki insanların, aralarındaki akrabalığa ve Runların Türk kökenine inanmaları aydınlatılıyor. Konstantinopolis'in1453'te Türkler tarafından fethedilmesinden sonra, kilisenin savaş propagandası antik kaynaklara başvurarak Türkleri barbarlaştırdı, “Avrupa kalesi“ kavramını ve mücadele terimi olarak “Cermen efsanesini“ öne sürdü. Cermenlerin yüceltilmesi ise İskandinavya'daki Runlara ilgiyi uyandırdı. Klasik Gotik akımın aksine, kısa süre sonra Rudbeck akımı, runları tüm alfabelerin öncü modeli olarak yücelterek ve İsveç'te icat edildiklerini iddia ederek araştırmaları kutuplaştırdı. Buna karşın, 18.yüzyılda Sibirya'da keşfedilen runlar, bilginlere ortaçağın göç efsanelerini anımsatıyordu. Araştırmacıların çoğu, özellikle W.C. Grimm, Sibiryalı yazıtları runik araştırmalara dahil etmişti. Ancak L. Wimmer bu yöndeki tartışmalarla ilgili bulguları reddederek pas geçmişti.</p><p>İkinci bölüm, V. Thomsen'ın Sibirya \"runlarını\" (Orhun Yazıtlarını) Eski Türkçe olarak deşifre etmesine, ancak rastlantısal bir benzerlik tahmin etmesine ışık tutuyor. Thomsen’ın tahmini daha sonra doğrulanmadan gerçek olarak ilan edildi ve yazılar birbirinden ayrı tutuldu. Buna rağmen Türk tarihin açığa çıkması Türkiye’deki özünü bulma sürecine kanat takmıştır. Almanya'da Nasyonal Sosyalistler bunu örnek aldılar, ancak eski Türkçe yazıyı görmezden geldiler ve runları, Cermen ideolojilerinin sembolü olarak saptırdılar. Bundan sonra, runoloji ancak yeni binyılın başlarında yeni bir aşamaya ulaştı. Bundan böyle eski Türkçe yazısı ile runlar arasındaki tarihsel bağlantı sorusu yeniden ve kaçınılmaz olarak önümüze çıkıyor.“</p><h3>ÇARPITILAN 500 YILLIK TARİH</h3><p>Çağıl Çayır kısaca yüzyıllardır hakim olan bir tarihsel anlayışı temelden sorguluyor. Çağıl bir nevi şu tezi ortaya koyuyor: Batı Medeniyeti veya Hıristiyanlık ile Doğu Medeniyeti veya İslamiyet arasındaki çelişmeye ve mücadeleye efsanevi bir zemin yaratabilmek için, milletlerde ortaçağa kadar yaygın olan ve çok eski, kadim zamanlara kadar dayanan gerçek efsaneler kilise tarafından yasaklanarak son 500 yılın tarihi çarptırılmıştır. Bu eksende tarihin birçok yönüyle yeniden araştırılıp gözden geçirilmesi gerekmektedir. Büyük iddia…&nbsp;&nbsp;</p><p>Öyle ki ortaçağ tarihçisi Michael Borgolte’nin en son ortaçağ mitolojisi araştırmaları şunu gösteriyor: Cermen halklar ortaçağda Türklerle akraba olduklarına inanıyormuş. Ancak gerçek halk efsanelerin yerini ideolojik saptırmalar almaya başlamıştır. Bu nedenle daha sonra ortaya çıkan ve bariz göze batan eski Türk yazısı ve Avrupa run yazısı benzerliği ve ilişkisi, tek tük ifade edilse de derinlemesine incelenmemiştir.&nbsp;</p><p>Halbuki efsaneler önemli ipuçları veriyordu: Alman İmparatorluğunun kurucu halkı olarak kabul edilen Franklar, 7. yy.a ait halk efsanesinde Türkleri Truva’dan birlikte göç etmek zorunda kaldıkları bir akraba halk olarak tanımlıyordu. Kendilerinin Tuna nehrinin batısında yeni yurt edindiklerine ve Türklerin Tuna’nın doğusunda kaldığına inanırlardı. Ancak bu efsanede “Türkler“ sözcüğünün tam olarak hangi halka hitaben kullanıldığı kesin olarak söylenemese de, 11. yy.da ilk haçlı seferine katılan Frankların Selçuklu Türklerle karşılaşması bu efsaneyi yeniden canlandıran bir tarihi gerçektir. Franklar, rastladıkları Selçuklu Türklerin de bu akrabalık efsanesini bildiğini ve onlara anlattığını kaydeder ve Türklerin de “aynı Franklar gibi at üstünde kahramanca savaşabilen bir halk oldukları için“ akrabalık efsanesinin doğru olması gerektiğine inanırlar.</p><p>13. yy.a ait eski İzlanda efsanesi “ProsaEdda“ya göre ise runik yazıyı bizzat Tyrkland’dan (Türkistan’dan) kuzeye doğru büyük bir kabileyle göç eden Odin getirmiştir.&nbsp;</p><h3>ORHUN YAZITLARI / CERMEN RUNLARI</h3><p>Danimarkalı dil bilimcisi Vilhelm Thomsen Moğolistan’da bulunan Orhun yazıtlarının sırrını 1893’te çözen ilk kişidir. Uzun yıllar sırrı çözülemeyen runik yazıtların İskandinavya ve Almanya’dan bilinen runlara olan benzerliği fark edilse de, bu konuyu incelemekten, en derinlere kadar araştırmaktan Thomsen’ın keşfiyle beraber vazgeçilmiştir. Yani bu yazıtların eski bir Türkçe olduğunun ortaya çıkmasıyla, bu eski Türk yazıtlarının Cermen runlarla olan ilişkisini aydınlatma fikri göze çarpan benzerliklere rağmen daha baştan reddedilmiştir.</p><p>Türk yazıtları ile uğraşırken, runoloji tarihinde, ideolojilerin ve milliyetçiliklerin tarafsız bir yaklaşımın önünde durduğu açıkça görülmektedir.\"</p><p>Ve tezinde şu sonuca varıyor genç araştırmacı:&nbsp;</p><p>“Bu çerçevede erken yeniçağdan itibaren halkların koparılışlarına dayanan tarih bilimi ve run araştırmalarının, temelden hatalı olarak görülmesi gerekir. Halbuki o zamandan beri, eski Türkçe yazı ile runların arasındaki bağlantının yanı sıra halkların ve kültürlerin de arasındaki tarihsel bağlılığı destekleyen belirteçler çoğalmıştır ve araştırmacıların çoğu tarafından kabul edilmiştir. Böylece, halkların ve yazıların koparılmasına dair bu hayırsız yanılgı, o zamandan beri bilimsel hükümlerin karşısında duran siyasi güce ve beşeri bilimsel fenomenlere dayanmaktadır. Bu yanılgı ve bundan doğan tüm sonuçların açıklığa kavuşturulması gerektiği inancına varılmalıdır. (…) Bu nedenle, işbu hataları tam olarak açıklığa kavuşturmak en iyisi olacaktır; çünkü geçmişte bu hatalardan kaynaklanan ne kadar engel oluşmuşsa; geleceğe yönelik bir o kadar da umut verici nedenler doğmaktadır.“</p><p>Frankfurter Allgemeine gibi köklü ve etkin bir gazete Çağıl’ın çalışmalarına geniş yer vermişti. Ona rağmen kendi açtığı yeni araştırma alanında daha ayrıntılı çalışmalar yapmak üzere yüksek lisans için girdiği ne Bamberg Üniversitesi Türkoloji bölümünde, ne de Köln Üniversitesinde ki karşılaştırmalı araştırmalar bölümünde destek ve teşvik göremedi. Sunduğu araştırma projeleri kabul görmedi, bizim alanımızın dışında bir konu, burada araştıramazsın dendi. Malum, günümüzde yakın Türk tarihini kendi kafalarına göre yeniden şekillendirmeyi kafaya koymuş ve Atatürk’ü Hitler’in asıl ve gerçek idolü olarak karalamaya çalışan Alman tarihi camiasından, eski Türk yazılarla Cermen runlarının ilişkisini ve köklerini araştıracak gayreti beklemek gerçek dışı olur. Almanca bilen herkese Çağıl Çayır’ın tezini tavsiye ederim. Almanca bilmeyenler için de tezin bir an evvel Türkçe’de de yayınlanmasını dilerim.</p><p><a href=\"https://kups.ub.unikoeln.de/9453/1/Runologie.pdf\" rel=\"noopener noreferrer\" target=\"_blank\">https://kups.ub.unikoeln.de/9453/1/Runologie.pdf</a></p>","outro":"","hideAds":false,"createdDate":1617534537459,"updatedDate":1617535160526,"hitCount":136,"active":true,"lastUpdaterIp":"172.69.182.174","hasEmbeddedTitle":false,"showOnHomePage":false,"currentUrl":"halklarin-koparilma-yanilgisi-2-239670-1"},{"id":237999,"title":"Halkların Koparılma Yanılgısı","contentType":"CORNER_POST","coverImage":"","coverCode":"","publicationDate":1616367600000,"tags":[],"intro":"","spot":"","body":"<p>Deniz kenarında yalnız otururken. Bir göz kırpması - saatler geçmiş. Deniz durmadan anlatırken eller kumu tarıyor. Kum tanecikleri ve taşlar parmakların arasında süzülürken, yaratılışın sonsuzluğu ve tükenmez çeşitliliği bir insan avucunun içine dolup akıyor. Toprak, gök ve deniz eşiğinde güneşin ısısıyla dünya ile sevişir gibi hal...</p><p>Bir buluşum. Kendi içinde bitmeyen ayrı ayrı dünyaların bir anlık kaynaşımı: bütünlük. Ve onu duyabilen insan. O insan bütünleşir o anda var olmanın, yaşamanın ta kendisiyle. Zamanlar üstü bir akış sarıverir onu, bir tutkuya dönüşür ve bir daha bırakmaz onu...</p><p>…</p><p>Bazen de insanlar göremez olurlar. Yaşadıkları zamana, çevreye ve koşullara aykırı olduğu için göz önünde duranı dahi göremez hale gelirler. Korkanlar olabilir, bildikleri ve bağlı oldukları her şeyin bir anda sarsılabileceğini hissettikleri an, görebilseler dahi, bilinçli olarak görmekten vazgeçerler. Görmezden gelenler görmeden giderler. Ve gittikleri yol, hangi yol olursa olsun, er ya da geç tıkanmaya mahkum kalır…</p><p>Ancak cesaret, bilgi ve tutkunun kaynaştığı bir zeminde yepyeni kapıları açacak yaratıcı bir ruh ortaya çıkar. Yeni ufuklara işaret eden bir çağrı gibi, tüm karşılaştığı zorlukları yılmadan aşabilecek bir güç ile büyük inanç ve coşkuyla bağlandığı bir fikrin peşine doğru iter bizi o ruh. </p><p>Eğer ki genç bir araştırmacıya dokunursa o ruh? Neler olabilir? O ruh, bugüne kadar derinlerine inilmemiş, hatta görmezden gelinmiş bir fikrin, bir yolun kıvılcımını yakarsa o genç araştırmacıda, işte o zaman insanlığa yepyeni olasılıklar ve alanlar yaratabilecek, insanlığı ileriye taşıyacak sorular ve cevaplar üretecek yeni koşullar oluşabilir. </p><p>Bilimsel düzeyde, henüz kurulamamış veya kaybedilmiş bağlantıları keşfetmeye veya yeniden kurmaya yönelik bir ilham kaynağı, bir başlangıç olma girişimi doğar. Eski dünyaları tarihin tozundan kurtararak, geleceğe ışık tutacak, daha gerçekçi, daha saf duyuşlu, doğrunun doğrusu yeni anlatımların temeli atılır. İleride insanlara bilimsel temellere dayalı yeni bakış açıları sunarak zihinleri zenginleştirecek, insanları yeniden aydınlatacak birikimlerin zemini oluşmaya başlar. Ezberleri aşan, kendi özünü ve insanlıkla olan bağı çok daha derinden kavrama yeteneğini oluşturmayı hedefleyen, gelecekte doğayla barışık olmak mecburiyetinde olan bir insanlığa önemli manevi katkılar sağlayacak, bilimi inançla, ilericiliği gelenekçilikle, öz’e sahip çıkmayı bütünleşme fikriyle barıştıracak çağdaş bir yaklaşımın ilk filizleri görünmeye başlar.</p><p>…</p><p>Çağıl Çayır, Kölnlü bir genç Türk araştırmacı tarihçi. Köln Üniversitesi’nde okuduğu sıra şunu anlıyor: Günümüze dek devamlılığını ve etkisini koruyan, halkların birbirinden koparılışına dayalı anlatım ve anlayışların, bulunduğu akademik çevrelerde tamamen hakim olduğunu. Ancak Çağıl, bu kesinmiş gibi kabul görülen anlayışın, tarihsel süreçlere bütünlükle bakılıp nesnel veriler ele alındığında, sorgulanması gerektiğini saptıyor. Çünkü ortaçağ ve öncesinde Avrupalıların Türklere bakışlarının ortaçağ sonrasından bir hayli farklı olduğunu görüyor. Önemli, mutlaka üzerine gidilmesi gereken, mevcut anlayışın ve anlatımın önemli çelişmelerine işaret eden bulguların yüz yıldan uzun bir süredir görmezden gelindiğini fark ediyor. Ve esasen suni ideolojik ve dini ayrıştırılma ile gerçekleşen halkların bu koparılışının, tam olarak Osmanlı’nın İstanbul’u fethedişiyle ortaya çıktığını tespit ediyor. Bu tezi destekleyen bir sürü ipuçlarına rastlıyor. Ve araştırmaya başlıyor. Üniversite içinde pek destek göremese de, kimse onun ortaya koyduğu ve tartışmaya açtığı tezleri ilk başta ciddiye almasa da, Çağıl, bilimsel standartlardan ödün vermeden, akademik düzende katılaşmış görüşleri temelden sorgulamaya ve onlarca, hatta yüzlerce yıl gömülü kalmış soruları sormaya ve araştırmaya başlıyor. </p><p>…</p><p>Çağıl’ın “Asya ve Avrupa’da Run Yazıları -&nbsp;Eski Türk Yazısı ve Run’ların tarihsel ilişkileri sorusunu araştıran bilimsel bir çalışma” başlıklı bitirme tezini önümüzdeki hafta ayrıntılı anlatacağım.</p>","outro":"","hideAds":false,"createdDate":1616348895403,"updatedDate":1616348895403,"hitCount":485,"active":true,"lastUpdaterIp":"141.101.77.228","hasEmbeddedTitle":false,"showOnHomePage":false,"currentUrl":"halklarin-koparilma-yanilgisi-237999"},{"id":237196,"title":"Doğru kurban - Yanlış kurban Teröre yaklaşımdaki ikiyüzlülük","contentType":"CORNER_POST","coverImage":"","coverCode":"","publicationDate":1615838460000,"tags":[],"intro":"","spot":"","body":"<p>Aslında bu ve önümüzdeki haftalarda yeniden Almanyalı Türklerin çok ilginç biyografilerinden bahsedecektim. Bu sefer çağımıza ait değerli insanları anlatacaktım. Ancak öyle bir hadise yaşandı ki 4 gün önce; son haftalarda işlediğim Batı ve Almanya’da bilim-kültür, medya ve siyaset alanlarındaki çifte standardı tam anlamıyla özetliyor. O nedenle bu konu başlığını şimdilik kapatmak üzere bu hafta bir kez daha siyasi kültür meselesini ele alacağım ve siz, değerli AYDINLIK okurlarına akıl almaz bir vahşet hikayesini ve ona bağlı siyasi tutum ve tepkileri veya tepkisizlikleri anlatacağım.</p><h3>ÇEKİÇLİ SAHTE POLİSLER</h3><p>Birkaç kişi “polis“ kılığına girip sabahın beş buçuğunda Saksonya’nın Eilenburg kentindeki bir apartmana gidiyor. Önce apartman kapısına vuruyorlar, ardından apartman sakinlerinden birisi, onları polis zannedip apartman kapısını açıyor. Sahte polislerin hedefi başka bir kapı. Aşırı sağ olarak bilinen NPD milliyetçi partisinin eyalet gençlik kolu başkanı Paul Rzehaczek’in çoluk çocuğuyla yaşadığı daireye doğrular ilerliyorlar. “Polis, kapıyı aç!“ diyerek kapıya vuruyorlar. Rzehaczek’in evine girince ona karın üstü yere yatmasını söylüyorlar. O, sabahın köründe evine giren kişileri gerçek polis sanarak karın üstü yere yatıyor. Ondan sonra gerçekleşen olay adeta bir mafya filmi gibi. Saldırganlar yerde yatan adamın ayak bileklerini çekiçlerle kırıyorlar. Onun yanında bir de kafasına ağır darbeler yiyor Rzehaczek. Sahte polis çetesi genç aile babası Rzehaczek’e bir de biber gazı sıkıp kaçıyor. Rzehaczek hastaneye kaldırılıyor.</p><p>Neden ayak bileklerini? Kurban bir kaç gün sonra sürücü kursu eğitmeni sınavına girecekti. Saldırganlar kurbanı tanıyor ve ona çok net bir mesaj vermek istiyordu: “Seni öldürmüyoruz ama seni yok edeceğiz.”</p><h3>DOĞRU KURBAN – YANLIŞ KURBAN</h3><p>Polis, terörist solcu bir grubun (Antifa) suçu işlemiş olma ihtimalinin yüksek olduğuna dair ipuçlarını hemen verdi. Saksonya polisinde artan aşırı sol terör ve şiddet olaylarına karşı kurulmuş SOKO-LINX adlı özel bir tim faaliyete geçiyor.</p><p>Geçen hafta yazdığım üzere, doğuma kadar çocuk aldırabilme hakkı için mücadele eden Sol Partinin veya Sosyal Demokrat Parti’nin Gençlik Kolu başkanı aşırı sağcı teröristler tarafından evinde basılarak çekiçle kemikleri kırılsaydı, olay bütün ülke çapındaki medyalarda manşet olurdu. Twitter’den Facebook’a bir sürü meşhur insan aşırı sağ terörüne karşı yorumlar ve söylemlerde bulunurdu. Gazete köşelerinde bir sürü makale yazılırdı. Devletin aşırı sağcı terörüne karşı yeterince sert müdahale etmediğine dair eleştiriler, meclisteki ana muhalefet partisini kapatma çağrıları. Her partiden bütün önemli siyasetçiler kınama mesajları yayınlardı ve solcu olmasalar da, aşırı sağcı teröre karşı dayanışma çağrıları yapılırdı. En az 3 popüler tartışma programında bu terör olayı her açıdan ele alınırdı. Daha neler neler…</p><p>Olmasın mı? Olsun tabii ki. Teröre karşı, ideolojik ve siyasi konumlama gözetmeksizin birlikte duruş sergilemek toplum olarak yapılabilecek en doğru şeydir.</p><p>Peki bu hafta yaşanan sinsice tezgahlanmış terör olayından sonra ne görüldü? Her solcu terör olayından sonra olduğu gibi nerdeyse hiç bir şey görülmedi. Tık yok. Sağcı kesimler dışında ne bir kınama, ne bir taziye mesajı. Onun yerine tek tük ibretlik ahlaksızlıklar. Örnek: Yeşil partili, Leipzig Şehir Meclisi üyesi Jürgen Kasek ayak bilekleri kırılmış kurbanla Twitter’de dalga geçiyor: “Bu sürücü eğitmen sınavı işi de yattı (sanırım).“</p><p>&nbsp;</p><p>Kurban yanlış partide. Milliyetçi Demokrat Partisi (NPD) kapatılmak istendi, Anayasa Mahkemesi karar verdi, kapatılamadı. Halkın büyük kesimi tarafından sevilmese ve “antidemokratik parti“ olarak medya tarafından tamamen dışlansa da, yasal açıdan meşru bir partidir yine de.&nbsp;&nbsp;</p><p>Öyleyse ister istemez akla şu sorular geliyor:</p><p>&nbsp;</p><p>-Bir demokraside terörün daha az kötüsü olabilir mi?</p><p>Terör sevilmeyen siyasi düşmanı vurduğunda susmak, adeta olayın üstünü örtmek demokratik bir üslup olabilir mi?</p><p>&nbsp;</p><p>-DAEŞ terörü veya ırkçı terör olduğu zaman bütün gazeteci, siyasetçi ve meşhurlar tek vücut olup kararlı duruş sergilerken, PKK ve Antifa terörüne neden suskun kalıyorlar?</p><p>&nbsp;</p><p>-Terör kurbanının doğru ve yanlış olanı olabilir mi?</p><p>…</p><p><br></p><p>Önümüzdeki haftalarda nerdeyse unutulmuş büyük bir keman ustası ve öğretmeninin sıra dışı hayatını ve genç bir araştırmacının çok ilgi çekici çalışmalarını ve tezlerini kaleme alacağım.</p><p>Biraz da güzel şeyler yazalım yine…</p><p>Sağlıcakla kalın...</p>","outro":"","hideAds":false,"createdDate":1615838562954,"updatedDate":1615838562954,"hitCount":410,"active":true,"lastUpdaterIp":"162.158.19.41","hasEmbeddedTitle":false,"showOnHomePage":false,"currentUrl":"dogru-kurban-yanlis-kurban-terore-yaklasimdaki-ikiyuzluluk-237196"},{"id":236330,"title":"Sosyal Demokrasinin Halktan Kopuşu","contentType":"CORNER_POST","coverImage":"","coverCode":"","publicationDate":1615158000000,"tags":[],"intro":"","spot":"","body":"<p>CHP’deki çözülme belirtilerinin ve kendi halkından kopuşun bir benzeri Almanya’nın sosyal demokrat partisi SPD’de de yaşanıyor. SPD yıllardır gitgide kendi halkından uzaklaşarak, emekçilerin haklarını savunacağına, bir azınlıklar ve LGBTI/neo-feminist partisi olma yolunu seçmiştir.&nbsp;</p><p>Bu gidişatı geçen hafta gerçekleşen iki hadise çok iyi özetlemektedir:&nbsp;</p><p>Bir tarafta SPD’nin eski meclis başkanı, siyasi hayatı boyunca ırkçılığa ve özellikle Yahudi düşmanlığına karşı mücadele etmiş, partiler üstü saygınlığa sahip olan Wolfgang Thierse’nin; etnik ve cinsel kimlikçi politikaların partisini geleneksel emekçi seçmen kitlesinden uzaklaştırdığına dair eleştirileri için “utanıyoruz” diyen bir parti yönetimi. Diğer tarafta aynı parti yönetimi, kamuoyu önünde SPD’nin seçim yılı programını tartışmak üzere, “Ben bir o…yum. Güç o…lukta yatar“ diyen sözde göçmen ve kadın hakları savunucusu Reyhan Şahin’i davet ediyor.&nbsp;</p><p>Doğal olarak seçimlere de bu yanlış tercih yansımaktadır ve yansımaya devam edecektir. Yüzde 20’lik bir oy oranı dahi hayal gibi gözükmektedir artık, ki bu Almanya’nın en köklü siyasi partisi için gerçekten utanç vericidir.&nbsp;</p><p><img src=\"raw/2021/3/8/e5510da0-eb36-4558-98fa-c655c2391536.jpeg\"></p><h3>“DOĞURABİLEN VÜCUTLAR”</h3><p>Alman halk kültürünün klasikleşmiş temel taşlarını oluşturan çocuk hikayelerinde zorla ırkçılık veya otoriter unsurlar tespit etmek üzere araştırma programları, Sol Partinin önergesinde anneler kelimesi yerine “doğurabilen vücutlar“ teriminin kullanılması, hem Sol Parti, hem de SPD’nin gençlik kolu Jusos tarafından, 9. hamilelik ayına, yani doğuma kadar çocuk aldırma hakkı istemek gibi eğilimler, günümüz akademik ve siyasi ikliminde ağırlık kazanmıştır.&nbsp;</p><h3>RAYDAN ÇIKAN ALMAN YÖNETİMİ</h3><p>250 yıldır bilim ve teknolojinin lokomotifi olan Almanya, günümüzde en basit örgütlenme ve karar mekanizmalarında bile çuvallamaktadır.&nbsp;</p><p>Dijital devrimde az gelişmiş ülkelerin gerisinde kalırken, Korona’yı yönetme politikasında iflas etme noktasına ulaşmışken, kamuoyu, nerdeyse 7/24, yüzlerce alt kimliğin (cinsel, etnik vs. vs.), zaman zaman oldukça ilginç hak talepleriyle ilgileniyor. Bu konuları kampanyalar şeklinde sürekli ön plana taşıyan sol partiler ve ellerindeki medya gücüdür.</p><p>Aynı zamanda ana muhalefet partisinin iç istihbarat tarafından “aşırı sağ şüphesi“ tanımıyla gözetlenmesi bilgisinin sızdırılması tartışılıyor. Bu da pek ilginç; yıllardır Türkiye’de muhalefetin hakkını savunanlar, kendi ülkelerindeki doğu eyaletlerde birinciliğe yarışan ana muhalefet partisi AfD devletin iç istihbaratını kullanarak caydırılmaya çalışılırken alkış tutuyorlar.</p><p>Seçim yılına girmişken AfD’de bolca aktif olan memurları ve emekli askerleri partiden uzaklaştırmak ve seçmenlerin gözünde ana muhalefeti lekelemek üzere adeta kampanya başlatılıyor. Kimsenin de tuhafına gitmiyor. En azından doğu eyaletlerinde bu antidemokratik girişimlerin sandıkta ters tepeceği çok olası gözüküyor.</p><p>İnsanlar ciddi ekonomik sıkıntıların eşiğindeyken, hayali toplumsal deneyler planlanmakla uğraşılıyor. Dükkan sahipleri borç batağına girmiş, isçiler işsizlik korkusuyla yaşıyor iken, sol partiler ve medyaları yeni özgürlük mücadelesi adı altında, doğmak üzere olan hayatı yok etme hakkı için mücadele ediyor.&nbsp;</p><p>Hiç bir zaman olmadığı kadar, her ırktan, milletten, dinden yabancı uyruklu insanların siyasette, medyada, iş hayatında en görünür ve etkili pozisyonlarda olmalarına rağmen (tabii yaygın liberal ve sözde sol ideolojiye uydukları takdirde), sanki 19. yüzyılın Teksas’ıymış gibi sürekli karamsar bir tablo çiziliyor. Sol partiler yapıcı ve toplumsal uzlaşıya hizmet edecek politikalar üreteceğine, absürt ve şımarıkça isteklerin sözcüsü olmayı tercih ediyor.&nbsp;</p><p>Çin dünyanın ekonomik motoru olurken, Türkiye ve Rusya büyük çaplı teknolojik ve askeri işbirliğine hazırlanırken, Almanya’yı bir şuursuzluk sarmıştır. Devlet mekanizmalarını çalışmaz hale getiren, toplumun tüm aygıtlarını pasifleştiren bu atmosfer içinde, 100 yıllık çocuk kahramanı Arı Maya’da düşmancılık veya Astrid Lindgren’in yüz binlerce Alman ve Almanya’da yetişen diğer uyruklu çocukları etkilemiş güçlü cesur kız Pipi Langstrumpf’da ırkçılık tespit etme çalışmaları önem kazanıyor. Bir tarafta önümüzdeki yüzyılın, hatta yüzyılların stabil ve yaşanır Avrasya’sını ve dünya düzenini inşa etmek için kafa yorulurken, diğer tarafta aslında hiç bir sorun teşkil etmeyen geleneksel çocuk hikayeleriyle uğraşılıyor.</p><h3>MİLLİ DEVLETİN REDDİ ELİTİST BİR APTALLIKTIR</h3><p>Eski meclis başkanı Thierse yaptığı eleştiriden sonra, parti yönetiminden gördüğü saygısızca tepkinin yanında yüzlerce eski SPD’liden teşekkür mektubu da almış. Ancak partisi SPD’nin bu saatten sonra Thierse’nin bu önemli uyarısına tekamül etme ihtimali fazlasıyla şüphelidir: “Milli devlet bir gerçektir, bizi ancak milli sosyal devlet kurtarabilir. Bunu görmek istememek elitist bir aptallıktır.”</p>","outro":"","hideAds":false,"createdDate":1615156272328,"updatedDate":1615159968769,"hitCount":770,"active":true,"lastUpdaterIp":"141.101.104.215","hasEmbeddedTitle":false,"showOnHomePage":false,"currentUrl":"sosyal-demokrasinin-halktan-kopusu-236330-1"},{"id":235292,"title":"İnsan Haklarını Savunurken Millete İhanet","contentType":"CORNER_POST","coverImage":"","coverCode":"","publicationDate":1614553260000,"tags":[],"intro":"","spot":"","body":"<h3><strong>MİLLİ KAHRAMAN</strong></h3><p>50 yıldır en yüksek ülkülerine bağlı kalarak siyasi mücadele vermiş, farklı disiplinleri kapsayan birbirinden değerli 60 küsür bilimsel çalışmasını kitap haline getirmiş, binlerce makale yazmış, Türklerin Avrupa’daki ifade özgürlüğünün tapusunu elde edip Türk milletine armağan etmiş, haksızlığa uğrayan herkesin daima yanında durmuş, yeri geldiğinde Güneydoğu’daki, yeri geldiğinde Ege’deki işçinin ve çiftçinin, yeri geldiğinde en kıymetli subayların yanında durmuş, herkesin hakkını, mezhep ve etnik köken ayırmadan, can ve başla savunmuş, ve en önemlisi; liberal batı hegemonyanın on yılların içinde tezgahladığı sonunda çağdaş Türk devletini yok edip kendi çizdiği kurguya göre yeniden oluşturma planını bozguna uğratan milli mücadelenin en başını çekenlerden biri olmuştur, tam anlamıyla bir halk kahramanı</p><h3><strong>“BEN BİR HUKUKÇU OLARAK…”</strong></h3><p>Doğu Perinçek’in karşısında oturup en azami saygıyı dahi gösterememek mi, yoksa ardından sanal ortamda yapılan saygısızlıkla bir de övünmek mi daha büyük rezalettir bilemem, ama şunu kesinlikle söyleyebilirim:</p><p>Milletine, devletine, kültürüne, tarihine, özüne düşmanlık edenleri korumayı insan hakları savunuculuğu diye pazarlayan bir şahıs, ancak hukukçu unvanını kalkan gibi önünde taşıma ihtiyacını hissedebilir. O şahıs, - her neden çağırılıyorsa - televizyon programlarına çıkıp, halktan kopmuş eğitimli cahillerin (ki en vahim cahillik budur-bkz. <a href=\"https://www.aydinlik.com.tr/haber/can-atakli-ve-murekkep-cehalet-232228\" rel=\"noopener noreferrer\" target=\"_blank\">https://www.aydinlik.com.tr/haber/can-atakli-ve-murekkep-cehalet-232228</a>) komplekslerini okşamak ve yaşlı iyi niyetli ama iletişim devriminde bilgi eksikliğine maruz kalmış cumhuriyetçi teyzeler ve amcaların gözünü boyamak üzere, içeriksiz, ucuz polemikler yapma mecburiyetinde hisseder kendini (evet, o çiçekli fotoğrafı öne sürmek adeta argüman bitmişliğinin indikatörü haline gelmiştir artık, insaf be!) Onu yaparken 5 cümleden birine “ben bir hukukçu olarak...“ diye başlar, o şahıs, bireyselciliğe öyle saplanmıştır ki, beraberinde gelen narsistliği, onu içine düştüğü çelişkiler silsilesini bir de marifetmiş gibi göstermeye sürükler, efsaneyi gazozlaştırmaya çalışırken kendi rezaletini efsanelik sanır, ama bir şeyi asla beceremez; iddia ettiği üzere, mazlumların, haksızlığa uğrayanların, halkın, millettin hakkını savunamaz. Ancak ve ancak başkalarının çizdiği ve özgüven eksikliğinden dolayı özendiği ideolojik bir çerçevenin Türkiye’deki komik bir figüranı olabilir.</p><p>O insan hakları savunucularının savundukları örgütlerin sempatizanları, son yıllarda Almanya’da hiç bir günahı olmayan, sadece Türk oldukları için derneklere, dükkanlara, camilere ve şahıslara, adeta linç edercesine saldırdığında; onların seslerini hiç duymuyorduk.</p><p>Alman medyasının o dönem bu hadiseleri nerdeyse hiç kamuoyuna taşımaması, hiç şaşırtıcı değil.</p><p>Öyle ki, gene Almanya’da, devlet televizyonundaki milyonların izlediği meşhur tartışma programında hiç itiraz edilmeden, “TSK, IŞİD teröristleri gibi Suriye’de insan satıyor, katlediyor ve kadınlara tecavüz ediyor“ (evet, inanılır gibi değil, ama yaşandı, belgelenmiştir) diyen şahısa tek bir söz söyleyemeyenler, çıkıp bir milli mücadele kahramanını “ölçülü“ olmaya davet ediyorlar.</p><p>Malum, TSK’yı terörist ilan eden hanımefendi de aynı tayfadan. O da bir “insan hakları savunucusu.“ Hem de Alman hükümetiyle iç içe olanlardan…</p><h3><strong>ATATÜRKÇÜLÜK KILIFIYLA MİLLETE İHANET</strong></h3><p>Bu, kendi milletini, dilini, özünü, değerini, kimliğini aşağılamakla kendisinin ilerici ve evrensel hak savunucusu bir konumda bulunduğunu zanneden zihniyete normal şartlarda aslında acımak lazım. Ancak yaşadığımız bu fiilen savaş döneminde, Batı’lı liberalist ideologların ezik temsilcileri olarak her hayati meselede Türk milleti aleyhinde konumlanan kitleye denecek tek şey şudur:</p><p>Sizin Atatürkçü kılıfı takarak, insanların iyi niyetini ve cumhuriyete bağlılıklarını suistimal ederek koruduğunuz tek şey, Türkiye’yi bölüp parçalamayı hedefleyen dış güçlerdir.</p><p>Ya bu hainlik çukurunu terk eder ve Mehmetçiğin arkasında durursunuz, ya da Türk milletinin düşmanı olursunuz!</p>","outro":"","hideAds":false,"createdDate":1614531261475,"updatedDate":1614531261475,"hitCount":598,"active":true,"lastUpdaterIp":"172.68.50.238","hasEmbeddedTitle":false,"showOnHomePage":false,"currentUrl":"insan-haklarini-savunurken-millete-ihanet-235292"},{"id":234229,"title":"İptal Kültürü ve Otosansür","contentType":"CORNER_POST","coverImage":"","coverCode":"","publicationDate":1613948400000,"tags":[],"intro":"","spot":"","body":"<p>İlk 2 yazımda kendi yaşadıklarımdan örnekler vererek Alman medyası ve kurumlarındaki liberal-sözde sol hegemonyasından ve oto sansürden bahsetmiştim. Bugün bu fenomenlerin ulaştığı toplumsal boyuta değinmek istiyorum.</p><h3>BİLİM ÖZGÜRLÜĞÜ AĞININ MANİFESTOSU</h3><p>Aybaşında 70 Alman profesörden oluşan bir grup, bilim özgürlüğü-ağı (“Netzwerk-Wissenschaftsfreiheit“) adı altında <strong>bir manifesto yayınlamıştır:</strong></p><p><strong>“Bilim özgürlüğü ağı, araştırma ve eğitim özgürlüğünü ideolojik motivasyonlu engellemelere karşı korumak ve özgürlükçü bir bilim iklimini güçlendirmek amacıyla gerçekleşmiş bir bilim insanları birleşimidir.</strong></p><p>Anayasal güvence altında olan araştırma ve eğitim özgürlüğüne gittikçe ahlaki ve siyasi şartlar koyulmaya çalışıldığını gözlemliyoruz. Artarak şunu kabul etmek zorundayız; geçerli kanunların koyduğu sınırlandırmaların öncesinde, araştırma ve eğitim özgürlüğüne bilimdışı sınırların koyulmaya çalışılması. (...)</p><p>Böylece araştırma ve eğitim, ideolojik olarak tek tipleştirilmeye ve siyasi olarak kullanılmaya çalışılmaktadır. Bu oyunu oynamayanların, itibarlarının sarsılmasını hesaba katmaları gerekmektedir. Bu şekilde, gittikçe artarak, bilimsel tartışmaları daha kökünden kurutan konformist bir baskı oluşturulmaktadır.</p><p>Yüksek eğitim mensupları, araştırma ve eğitim özgürlüklerini esas alırken; ahlaki, siyasi ve ideolojik kısıtlamalara boyun eğmeleri için yoğun baskı altındadırlar. (...)</p><p>Ayrıca, bazı dünya bakış açılarına uymayan araştırma projeleri engellenmeye ve istenmeyen sonuçlara varan yayınlar önlenmeye çalışılıyor.&nbsp;</p><p>Bu baskı önlemlerinin dolaylı etkileri özel bir önem taşır: gelecekte, araştırma ve eğitim özgürlüğünün 'tartışmalı' kullanımından vazgeçmenin daha iyi olacağı sinyalini verir.<strong> \"Tartışmalı\" </strong>etiketlemesi, dışlanmanın ilk adımıdır.</p><p>“Böylece, söylem, konu seçimi veya etkinliklerle, kişisel olarak itibarsızlaştırılmayı bekledikleri için, yüksek eğitim mensuplarının, araştırma ve eğitim özgürlüklerini kendi kendilerine kısıtladıkları bir ortamın oluştuğunu gözlemliyoruz.”</p><h3>OTOSANSÜR</h3><p>Kanunen koruma altında olan eğitim özgürlüğünün, otosansür olarak tanımlanabilecek şekilde bu tarz kendince kısıtlanması, ideolojik baskılarla ve kampanyalarla karşı karşıya kalan eğitim mensuplarının sessiz kalan diğer bilim insanlarından destek görmemeleri neticesinde daha da artmaktadır. Manifestoda bu korku düzeni böyle özetlenmektedir:</p><p>“Bilim topluluğunun üyeleri, sosyal ve mesleki bedeller ödeme korkusuyla, araştırma alanlarından uzak durur veya tartışmalardan geri çekilirlerse, özgür bilimin ön koşulları erozyona uğrar. <strong>Böyle bir gelişim, yüksek okulların kabiliyetliliğini ve böylece bilim merkezi Almanya’yı ve Almanya’nın uluslararası itibarını olumsuz etkilemektedir.”</strong></p><h3>BASKIYA KARŞI DİRENİŞ</h3><p>Ödül törenlerinden davetiyeleri iptal edilen sanatçılar, işten atılma korkusuyla kendi aralarında bile açıkça tartışamayan gazeteciler, her taraftan ve her türlü görüşe sahip kamuoyunun ilgisindeki kişilere yönelik ölüm tehditlerine varan tehditler, görevinde engellenen öğretmenler ve memurlar, evleri, parti binaları ve araçları tahrip edilen veya, daha dün gerçekleştiği üzere, hastanelik edilene kadar dövülen siyasetçiler… <strong>Türkiye veya Rusya’da görüldüğü veya görülmek istendiği zaman bütün batı medyasının büyüteçle üzerine atladığı bu tür hadiseler, kendi toplumlarında görüldüğünde henüz aynı ilgiyi görmese de, bu gidişata direnen sesler yükselmeye başlıyor.</strong></p><p>Almanya’da, 70 profesörün yanında bu totalitarizme açık gelişmelere karşı konumlanan bir diğer önemli isim, zayıflamış “geleneksel-sol“ un günümüzdeki beyin takımının öncülerinden, tiyatrocu Bernd Stegemann’dır. Stegemann,&nbsp;<strong>“Kamuoyu ve düşmanları“ </strong>adlı yeni kitabını tanıttığı radyo söyleşisinde, tiyatro alanında karakterleri özgün kılan bazı sözcük ve terimlerin kullanılmasının yasaklandığını ve yayınlarda alıntı yapmanın zaman zaman imkansız hale geldiğini vurgulamaktadır.</p><p>Devlet Radyosu ve Televizyonu için çalışan ve kendisi de bu durumdan nasibini almış popüler mizah sanatçısı Dieter Nuhr belki de en net şekilde ifade ediyor bu durumu: <strong>“Cancel Culture (İptal Kültürü) insanların sosyal imhasını hedeflemektedir.”</strong></p><p>İngiltere birçok konuda olduğu gibi bu konuda da kıtasal Avrupa’dan bir adım ilerde. “Susturulmayı ve sansürü kabul edilemez“ bulan eğitim bakanı Gavin Williamson, <strong>“İptal Kültürü“</strong> ve benzeri fikir özgürlüğü kısıtlamalarından mağdur kalan kişilere hukuki yoldan tazminat davaları açabilmelerini sağlayan hukuksal zeminini hazırlamak istiyor. Williamson, öngördüğü yasayla yüksek eğitim alanındaki tartışma ve söylenebilirlik sınırlarının, kanunların koyduğu çerçeveye kadar mümkün olmasını, koruma altına almayı hedefliyor.</p><h3>DURUM BU. YORUM SİZİN.</h3><p><strong>NOT:</strong> Geçen hafta Mehmet ve Mustafa’nın ilginç hikayelerinin yanına eklediğim görseller için, Max Behrendt ve fotoğrafçı Mike Meier’a, bu görselleri ve bilgileri paylaştıkları için teşekkürlerimi sunuyorum.</p><p><br></p>","outro":"","hideAds":false,"createdDate":1613945188992,"updatedDate":1613945188992,"hitCount":484,"active":true,"lastUpdaterIp":"108.162.229.104","hasEmbeddedTitle":false,"showOnHomePage":false,"currentUrl":"iptal-kulturu-ve-otosansur-234229"},{"id":233107,"title":"Almanya’nın ilk Türkleri 3: Mehmet ve Mustafa","contentType":"CORNER_POST","coverImage":"","coverCode":"","publicationDate":1613343600000,"tags":[],"intro":"","spot":"","body":"<p>Aşağı Saksonya’nın Meclisi olan Leine Sarayı’nın çaprazında 1792 yılında&nbsp;„Hahnsche Buchhandlung Verlagsgesellschaft“ adlı yayınevi ve kitapçı kurulur. <strong>1818’de Hahnsche kitapçısının Leinstraße’deki binasında yapılan bir tadilat sırasında bir evrak bulunur</strong>.</p><p><img src=\"https://cdn.aydinlik.com.tr/file/aydinlik-bucket/raw/2021/2/15/c27bf085-b973-4e23-a4b2-99ef4b0b4f62.jpeg\"></p><p>Bir özgeçmiş:</p><p>“(Adım:) Ernst August Mustafa, doğum yerim Sparta/Mora.<strong> Yıl 1687’de, gençliğimde Hıristiyan’lar Mora’yı fethettiklerinde, Hannover’li alaybaşı Capitain de Klinckauström tarafından esir alındım</strong> ve ardından Campagnes ve Brabant’ta hizmetçi oldum. Yıl 1689’da buradaki asker kilisesinde vaftiz oldum.&nbsp;Yıl 1703’te elektör Georg Ludewig hazretlerinin hizmetine girdim ve 1709’da onun kahyası oldum. Lütufkar efendim 1. George adıyla İngiltere’nin de kralı olunca, onunla birlikte Londra yollarına düştüm, ve tanrının izniyle devamlı onun hizmetinde kaldım, ta ki 1727’de lütufkar kralım, Londra’dan Hannover’e seyahat ederken hiç beklenmedik bir şekilde hayatını kaybedene kadar.”</p><p><strong>99 yıl sonra, Almanların ve Türklerin kaderinin kesiştiği bir dönemde, Hahnsche yayınevi bu evrakları yayınlar…&nbsp;</strong></p><p>Hannover kralı ve İngiliz İmparatoru 1. Georg’un tek Türk kahyası Ernst August Mustafa değildi. Kral için Mustafa’dan çok daha önplanda olan bir de Mehmet vardı. Tam adıyla Ludwig Maximilian Mehmet von Königtreu. Kralın ona verdiği önem, aldığı ada yansımış. O, görevindeki başarıları neticesinde 1716’da, <strong>1. Georg’un isteği üzerine, krala sadık olan“ bir \"von\"lu yani bir soylu olmuş</strong>. Mehmet de Moralıymış ve aynı Mustafa gibi esir alınarak Alman topraklarına getirilmiş.</p><p><img src=\"https://cdn.aydinlik.com.tr/file/aydinlik-bucket/raw/2021/2/15/9eed340b-0bf6-4779-9201-4b9d122df203.jpeg\"></p><p>Mehmet, Ernst August Mustafa’dan tam 21 yıl önce Georg Ludwig’in yakın çevresine kahya olarak girmiş. Hatta 1698’de Georg Ludwig’in hazine müşaviri olmuş. Avrupa’nın kanıtlanmış en eski Hanedanlığı Welfenler prensi ve geleceğin İngiliz kralı olan Georg Ludwig’in, Osmanlı bir valinin oğlu olan Mehmet’e duyduğu güven tammış.</p><p><strong>Oldukça etkileyici tablolar vardır Mehmet’i gösteren. En meşhur olanını bizzat kendisi Londra’da saray ressamı Sir Gottfried Kneller’e yaptırmıştır.</strong> Kneller zamanın Büyük Britanyası’nda en önemli portre ressamı. En üst tabakaya ait herkes, Kneller’den mutlaka bir portre sipariş edermiş.&nbsp;</p><p>Mehmet, Hannover’de yıllar içinde elde ettiği saygınlığını Londra’ya gelince kaybetmiş. İngilizler koyu bir Luteran-Protestan olmasına rağmen Mehmet’i görmezden gelmiş, onu „sadece bir Türk ve bir Müslüman“ olarak görmüşler. İngilizce’de Mehmet’in soyadını soylulaştıran „von“ öneki de kullanılmamış. Oysa onun Hannover’in ana kilisesi Marktkriche’de kendi adına bir sandalyesi varmış ve o sandalye şehrin otoritelerine ayrılanlar arasında, saygınlığını ve hakim düzene bağlığını simgeleyen bir sandalyeymiş. Doğal olarak şehrin saygın ailelerinden bir kız ile evlenip aile kurmuş: Maria Hedewig Wedekind. <strong>Anlaşılan Hannover’de bir Türk, toplumdaki en saygın yere sahip olabilirken, Londra’da ona hep yukarıdan bakılıyormuş.&nbsp;</strong></p><p>Ailesinden de uzak kaldığı Londra’da, prestijini yeniden ortaya koymak için, o zaman da ciddi bir rakam olan 30 pounda Kneller’e, hem kendisinin hem de karısının portresini yaptırmış. İngiliz aristokrasisi çizilmek üzere yıllarca sıra beklerken yeni İngiliz kralın kahyası sadece 3 ay sonra randevu alabilmiş meşhur ressamdan.&nbsp;</p><p>Maria Hedwig Hannover’e döndüğünde Mehmet’in portresini de yanında götürmüş. Mehmet kralın yanında kalmak mecburiyetindeyken Maria en azından bu muhteşem resmini Hannover’deki evlerinin özel bir yerine koyabilmiş. Mehmet ayrıca Londra’daki evi için kendisine aynı portrenin bir çeşitlemesini sipariş etmiş. Portrenin ilk çeşitlemesi bugün Hannover bölgesine bağlı Barsinghausen manastırında bulunuyor. Renk ve arka planı farklı bir ambiyansla işlenmiş portrenin ikinci çeşitlemesini ise İngiliz kraliçesi 2.&nbsp;Elizabeth 1975’te satın alıp kendi koleksiyonuna katmış...&nbsp;</p><p><strong>Bu tablolarda Mehmet, Türk ve Batı kimliğini sanki “doğu/slav tarzı bir giyim kuşam” ile sentezlemiş görünürken, Mustafa’yı gösteren daha az bilinen bir diğer tabloda, gerçekten doğulu Türk bir imaj görünmektedir</strong>: Kürk şapka yerine kavuk. Kavuklu Mustafa’yı gösteren tablo yüz yıldan uzun bir süredir Ahlden’li von Oldershausen ailesinin elinde bulunuyor.</p><p><strong>Mehmet’in sıradışı hayat hikayesi bugüne dek o sihirli çekiciliğini korudu. Osmanlı esirin önce Hannover’de, sonra bir dünya imparatorluğunun merkezi Londra’da saygın bir Hıristiyan Bey oluşu</strong>.&nbsp;</p><p>Londra halkı için yabancı Kral Georg’un farklılığını, sürekli en yakınında bulunan o iki Türk kadar simgeleyen unsur azdır. Geleneksel olarak yüksek İngiliz aristokrasisine ayrılmış konumlara sahip olmaları, ilaveten bir skandaldı.</p><p>“<strong>Demek ki Mehmet ve Mustafa merak uyandıran bir tuhaflık olmalarının yanında kıskançlığın ve düşmanca polemiğin odak noktalarıydı.</strong> Yüzyıllar içinde Mehmet’in hikayesi tekrar ve tekrar ele alındı ve şaşkınlıkla yorumlandı. <strong>\"Hannover Hanedanlığının bir beyi olan Türk\" </strong>veya <strong>\"Mehmet’in hikayesi bir masala benzer</strong>\" gibi gazete başlıkları bunun şahididir. <strong>(DR. GÜNTER MAX BEHRENDT)”</strong></p>","outro":"","hideAds":false,"createdDate":1613338879979,"updatedDate":1613901071101,"hitCount":1100,"active":true,"lastUpdaterIp":"162.158.19.39","hasEmbeddedTitle":false,"showOnHomePage":false,"currentUrl":"almanya-nin-ilk-turkleri-3-mehmet-ve-mustafa-233107"},{"id":232098,"title":"Boğaziçili arkadaşlara","contentType":"CORNER_POST","coverImage":"","coverCode":"","publicationDate":1612738800000,"tags":[],"intro":"","spot":"","body":"<p>Boğaziçi Üniversitesi İstanbul’daki evim gibidir. Bir hayli güzel anılarla dolu verimli bir çalışma ve gelişme dönemi geçirmek nasip oldu bana, Bebek sahiliyle Hisarüstü arasında. Bu güzel dönemi var eden destekçilere, akrabalara, dostlara ve tüm BÜ’ni BÜ yapan insanlara ömür boyu şükran hissedeceğim.&nbsp;</p><p>Türkiye’nin konservatuarlarında yetişmiş en üst düzeyde çalgıcı arkadaşlarla birçok kez, sihirli Albert Long Hall’daki konserlere katıldım. Aynı salonda yaptığım Bach Partita’ları kayıtlarından, Garanti Kültür Merkezi’nde bir yıl boyunca her gün sabahtan akşama kadar bir Steinway konser piyanosunda çalışabilmeme kadar bir sürü imkanlar sunan BÜ’ne her zaman can-ı-gönülden bağlı olacağım. İdil Biret’in tavsiyesi üzerine değerli Evin İlyasoğlu hocanın girişimiyle sağlanmıştı bana tüm bu imkanlar.&nbsp;</p><p>BÜ Batı ve Doğu dünyaların bir sentez arayışının kurumsallaşmış biçimidir. Sadece Türkiye’ye değil, tüm dünyaya ışık tutabilecek bir kurum.</p><p>Sentez arayışları ve sentez kurabilme kabiliyeti, dünyanın her yerinde ve her boyutta yoğunlaşan bir kutuplaşma döneminde önem kazanır.&nbsp;</p><p>“Hangi Batı’yla sentez arayışı içinde olabilirim“ sorusu Türkiye’nin her nesilde yeniden cevaplandırması gereken bir sorudur. Aynısı Batı ülkeleri için de geçerli: “Hangi Doğu’yla, hangi Türkiye’yle sentez arayışı?” İnsan medeniyetleri denen çarkın ebedi dönmesi…</p><h3>İNTERMEZZO&nbsp;</h3><p>Yıl 91/92. Ortaokulumda okuma yarışması. Bir kitaptan bir bölüm okunacak, bu bölümün öncesi ve sonrası serbest anlatım ile özetlenecek toplam 15-20 dakikalık bir sunum. Önce sınıf elemeleri. Birinci seçildim. Ardından tüm ortaokul sınıfların ortak katıldığı okulun salonunda, “büyük” sahnede okul finali. Sonuç: 70-80 öğrencinin arasından öğrenciler tarafından okulumuzu okullar arası yarışmada temsil edecek öğrenci seçildim..&nbsp;&nbsp;</p><p>“Özel televizyon kanallarının yayına başlamasıyla beraber çocuklarda bozulmaya başlayan eğitim ve iletişim düzeyi” ilk belirtilerini göstermeye başlamışsa da, o zamanlarda henüz düzgün ve oturaklı bir Almanca öğrenmek ve konuşmak gene de mümkündü benim ilkokulda.&nbsp;</p><p>Bir kaç hafta aradan sonra okullar arası yarışma olacaktı. Nasıl hevesliydim. Etiyopyalı bir köy çocuğunun gururlu hikayesi. Çetin ve acıklı bir kuraklık döneminin ardından umudu yeniden yeşerten yağmur. İnsanoğlunun kendi toprağına ve hayvanına olan bağının önemini, haklı mücadeleyi, adil yaşamı anlatan o güzel çocuk öyküsünü satır satır benimsemiştim. Anlatım bölümlerini daha güzel hale getirmiştim. Diksiyonu ve okuyuşumu tekrar ve tekrar çalışmıştım.&nbsp;Sonunda geldi o gün. Babam götürdü beni. Çok iyi geçti sunumum. Mutluydum. Birinci olamadıysam da yapabileceğimin en iyisini yapabilmiştim ikinci dilim olan Almanca’da.&nbsp;</p><p>Diğer yarışmacıları da hevesle takip ederken birden bir şey fark ettim. Tüm çocukların yanında öğretmenlerinin olduğunu gördüm. Hatta bazı öğrencilerin velileri yokken sadece öğretmenleri vardı yanlarında. Öğretmenler yarışmacıları tanıtıyor, onların yanında olup onlara manen destek veriyordu...</p><p>Birden bir garip hissettim kendimi...&nbsp;</p><p>Yarışmadaki tek Türk cocuk bendim.&nbsp;</p><p>Yarışmaya tek öğretmensiz katılan da bendim...</p><p><img src=\"https://cdn.aydinlik.com.tr/file/aydinlik-bucket/raw/2021/2/8/26725193-035c-468f-8237-e05de5aa7528.jpeg\"></p><h3>SENTEZ ARAYIŞINDAN ÖNCE…</h3><p>Dönelim asıl meseleye. Türkiye’nin kaçınılmaz ve BÜ camiasının belki de en güzel cevaplayabileceği sorusuna: ''Hangi Batı’yla sentez arayışına?''&nbsp;</p><p>Türkiye’ye saygı ve milli bağımsızlık ilkesine bağlı bir anlayışla yaklaşan Batı’yla mı, yoksa komik bir hal almaya başlayan girişim ve propagandalarla Türkiye’yi kendi hegemonyası altında tutmaya çalışan Batı’yla mı?</p><p>Kendi milli kimliğini ve kültürünü globalizmin fırtınalarından korumaya calışırken, diğer milletlerin ve kültürlerin de hür olarak gelişebilmelerini savunan Batı’yla mı, yoksa Batı’nın fikir dünyasının sadece bir kolunu teşkil eden Liberalizmin, günümüzde artık uç noktalara varan hayalperest ideallerini tüm dünyaya alternatifsizmiş gibi dayatan Batı’yla mı?</p><p>Hakareti ve aşağılamayı “sanat özgürlüğü” olarak meşrulaştıran Batı’yla mı, yoksa kendi geleneğini titizlikle koruyup geleceğe taşımaya kararlıyken, Türk sanatına, kültürüne ve tarihine Devlet müzesinde saygın bir yer ayıran Batı’yla mı?&nbsp;</p><p>LGBTİ bayrağıyla NATO amblemini birleştiren Batı’yla mı, yoksa Bach, Beethoven, Brahms, Goethe, Schiller, Kant, Hegel, Marx vs. vs. vs. gibi adlarla anılarak, eserleri okunarak, dinlenerek tüm dünyada değer verilen bir medeniyetin temsilcisi olan Batı’yla mı?</p><h3>HINDEMITH</h3><p>Türkiye’de çok sesli müzik eğitimin sistematikleştirilmesinde önemli katkıları olan Alman besteci Paul Hindemith, çok sesli Türk sanat müziğinin Türk halk müziği temelinde oturması gerektiğini savunuyordu. Türk müziğin “Avrupalılaştırılmasına” karşıydı…</p><p>Bugün Alman Radyo Filarmonisi’nin solo fagotçusu olan Zeynep Ayaydınlı ile birlikte 2010’da Albert Long Hall’de icra ettiğimiz Hindemith’in fagot-piyano sonatı kaydını ekliyorum. Kaydın ses kalitesi pek iyi değil, ama o akşamın atmosferini iyi kulaklıklarla yine de hissedebilirsiniz: </p><p><a href=\"https://www.youtube.com/watch?v=QgMwtCEeaqw&amp;feature=youtu.be\" rel=\"noopener noreferrer\" target=\"_blank\">https://www.youtube.com/watch?v=QgMwtCEeaqw&amp;feature=youtu.be</a></p>","outro":"","hideAds":false,"createdDate":1612735759285,"updatedDate":1612794029210,"hitCount":1196,"active":true,"lastUpdaterIp":"162.158.19.39","hasEmbeddedTitle":false,"showOnHomePage":false,"currentUrl":"bogazicili-arkadaslara-232098-1"},{"id":231371,"title":"Almanya’nın ilk Türkleri-2 (Fatma Keriman)","contentType":"CORNER_POST","coverImage":"","coverCode":"","publicationDate":1612134000000,"tags":[],"intro":"","spot":"","body":"<p>''Aman efendim, bu ne güzellik. Aristokrasi çevrelerinde o bir harikaydı. Dresden’in yarısı onu tanıyordu. Siyah saçları, canlı bir bakışı vardı. Uzun boyluydu ve narin bir vücut yapısına sahipti. Zeki ve ahlaklıydı, saraydaki diğer kadınlara hiç benzemiyordu… Maria Aurora, bir Türk subayın kızı. Hayır, olamaz, o bir zat-ı-şahane olmuş olmalıydı. En çılgın dedikodular yayılmaktaydı. Maria Aurora esir olarak getirilmişti saraya. Asıl adı Fatma idi. Ve kral Güçlü August’un ona çarpılması uzun sürmedi.''</p><p>&nbsp;Bu alıntıyla başlar Ayşegül Acevit’in Batı Almanya Radyosu WDR için hazırlamış olduğu, Osmanlı-Batı savaşlarında ve öncesinde esir alınan Türkleri işleyen değerli bir radyo prodüksiyonu. </p><h3>SAVAŞ VE KATLİAM</h3><p>Başarısız ikinci Viyana kuşatmasının ardından Avrupa tarihinde „Büyük Türk savaşı“ olarak adlandırılan Osmanlı-Kutsal İttifak savaşları başlar. 1683-1699 yılları arasında gerçekleşen bu savaşlar dizisi aynı zamanda Osmanlı İmparatorluğu’nun gerileme döneminin de başlangıcını teşkil eder.</p><p>Macaristan’ın Budin kentinde 3 buçuk ay boyunca 18 taarruza karşı kahramanca savaşan Osmanlı ordusunun direnişinin sonunda yıkılmasıyla, Budin’in Müslüman ve Yahudi halkı acımasızca katledilmiştir. Johannes Dietz adlı haçlı ordu hekimi kuşatma sırasında yaşadığı zulümleri not etti; 1-2 yaşında bebeklerin nasıl şişlenerek duvarlara fırlatıldığını ve hamile Müslüman kadınların karınları kesilerek doğmamış bebeklerin bile bu katliamın kurbanları arasında olduğunu. Katolik kilisesi elitinin 1453’ten beri yürüttüğü Türkleri canavarlaştırma propagandaları, haçlı ittifak ordularını canavar haline getirmişti. </p><p>Budin’de katledilmeyen - çoğu öksüz kalan çocuk - toplam 6000 Müslüman ise esir alınarak Almanya’nın farklı saraylarına köle olarak satılmıştır. </p><p>Bu insani trajediler Balkanların farklı yerlerinde benzeri bir şekilde tekrarlanmıştır. Katliama uğrayan veya köleleştirilen onbinlerce masum kadın ve çocuk. Bu köleler Almanya’nın önemli merkezlerine getirilmiş ve genelde saraylarda hizmetçi olarak çalıştırılmak üzere yetiştirilmiştir.</p><h3>ÖKSÜZ KIZIN YÜKSELİŞİ</h3><p>Bu öksüz kalan çocuklardan birisi de Maria Aurora von Spiegel veya asıl adıyla Fatma Keriman idi…</p><p>Fatma Keriman kont Aurora von Königsmarck’ın üvey evladı olarak yetişti. 1694'te onunla beraber Güçlü August’un sarayına geldi ve kontun hizmetçisi olarak görev yaptı. Saraydaki görevin yanında tam olarak bilinmeyen kendi başına bir işletme yürütüyordu. Kölelikten kurtulmaya ve kendi ayaklarının üstünde durmaya kararlıydı demek Fatma.</p><p>Güçlü August bu iradeli ve güzel Türk kızına tutulur. 1699’da onu Varşova’ya yanına getirtir. 1702’de bu gizli aşkın ilk meyvesi, Friedrich August adı verilen bir oğlan dünyaya gelir. Friedrich August yetiştikten sonra başarılı bir kariyer yapıp asker olarak Saksonya ordusunun başkomutanlığına kadar yükselir. 4 yıl sonra bir de kız evlatları olur: Maria Anna Katharina. Güçlü August 1724’te nihayet çocuklarını resmi olarak kabul eder ve von Rutowski soyadıyla Sakson-Leh aristokrasisine yüceltir. </p><p>1703’te Fatma’nın üvey teyzesi Amalie von Löwenhaupt güzel ve becerikli Fatma’ya karşı hissettiği kıskançlığı bir mektupta dile getirir: ''Eminim o nankör Türk’ün saray hayatı Königstein zindanlarınla son bulur bir gün. Şunu itiraf etmemiz lazım artık: biz koynumuzda yılan beslemişiz.'' Ancak yanılmıştır. Fatma Keriman daima Güçlü August’un koruması altında kalır. Kral August ilişkiyi mümkünce gizlemek için sahte bir evlilik düzenleyerek Fatma’yı kahyası Johann George Spiegel ile evlendirir. Fatma Keriman evlenerek aynı zamanda köle olmaktan da kurtulup yasal olarak kendi işini kurma ve ticari sözleşme yapma yetkisine sahip olur. Saksonya Oberlausitz bölgesinde kendi adına konak ve çiftlik satın alarak toprak sahibi olur. 1709 yılında halen resmi evlilik sürdürdüğü Johann George ile birlikte onun yeni görev yeri Lviv’e (Ukrayna) taşınır. Bu sınır bölgesinde Johann Georg istihbaratçı ve diplomat olarak görevlidir. Polonya, Rusya ve Osmanlı ile sürdürdüğü temaslarda Fatma Keriman onun tercümanı olmuştur. Johann Georg da kralın evlatlarını sahiplenip onlara üvey babalık yapmıştır. Diplomatik oyunları beceremeyen Johann George, Güçlü August’un güvenini kaybeder. Zindana düşmeden önce 1715’te vefat eder. Fatma Keriman ise çocuklarını başarıyla yetiştirdikten sonra kendi içine kapanır ve tamamen inancına bağlanır. Hayatının son bölümünü bir manastırda geçirdiği tahmin edilen Fatma Keriman hakkındaki son sözler, Fatma’nın oğlu kont Rutowski’nin bir meselesiyle ilgilenen Flemming adlı bir diğer konta aittir: ''Artık kimsenin onu yaratandan koparabileceğine inanmıyorum.'' </p><p>O inançlı duruşunu kanıtlayan bir diğer husus ise şudur: Fatma Keriman, gencecik yaşta kaybettiği ailesini ve Türk kökenini hiç bir zaman unutmayıp, ömrü boyunca yazışmalarda ve sözleşmelerde imzasına resmi olan Maria Aurora Spiegel adına ''Keriman doğmuş'' ekini eklemiştir.</p><p>…</p><p>Bu haftaki ki kaydım Rahmaninov’un meşhur sol minör prelüdünü: </p><iframe class=\"ql-video\" frameborder=\"0\" allowfullscreen=\"true\" src=\"https://www.youtube.com/embed/Q6vCgqQOvuU?showinfo=0\"></iframe><p><br></p><p><br></p>","outro":"","hideAds":false,"createdDate":1612137659801,"updatedDate":1612137659801,"hitCount":1117,"active":true,"lastUpdaterIp":"141.101.105.42","hasEmbeddedTitle":false,"showOnHomePage":false,"currentUrl":"almanya-nin-ilk-turkleri-2-fatma-keriman-231371"},{"id":230491,"title":"Almanya'nın ilk Türkleri - 1","contentType":"CORNER_POST","coverImage":"","coverCode":"","publicationDate":1611529200000,"tags":[],"intro":"","spot":"","body":"<p>Almanya’daki Türk izleri konusunda çoğu insanın aklına önce 1950’lerin sonlarından itibaren gelen işçilerin getirdiği gelenekler gelir. İlk başta da yemek kültürü. Eskiden nerdeyse tamamen yabancıların alış veriş yaptığı Türk bakkallarında, günlük sebze ve meyvenin en tazesini ve lezzetlisini en uygun fiyata bulabileceklerini keşfeden Almanlarla da artık sık sık karşılaşabilirsiniz. Mercimek çorbası ve kısır artık Almanların da severek yaptığı yemek çeşitleri arasındadır. Ancak Türklerin çok daha eskilere dayanan izlerine rastlamak da mümkündür. Ortaçağdan beri bireysel veya kitlesel olarak Almanya’ya yerleşip saygın mertebelere ulaşan binlerce Türk olmuştur. Haçlı seferlerinin ve Batı’nın Osmanlı İmparatorluğuyla sürdürdüğü savaşların neticesinde kendisini Almanya’da bulanlar. Kısa zamanda Alman milletinin içinde kaynayıp Almanlaşmış bu tarihi soydaşlarımıza ve Alman toplumunda bıraktıkları izlere bazı ilginç örneklerle ışık tutmak istiyorum… Tarihin ironisi: Yüzlerce yıl unutulan Türk kökenli Almanlar Nazi Almanya’nın ırk kanunları sayesinde yeniden ortaya çıkmıştı. Memuriyet veya benzeri görevler için gerekli Aryanlık sertifikasına müracaat ederken bir sürü Alman ailesi Türk atalarını keşfetmişti. Ortaçağdan beri kiliselerin titizlikle muhafaza ettiği vaftiz kayıtlarında, \"<strong>Ernst August Mustafa</strong>“, \"<strong>Friedrich Wilhelm Hasan</strong>“, \"<strong>Süreyya</strong> <strong>Sperling</strong>“, \"<strong>Ali doğmuş Pater Josephus</strong>“ veya \"<strong>Ahmet Ağa doğmuş Heinrich Gottlieb</strong>“ gibi isimlere rastlamak her zaman mümkündü, ama 20. yy. ortalarına kadar kimse bu insanların kim olduğunu ve nereden Almanya’ya geldiğini araştırmamıştı.2. Dünya savaşından sonra ise Almanya’ya genelde esir olarak getirilmiş bu Türklerin hikayeleri araştırılmaya başlanır…&nbsp;</p><h3>ALMANYA’YA GELEN İLK TÜRK HEKİM</h3><p>Son yıllarda çeşitli nedenlerle Almanya’ya birçok Türk hekim gelmektedir. Bilgi ve becerileriyle takdir toplayan Türk hekimlerinin ilkinin 600 yıldan önce Alman topraklarına geldiğini kim tahmin ederdi ki? Son haçlı seferlerinden birisi sırasında Suriye’de Mehmet Sadık Selim Sultan adlı Selçuklu bir hekim subay, Graf von Lechmotir adlı Alman bir kont tarafından esir alınmış. Kont, Sadık Selim’i binlerce kilometre uzağa Württemberg’deki topraklarına, Brackenheim kentine getirmiş. Türk subayın cesaretine hayran kalan Kont onu ordusunda albay yapmış. Doğum yılı 1270 olduğu tahmin edilen Sadık Selim, 1304’de Alman kızı Rebecka Dohlerin’i gelin alıp, 1305’te vaftiz olur. Johann Soldan adını kabul edip Hıristiyanlığa geçen Türk subayı böylece günümüze kadar etkin ve köklü Alman ailelerinden biri olan Soldan ailesinin başlangıcını yapar. Hıristiyan dinini kabul ettiği Brackenheim’ın Johanniskirche kilisesine ait mezarda defnedilmiş. Bağışlarla kiliseyi destekleyen ailenin üç oğlu da buraya gömülünce bu mezarlık aile kabristanına dönüşür. Soylu bir aile haline gelen Soldanların ambleminde, bir elinde Türk kılıcı bir elinde ok tutan zırhlı bir Türk askeri ve hilal dikkati çeker. Aile kabristanı, büyüyen kilisenin bir parçası haline gelmiş olsa da, bu Soldan ailesi amblemi Johanniskirche kilisesinin camlarından birinde halen mozaik olarak gözükmektedir.&nbsp;Çocuklar için EM-Eukal öksürük pastillerini bilmeyen çocuk yoktur Almanya’da. Dr. C. Soldan markasının diğer şifalı pastillerini de herkes tanır. Her eczanede bulunur. Selçuklu atasından tam 600 yıl sonra Münih’te dünyaya gelen eczacı Carl Soldan 1899’da bu başarılı şirketi kurar. Sultan sözcüğünden türemiş Soldan adı en bilinen Alman soyadlarından biri olur.</p><h3>GOETHE’NİN TÜRK ATASI</h3><p>Daha da ilginç olan ise, Alman edebiyatının ve şiirinin en önemli isimlerinden, Johann Wolfgang von Goethe’nin anne tarafından Soldan kökenli olduğuna dair tezdir. Selçuklu bir subayın Almanların en önemli şairinin atası olmasından daha sıkı bir bağ olabilir mi bu iki halk arasında? Tamamıyla ispatlanamasa da bugün bu tezin doğru olduğu düşünülmektedir. Haftaya daha önceki yazımda bahsettiğim güçlü August’un büyük aşkı Fatma Keriman’ın, Hannover’de aristokrasiye giren Mehmet’in ve Almanya’nın ilk kahvehanelerinden birini açan Sadullah Paşa’nın hikayelerini anlatacağım.</p><h3>OCAĞIN HUZURU: BU HAFTAKİ KAYDIM&nbsp;</h3><p>Huzurlu mutluluğun köşesinde</p><p>Karanlık hükmediyor.&nbsp;</p><p>Şöminenin ateşi yavaşça söndükçe&nbsp;</p><p>Işık kayboluyor.</p><p>&nbsp;Çaykovski, Puşkin’in bu sükunetli satırlarını, Mevsimler adlı eserinin ilk parçasının başına koymuştur: Ocak - Ocak başında. Parçada, alevlerin titreşmesi hafif bir coşkuya doğru iteklese de, ocak ayı huzura kavuşmak ister. Ruh harareti ateşte izlerken, uzun bir yılın güçlüklerine hazırlanırcasına dinginlik biriktirir:&nbsp;</p><iframe class=\"ql-video\" frameborder=\"0\" allowfullscreen=\"true\" src=\"https://www.youtube.com/embed/Q8WG9-WKCIY?showinfo=0\"></iframe><p>&nbsp;</p><p><br></p>","outro":"","hideAds":false,"createdDate":1611522290059,"updatedDate":1611522290059,"hitCount":1123,"active":true,"lastUpdaterIp":"162.158.210.164","hasEmbeddedTitle":false,"showOnHomePage":false,"currentUrl":"almanya-nin-ilk-turkleri-1-230491"},{"id":229639,"title":"Güzel Saksonya’nın Türk Salonu","contentType":"CORNER_POST","coverImage":"","coverCode":"","publicationDate":1610924400000,"tags":[],"intro":"","spot":"","body":"<p>Saksonya dendiğinde bugün batı Almanya’da çoğu kişinin aklına önce yabancı düşmanlığı ve kaba tavırlı içine kapanık bir halk gelir. Algının böyle olmasında medyanın payı büyük. Ancak kendim de sıkça yaptığım gibi Saksonyayı yürüyerek gezerseniz, dürüst, geleneksel misafirperverliğini, dayanışma ve yardımseverliğini neoliberalizmin yanılgılarına kurban etmemiş mert ve onurlu bir halkla karşılaşırsınız. Almanya’nın kuzeybatısında yetişmiş bir Türk için, Balkanlar adeta Saksonya’yla başlar. Güneyinde batı Trakya’ya kadar uzanan Avrupa’nın güneydoğusu bu noktada başlar. Sonunda Asya kapılarına dayanan o etnik ve kültürel kaynaşım merkezi, o insanlık tarihi açısından gizemlerle dolu Balkanlar.&nbsp;</p><p><img src=\"raw/2021/1/18/24f4486c-0b27-44f3-b84b-717b0afe6966.jpeg\"></p><h3>ÖZÜNÜ KORUYAN SAKSONLAR</h3><p>Saksonyayı gezerken iki farklı Alman devletinde yaşanmış çalkantılı hayat hikayelerini duyabilirsiniz. Sohbeti seven, kendine has samimiyeti eksik etmeyen ve doğu Almanya’nın çöküşüyle beraber yaşanan sıkıntılardan asla yılmayan insanlarla karşılaşırsınız. Batı Almanya’daki algının aksine Saksonya’da belki de Almanya’nın diğer hiçbir bölgesinde olmadığı kadar yabancıya gerçek anlamda saygı ve ilgi mevcuttur.&nbsp;</p><p>Liberalizmin yıkıcı etkisinde 40 yıl daha uzun kalmış Batı Almanya’da yabancıya ilgi daha ziyade yabancının mağduriyetine olan ilgidir. “Zavallı” yabancıyı öz kültüründen ve adetlerinden “kurtarıp” onu kendi “ileri” yaşam biçimine yöneltme düşüncesi pek yaygındır. Özünü unutmayan, kendi kültürünü bilen ve yaşatan, Avrupa’ya uyum sağlayabilirken Asyalılığını veya Afrikalılığını da koruyan yabancıya sempati oldukça kısıtlıdır. Doğuda ise Avrupa dışındaki yabancı ülkelere, “geçmiş çağlarda düşmanlık yaşamış olsa da” merak ve sanatına ve sanatçısına derin bir saygı gelenek haline gelmiştir. Özellikle de Türklere yönelik 16. yüzyıla kadar dayanan özel bir ilgi bulunmaktadır.&nbsp;</p><h3>'GÜÇLÜ' KRALIN TÜRK HAYRANLIĞI</h3><p>Bu ilgi Dresden’i Dresden yapan 1. August’un Osmanlı hayranlığı ile zirveye ulaşır. Hükümdarlık sürdüğü 18. yüzyılın ilk yarısında adeta bir Türk modası sarmıştır Saksonya aristokrasisini. Doğu sevdalısı olan Güçlü August lakaplı 1. August, giysiden at takımları ve değerli kumaşlara kadar birçok birbirinden değerli Osmanlı el sanatı eserini İstanbul’dan getirtmiştir. Herkesin Osmanlı-Türk kıyafetlerine büründüğü Türk temalı kostümlü balolar üst tabakada çok popüler olmuştur. Resmen Türk rüzgarı esmiştir “Güçlü”nün topraklarında. Bu hayranlığı taçlandıran ise August’un, orijinal ithal ve kendi imalathanelerinde taklit Osmanlı üniforması, silah ve alet edevat ile donanmış 600 askerli yeniçeri birliğiydi. Yüzyıllar önce yeniçeri kılığına girmiş 600 Sakson mehter marşı eşliğinde yürürken halk hayranlıkla seyrediyordu. Bu gerçek saygıya dayalı ilgi, modern çağa kadar izlerini sürdürmeye devam etmiştir. Örneğin İdil Biret gibi dünya çapında sevilen bir sanatçının Almanya’daki kariyerinin en önemli kısmı batıda değil eski sosyalist doğu Almanya’nın Leipzig ve Dresden gibi köklü müzik merkezlerinde geçmiştir. Saksonların bu Doğu tutkusunun en muazzam örneklerinden biri ise Doğunun Floransa’sı olarak da bilinen Saksonya başkenti Dresden’deki devlet müzesinde bulunmaktadır. Dünyadaki sayılı Osmanlı-Türk sanatı sergilerinden biri: Türckische Cammer – Türk Salonu. 2. Dünya savaşından sonra 16. yüzyıldan 19. yüzyıla kadar biriktirilen Türk sanatları koleksiyonunun sadece küçük bir bölümü Dresdenin diğer sıra dışı müzesi Zwinger’de sergileniyordu. 2010 yılında bu koleksiyonun seçkin parçaları arşivlerden kurtarılarak Dresden Kalesinde bulunan devlet müzesindeki özel yerini almıştır. Türk odasına girmek büyüleyici bir doğu gecesine dalmak gibidir. Kalenin farklı bölümlerindeki batılı millet ve hanedanların eserlerini kapsayan birbirinden değerli koleksiyonlar; batılı olmadan batının da kaçınılmaz bir parçası olan Osmanlı-Türk medeniyetine ait özenle korunmuş eserlerle tamamlanmaktadır. At başlığı, eyer, miğfer ve silahların yanında serginin göz bebeği 1729’da Dresden’e gelen 20 metre uzunluk ve 8 metre genişlikteki altın kaplama deriden yapılmış Osmanlı çadırıdır. İlginçtir ki, 16. yüzyıla kadar Osmanlıda yaygın bir ürün olan katlanabilen deri seyahat bardağının son 4 orijinali Dresden kalesinde bulunmaktadır.&nbsp;</p><p>Son yıllarda İslam karşıtı protestolarla gündemde olan Dresden kentini yargılarken, Saksonların görkemli geçmişlerindeki Türk hayranlığını da gözden kaçırmamak gerekir.</p><p>Not: Bu hafta Beethoven’ın opus 10/1 do minör sonatı kaydımı <a href=\"https://www.youtube.com/watch?fbclid=IwAR1nYxqHKjlH7YWKVf0GHundGVQtC7MlXO9Zg2NSXuThFFMf3iFZ7Ua0pMA&amp;v=lCxVvRbSGXc&amp;feature=youtu.be\" rel=\"noopener noreferrer\" target=\"_blank\">Youtube kanalımdan</a> dinleyebilirsiniz.</p><p><br></p>","outro":"","hideAds":false,"createdDate":1610920684609,"updatedDate":1610920684609,"hitCount":724,"active":true,"lastUpdaterIp":"172.69.71.96","hasEmbeddedTitle":false,"showOnHomePage":false,"currentUrl":"guzel-saksonya-nin-turk-salonu-229639"},{"id":228806,"title":"Almanya’da sanat ve fikir ‘özgürlüğü’ - 2\n","contentType":"CORNER_POST","coverImage":"","coverCode":"","publicationDate":1610319600000,"tags":[],"intro":"","spot":"","body":"<p>2) Yıl 2012. Geceleri takside direksiyon sallamaya devam. Tesadüf eseri, bir akşam Hannover konservatuarının eski keman profesörü Attila Aydıntan’ın oğlu, müzik teorisyeni ve besteci Marcus Aydıntan binmişti taksime. Yol boyu hoş sohbetimiz sırasında, Marcus Langenhagen kentinden, kentin 700. yıl dönümü kutlamaları için bir eser yazma teklifi aldığını söyledi. Benim doğuştan Langenhagen’lı olduğumu duyunca ise dedi ki: ‘sen yazmak istemez misin bu eseri bir Langenhagen’lı olarak?’&nbsp;Ne hayırlı bir karşılaşma oldu; gurbetçi olduğum Almanya’da ilk kez bu kadar değerli ve sorumluluk içeren bir görevi üstlenmek teklif edilmişti bana. Hemen işe giriştim. 2 ayda, oda orkestrası, kilise orgu, bağlama, vurmalı çalgılar ve didgeridoo için 20 dakikalık bir eser besteledim. Minimal bir bütçeye ve az provaya rağmen eser o kadar beğenilmişti ki, kentin tarihi Elisabeth kilisesini dolduran halk dakikalarca ayakta alkışladı ilk (ve bugüne kadar son) seslendirilişini. Ancak Almanya’da doğup büyüyen bir Türk işçi çocuğunun bestelediği eserin icrası, kentin 700. yıl kutlaması töreni konserinde tıklım tıklım dolu olan tarihi kilisede tüm halkı coştursa da, bu hadisenin basın için yeterince haber değeri yoktu. Sadece Langehagen’da bedava dağıtılan haftalık mahalle gazetesinde tek bir cümlenin arasında “<strong>Kemal Cem Yılmaz’ın Langenhagen için bestelediği şarkı</strong>”dan bahsedildi. Halbuki o “<strong>şarkı</strong>” diye adlandırılan, kutlamanın ana eseri, 40 kişilik bir senfonik yapıt idi: “<strong>700</strong>”. Türk ve Müslüman bir işçi çocuğunun toplumdaki yeri belliydi. Olsa olsa bolca şiddet ve küfür saçan rap şarkıcısı olurdu, senfonik besteci değil. Liberal ve sözde sol hegemonyanın üstünlük kompleksi bunu gerektiriyordu çünkü.&nbsp;</p><h3>MEHMETÇİĞİ SAVUNMAK NEFRET SÖYLEMİ SAYILINCA</h3><p>3) Yıl 2017. İlk kaydım yayınlanmıştı. Bach’ın meşhur Goldberg Varyasyonları. Einbeck kentinde Bach’ın bu başyapıtını icra etmek üzere davet edildim. Aynı zamanda gerçekleşecek bir genç piyano yarışmasında ise jüri üyesi olarak katılmam rica edilmişti. Yani tüm Einbeck’li müzik severler bu müzik şöleni kapsamında benimle tanışacaktı.&nbsp;Birden bir e posta: Sosyal medyada Türkiye’nin PKK terör örgütüne karşı kararlı müdafaa hakkını savunduğum için şiddeti övmüşüm ve bu festivalin barışçıl felsefesine aykırı davrandığım için festival yönetimi tarafından benim hem konser programından hem de jüri üyeliğinden çıkarılmama karar verilmiş. “<strong>Hele genç insanlara ve hele Bach’ın eserleriyle”</strong> iyi bir örnek olamazmışım... Cevap olarak yanlış bir anlaşma olduğunu, bu meseleyi konuşarak çözebileceğimizi yazdım. Hiç bir zaman hiç bir halka, dine, ırka, cinse vs. karşı bir nefret söylemim olmadığını anlattım ama cevap gelmedi. Oto sansür yeni bir boyuta ulaşmıştı. Artık görmezden gelmenin ve karalama kampanyalarının yanına bir de bir tür ajanlık eklenmişti. Sosyal medya hesabı kurcalanarak davet edilen sanatçının siyasi ve dünya görüşü incelenmeye başlanmıştı. Bunun sanat özgürlüğü ile ne alakası olduğunu bugüne kadar anlamış değilim. Anlaşılan ise şuydu: aşırı sağcı ve yobaz terörünü lanetlemek onaylanıyordu, ama PKK terörünü lanetlemek nefret söylemi sayılıyordu. Bunu yapan bir sanatçıya sahneyi dar hatta imkansız etme gereği duyuluyordu.</p><h3>&nbsp;DOĞRUYU SÖYLEYENİ…</h3><p>4) Yıl 2018. Bielefeld şehrinin kültür derneği beni konsere davet etmişti. Hatta amatör besteci olan dernek başkanı benden bestelediği bir piyano parçasının ilk seslendirilişini rica etmişti. Ve bir kez daha benzer bir durumla karşılaştım. Bu sefer, Dresden’deki ulusalcı protestocuların önemli bir kısmının yabancı düşmanı olmadığını, hatta aralarında birçok yabancı dostu da bulunduğunu söylediğim için. Bir kez daha fikir ve medya hegemonyasına aykırı bir gerçeği ifade ettiğim için sanatçı olarak sansürlendim. Dernek başkanı bana telefonda, doğru ve barışçıl tutumumdan şüphesi olmadığını söyledi. Ancak yönetim kurulunun çoğu üyesi, derneğin bir önceki yıl aldığı entegrasyon ödülüyle benim duruşumun bağdaşmadığı görüşünde olduğundan konserimin iptal edilmesi yönünde karar alındığını belirtti. Entegrasyonu asıl engelleyen tutumun bu olduğunu söyledim. Dernek başkanı bunun üzerine tüm yönetim kuruluyla bu meseleyi yüz yüze konuşmayı teklif etti. Ne oldu sonra? Olan oldu. Bir daha dernek başkanından haber almadım.&nbsp;&nbsp;Buna benzer daha nice hikayeler var ilkokul yıllarıma kadar dayanan. Dışlanma, küçük görülme ve sonunda da sansürlenme tecrübeleri, örnek gösterilen Batı’nın liberal düzeninde de yaşanıyormuş demek. Elbette liberal düzende aykırı sanatçı hapse atılarak susturulmuyor. Öyle olsa belki insanlar haksızlığın farkına varıp karşı koymaya başlarlar. Hayır, Batı’nın liberal düzeninde o istenmeyen sanatçı yok sayılarak, iptal edilerek, hak ettiği asgari ilgi bile gösterilmeyerek susturuluyor. Kendisi fiziken hapse atılmıyor ama eserleri ve fikirleri görmezden gelinerek anlamsızlık hapsine atılıyor.&nbsp;&nbsp;Avrupa’da sadece sözde var olan sanat ve fikir özgürlüğünü, Türkiye’nin özde kurup teminat altına alması, biz gurbetçilerin umududur.</p>","outro":"","hideAds":false,"createdDate":1610316779475,"updatedDate":1610316779475,"hitCount":596,"active":true,"lastUpdaterIp":"141.101.76.190","hasEmbeddedTitle":false,"showOnHomePage":false,"currentUrl":"almanya-da-sanat-ve-fikir-ozgurlugu-2-228806"},{"id":228005,"title":"Almanya'da sanat ve fikir 'özgürlüğü'-1","contentType":"CORNER_POST","coverImage":"","coverCode":"","publicationDate":1609714800000,"tags":[],"intro":"","spot":"","body":"<p>Yüksek eğitimli laik olarak adlandırılabilecek tabakaya ait insanlardan sıkça duyduğum bir şey: Avrupa’nın kalbi Almanya’da yaşamanın, sanat ve fikir özgürlüğü açısından ne kadar da büyük bir şans olduğu, Türkiye’de ise fikir, sanat ve ifade özgürlüğünün olmadığı veya kısıtlandığı.&nbsp;</p><p>Böyle düşünenler Avrupa’da bir sanatçının, fikirleri veya duruşu yüzünden asla engellenmeyeceğini, sansürlenmeyeceğini zannederler.&nbsp;</p><p>Ancak bu bir yanılgıdır. Gerçek şu ki, yüzeyde temcit pilavı gibi tekrarlanan gül pembemsi bireysel özgürlük ve insan hakları söylemleri aslında altta yatan acımasız bir sansür mekanizmasını kamufle etmektedir. Kanunen sanat ve fikir özgürlüğü koruma altında olsa da, bu özgürlük fiilen bulunmamaktadır.&nbsp;</p><h3>DEVLET BASKISI YERİNE OTO SANSÜR</h3><p>&nbsp;Batı’daki sansür mekanizmasını diktatörlüklerdeki gibi bir devlet kurumu uygulamıyor. Fikir ve ifade özgürlüğünün kalesi olması gereken ve demokratik tartışmayı sağlamakla görevli olan yayın organlarının ve medyanın yükümlülüklerini yerine getirmemeleriyle gerçekleşiyor bu dolaylı sansür. Bu organlarda mevcut hakim ideolojiye aykırı görüşler - genç Alman gazetecilerin %90’ı kendilerini liberal sol olarak tanımlamakta! - daha başından devre dışı bırakılıyor, bahsedilse de saptırılarak aktarılıyor, ama genelde yok sayılıyor. Böylece toplumsal tartışmada adını hak eden bir çok yönlülüğün oluşması imkansız hale geliyor. Mekanizma otonom bir şekilde, bir kuruma, örgüte, fiziki devlet baskısına gerek kalmadan oto sansür ile işliyor. Kimin yazabileceğini, sergileyebileceğini, sahne alabileceğini, duyulabileceğini sonuçta tüm derin etki yaratabilen tartışma mekanizmalarını sarmış liberal-globalist bir ideolojik hegemonya belirlemektedir.&nbsp;</p><p>Siz değerli Aydınlık okurlarına, ilk iki köşe yazımda Almanya’da bu ideolojik hegemonyanın kabul etmediği görüşlere sahip olunca bir müzisyenin nelerle karşılaşabileceğini bazı tecrübelerimden örnek vererek anlatacağım:</p><h3>ALMANYA’YLA GURUR DUYMAK NASIL ENGELLENDİ</h3><p><strong>1)</strong> Yıl 2011. Toplumun her kesiminden 100’den fazla insanın katılımıyla bir pop müziği projesi gerçekleştirdik. Bu projede; etnik kökeni ve sınıfsal konumu ne olursa olsun, herkesin Almanya’ya pozitif bir duyguyla yaklaşmasını, yaşadığı ülkeyle gurur duyabilmesini konu almıştık. Daha sonraki yıllarda gitgide artan toplumsal ayrışmayı sezmiştik. Hem birlik ve beraberlik mesajı verecek, hem de elde edilen kazanç ile işçi çocuklarının özel müzik eğitimi almalarına maddi destek sağlayacaktık.&nbsp;</p><p>\tŞarkı, videosuyla beraber internette yayınlandıktan sonra başta bazı etkin kurumlar tarafından ilgiyle karşılanmıştı. Örneğin şansölye Merkel’in o zamanki sekreterliği bizzat Merkel’in teşekkürünü iletmiş, hükümet partisi CDU’nun Facebook sitesinde ''günün internet paylaşımı'' başlığıyla videonun tanıtımına katkı sağlamıştı. Projenin gerçekleştiği Hannover kentinin bölgesel radyo istasyonu projeyi şarkı listesine alarak tanıtacağı sözünü vermişti. Ancak bu olumlu gibi gözüken ilk yankılardan sonra eleştiriyi aşan çirkin ve antidemokratik tepkiler de görmeye başladık. O zamanlar üye olduğum SPD’nin gençlik kolları, örgütün Facebook grubunda paylaştığım videoyu sildi. „Bu tarz milliyetçiliği körükleyen projelerin genç sosyalistlerle bağdaşmadığını söylemekle yetindiler. Yanlış anlaşmayı ortadan kaldırmak üzere bu konuyu açıkça yüz yüze tartışma ricama yanıt bile verilmedi. Yetmedi; internette videonun yorumlarında ''faşist'' ve ''nazi'' olarak adlandırıldık. Halbuki özellikle her ırk, din ve sınıftan insanlar vardı. Hepsi birlikte Almanya’nın pozitif, örnek alınacak yönlerini öne çıkararak ''Almanya’yla gurur duyuyoruz'' mesajı veriyordu. Aslına bakılacak olursa, tam anlamıyla sosyal demokrat bir ilkeyi hayata geçirmiştik. Tamamıyla hoşgörü ve karşılıklı saygı anlayışıyla gerçekleşmiş bir proje, totaliter anti-milliyetçi, neoliberal-globalistlerin maşası olmuş bir sözde sol ideolojinin temsilcileri tarafından karalanmaya başlanmıştı. Bu zihniyetin ne kadar etkin olduğu ise zamanla ortaya çıktı: Bir sürü radyo istasyonu şarkıyı beğenmelerine rağmen, şarkıda geçen ''Almanya’yla gurur duyuyoruz'' sözleri görüntüsüz problem yaratabileceğinden dolayı şarkıyı çalamayacaklarını söylediler. En kötü haber: bölgesel halk radyo istasyonu da verdiği sözü tutmadı. Şarkı, bahsettiğim çevrelerin muhtemel baskısından sonra şarkı listesine alınmadı.&nbsp;</p><p>\t<strong>Netice: </strong>Çoğunlukla alt tabakaları oluşturan yabancı uyruklu işçi çocuklara yönelik iyi bir iş yapalım, düşmanlığa karşı birlikte gururlu bir ülkenin parçası olmayı dillendirelim derken, ''milliyetçi faşist'' kılıfı giydirilmeye çalışıldı. Hayda…</p><p>Almanların kendi kimlikleriyle olan sorunun ne boyutlara varabileceğini öğretti bana bu tecrübe. ''Almanya’yla gurur duyuyoruz'' demek insanların birçoğunu, hoşlarına gitse dahi, o kadar ürkütmüştü ki, projeyi kalıcı başarıya ulaştıracak cesaret ve irade ortaya çıkamamıştı. Milyonları mutlu edebilecek ve bir sürü insan tarafından destek görebilecek tamamen yapıcı bir projenin tanıtılması daha baştan imkansız hale gelmişti.&nbsp;</p>","outro":"","hideAds":false,"createdDate":1609715362547,"updatedDate":1609715362547,"hitCount":900,"active":true,"lastUpdaterIp":"162.158.154.233","hasEmbeddedTitle":false,"showOnHomePage":false,"currentUrl":"almanya-da-sanat-ve-fikir-ozgurlugu-1-228005"}]},"success":true}