{"data":{"totalCount":20,"author":{"id":61,"name":"Hürol Bilal","image":"2019/11/27/06c3f612-e10f-485c-af83-f8512a7410c2.jpg","authorType":"NEWSPAPER","emailAddress":"hurolbilal@gmail.com ","twitter":"","facebook":"","instagram":"","youtube":"","background":"","active":true,"socialImage":"","lastPublicationDate":1490812020000,"slugUrl":"hurol-bilal"},"contents":[{"id":136996,"title":"26 Ekim Dünya Hasta Hakları Günü! Peki haklarınız neler...","contentType":"CORNER_POST","coverImage":"2019/11/28/5981f249-e381-458d-a9c2-00f9c6e9b998.jpg","socialMediaImage":"2019/11/28/caf5b35a-5a58-469c-9cfa-8fb9c398f426.jpg","coverCode":"","publicationDate":1572080760000,"tags":[],"intro":"NİLAY TUĞÇE BOSTANCI","spot":"Hasta haklarının kapsamını Aydınlık'a anlatan Prof. Dr. Haydar Sur, ülkemizde hastaların haklarından yeterince haberdar olmadığını söyledi. Sur, 'Hasta hakları, insan haklarının sağlık hizmetleri olarak sunulmasıdır' dedi.","body":"<p>İlk kez 1981 yılında Lizbon&rsquo;da yapılan 34. D&uuml;nya Tabipler Birliği Genel Kurulu&rsquo;ndaki Lizbon Bildirgesi ile kabul edilen 26 Ekim D&uuml;nya Hasta Hakları G&uuml;n&uuml;, T&uuml;rkiye&#39;de 1998 yılında&nbsp;y&uuml;r&uuml;rl&uuml;ğe girdi.&nbsp;Hastaların haklarını bilmesini ve korunmasını ama&ccedil;layan g&uuml;n ile ilgili &Uuml;sk&uuml;dar &Uuml;niversitesi Tıp Fak&uuml;ltesi Dekanı Prof. Dr. Haydar Sur, hasta haklarını&nbsp;hem hastaların hem de sağlık&ccedil;ıların g&ouml;z&uuml;nden anlattı. Prof. Sur, hasta hakları ve sağlıkla ilgili farkındalık oluşumunun artması i&ccedil;in medya &ccedil;alışanları ve sağlık&ccedil;ılara d&uuml;şen g&ouml;revler hakkında da bilgi verdi.&nbsp;&nbsp;</p>\r\n\r\n<p><strong>&#39;BU İŞ K&Uuml;LT&Uuml;R İŞİDİR&#39;<br />\r\n* Son yıllarda hasta hakları konusu &ccedil;ok konuşuluyor. Hasta hakları deyince ne anlamalıyız ve T&uuml;rkiye&rsquo;de hastalar haklarından yeterince haberdar mı? Sağlık kuruluşlarında&nbsp;hasta haklarına riayet ediliyor mu?</strong><br />\r\nT&uuml;m d&uuml;nyada 1950&rsquo;lerden sonra hasta haklarına olan ilgi artış g&ouml;sterdi. T&uuml;ketici haklarının artışı, sağlık t&uuml;keticisi olan hastanın da avantajına olmuştur. Hasta g&uuml;venliğinin ihlal edilebileceği anlaşılınca &ouml;nce sivil platformlarda dile getirildi. Uluslararası antlaşmalar yapıldı. &Uuml;lke mevzuatları haline geldi ve uygulamaya girdi. Bu iş k&uuml;lt&uuml;r işidir.&nbsp;Kayıt bildirim ve denetim, ayrıca eğitimlerin hem profesyonellere hem halka y&ouml;nelik olması durumu iyi bir noktaya getirdi.&nbsp;<br />\r\nHasta hakları net bir şekilde anlaşılır değil. Hasta hakları, insan haklarının sağlık hizmetleri sunulması ve alınmasına uyarlanmış halidir. İnsan haklarında iyi olan buna da riayet eder. Yery&uuml;z&uuml;nde sırf insan olarak doğmaktan dolayı insanın sağlık hakkı vardır. Din, dil, ırk, mezhep fark etmeksizin bu hakka sahiptir. Sağlık hizmetleri kolayca &ccedil;&ouml;z&uuml;mlenebilir olmadığı i&ccedil;in, hastanın yazılı onayının olması gerekir.&nbsp;İnsan sağlığının tehdit edildiği noktada kesinlikle yazılı onay gerekir. Bunu hasta &ouml;zg&uuml;r iradesiyle kabul etmelidir. Sağlık hizmeti sonra verilir.</p>\r\n\r\n<p><strong>&#39;HASTA ODAKLI SİSTEM OLUŞAMAYA BAŞLADI&#39;</strong></p>\r\n\r\n<p>Hizmet alanlar &ccedil;ok iyi bilgileniyor mu? Hayır&nbsp;ama bunun altının doldurulması gerekiyor. Ayrıca insana muamele y&ouml;n&uuml;nden de hastanın hakları var. Bir budist gelse ve &#39;Bana ibadet yeri g&ouml;sterin&#39; dese, bunu yapmak zorundayız. Cevap verebilirlik kısmı da &ccedil;ok &ouml;nemlidir.&nbsp;Sosyal olarak haklarını isteyen bir kimsenin, elimizdeki imkanlar &ccedil;er&ccedil;evesinde isteklerinin sağlanması gerekir. Hastadan onay alındı, işlemde yarıya kadar gelindi ve hasta korktu ve &#39;Ben bitirmek istiyorum&#39; dese, ona da saygı duymak ve bu var olan hakkını ona vermek zorundayız. Buna işlemi durdurma ve geriye d&ouml;nd&uuml;rme hakkı denir. Hasta odaklı sistem oluşmaya başlamıştır.</p>\r\n\r\n<p><strong>&#39;20 İ&Ccedil;İNDE ORTALAMA &Ouml;M&Uuml;R 100 YAŞI AŞACAK&#39;</strong></p>\r\n\r\n<p><strong>* Sağlık hizmetleri alanında T&uuml;rkiye&rsquo;nin d&uuml;nyadaki yerini nasıl değerlendirirsiniz? İyi bir noktada mıyız yoksa sorun &ccedil;ok mu?</strong><br />\r\nT&uuml;m d&uuml;nyada ve T&uuml;rkiye&rsquo;de&nbsp;&ouml;n&uuml;m&uuml;zdeki 20 yıl i&ccedil;inde ortalama &ouml;m&uuml;r 100 yaşı aşacak ve ortalıkta &ccedil;ok fazla bakıma muhta&ccedil; insan&nbsp;olacak.&nbsp;D&uuml;nyada ortalama &ouml;m&uuml;r yaşı 65&#39;e &ccedil;ıktı. Yoksul &uuml;lkelerde bile&nbsp;bu rakam 35&rsquo;ten 42&#39;ye kadar y&uuml;kseldi. Mesela Japonya&rsquo;da 85 oldu. Mali&rsquo;de doğan bir bebeğe g&ouml;re Japonya&rsquo;da doğan bir bebek 2 katı fazla yaşayacak. T&uuml;rkiye&rsquo;de ise ortalama 56-57 iken bu rakam 76 oldu.<br />\r\nTıp gelişimi ve teknolojinin gelişimi ile durum gelişti. Kanserle m&uuml;cadelede artış oldu. AKUT hastalıklar neredeyse bitti. Yaşam kalitesini y&uuml;kseltmek gibi bir amacımız da var. AR-GE, ila&ccedil; sekt&ouml;r&uuml; araştırmaları &ccedil;ok pahalı olduğu i&ccedil;in hizmet de pahalı oluyor. Bu sebeple parası olan hizmeti alabiliyorken, olmayan alamıyor. 7 milyarlık d&uuml;nya n&uuml;fusunda bu denge nasıl oluşacak sorusu ortaya &ccedil;ıkıyor. Sağlık hizmetlerinin verilişinde de sosyo-k&uuml;lt&uuml;rel etkilerle beraber sistemler de farklılaştı. T&uuml;rkiye&rsquo;de de hizmetlerde gelişme oldu. T&uuml;rkiye, sigara ile m&uuml;cadelede d&uuml;nya şampiyonu oldu ancak obezite, aşırı stres, bağımlılık, spor yapma alışkanlığı, ergonomi, okul sağlığı, kadın şiddeti... Bunların her biri sistemde sağlığı koruyamadığımız durumlar. Bir ara trafik kazaları &ccedil;ok fazlaydı ve şu an b&ouml;l&uuml;nm&uuml;ş yollar ile bu kazalarda &ouml;l&uuml;mc&uuml;l vakalar biraz daha azalmış oldu. Mesela merdiven &ccedil;&ouml;k&uuml;yor, levha d&uuml;ş&uuml;yor... Bunlar belediye ve bayındırlık gibi kurumlarla beraber d&uuml;zelecek bir iştir. Bu sadece sağlık&ccedil;ının y&uuml;k&uuml;ml&uuml;l&uuml;ğ&uuml; değildir. Mesela gıda g&uuml;venliği belediye ve bakanlıkta.</p>\r\n\r\n<p><strong>BİZDE &#39;HASTAYI NASIL KURTARIRIM&#39;, ABD&#39;DE &#39;DAVADAN NASIL SIYRILIM&#39; ANLAYIŞI VAR</strong></p>\r\n\r\n<p>T&uuml;rkiye&rsquo;de sağlık&ccedil;ı&nbsp;insan g&uuml;c&uuml; m&uuml;kemmeldir. ABD&rsquo;de ise yanlış uygulamalarla a&ccedil;ılan davalardan sonra &ldquo;defansif tıp&rdquo; diye bir kavram gelişti. Doktor ve&nbsp;hemşire, hastaya yapabileceği minimum y&uuml;k&uuml;ml&uuml;l&uuml;ğ&uuml; yapıp kenara &ccedil;ekiliyor. Hasta dava ettiğinde y&uuml;k&uuml;ml&uuml;l&uuml;k ortadan kalkıyor. Bizde ise ben bu hastayı nasıl kurtarırım anlayışı vardır. Bu duygu motivat&ouml;r sağlık insanının en b&uuml;y&uuml;k avantajıdır. Bunu kaybettik mi &ouml;ld&uuml;k demektir. Bunun yasalarla d&uuml;zenlenmesi gereklidir. T&uuml;rk hekimini tercih ederim.&nbsp;</p>\r\n\r\n<p><strong>&#39;SAĞLIK &Ccedil;ALIŞANINA &Ccedil;OK Y&Uuml;K BİNİYOR&#39;</strong></p>\r\n\r\n<p><strong>* Hastanelerde sağlık&ccedil;ılara y&ouml;nelik şiddet haberlerine sık sık rastlıyoruz. İnsanlar neden doktora, hemşireye şiddet uygulamaya kalkıyor? Yeterli sağlık hizmeti alamadıklarını mı d&uuml;ş&uuml;n&uuml;yorlar?</strong><br />\r\nHizmet alış k&uuml;lt&uuml;r&uuml;n&uuml;n insanca olması gerekiyor. Hasta gidiyor, kanaması var, doktor profesyonelce&nbsp;bakıyor ve daha acil bir vaka varsa&nbsp;hastayı bekletiyor.&nbsp;Hasta veya hasta yakını ise bir bakmışsınız doktoru d&ouml;vm&uuml;ş. Adam kurtarmaya &ccedil;alışan sağlık personeline saldırı... Sağlıkta şiddet T&uuml;rkiye&rsquo;de &ccedil;ok kritik. ABD&rsquo;de hasta doktoru d&ouml;vd&uuml;ğ&uuml;nde kara listeye alıyorlar ve sağlık sisteminden &ccedil;ıkartıyorlar. Avustralya&rsquo;da ise hastaneye girişlerde &lsquo;Beni d&ouml;vebilirsin ancak bu yaptığının yanlış olduğunu sana hatırlatacak 14 yıl i&ccedil;eride seni bekliyor &lsquo;yazısıyla karşılaşıyorlar.&nbsp;Sağlık hizmetleri &ccedil;ok streslidir. İyi insanlar bile o stresle k&ouml;t&uuml; davranabilir ancak ne hizmeti aldıklarını bilmeleri gerekir. Doktor &#39;Bu zamana kadar neredeydin&#39; diyor, hasta doktoru darp ediyor. Doktor hastayla kendisini &ouml;zdeşleştiriyor. Burada &ouml;zdeşleşme y&ouml;netim sorunu ortaya &ccedil;ıkarıyor. Bu sefer seni darp ediyor. T&uuml;rkiye, altyapı, otomasyon gibi sistemler kurmuş olsa da sağlık &ccedil;alışanına &ccedil;ok y&uuml;k biniyor ve b&ouml;yle sorunlar &ccedil;ıkıyor. Bu &uuml;lkede 725 milyon re&ccedil;ete yazıldı. Bir vatandaş yılda dokuz kez hastaneye gidiyor. Bundan 20 yıl &ouml;nce bu rakam yılda iki idi. Giderek artış g&ouml;steriyor. &Ouml;l&uuml;m&uuml;n bol olduğu yerlerde, hekimde de psikolojik problemler olabilir. Hekimin bunun dengesini kurması lazım. Ek olarak hastanın ihtiyacı ile hekimin ihtiyacı diye bir fark var.</p>\r\n\r\n<p><strong>&#39;BİLEN BİLMEYEN HERKES OT TERAPİSTİ OLDU&#39;</strong></p>\r\n\r\n<p><strong>* Televizyonlarda gazetelerde sağlıkla ilgili &ccedil;ok tartışmalı haberler yapılıyor, a&ccedil;ıklamalara yer veriliyor. Sizin bu konudaki yorumunuz nedir?&nbsp;Bu konuda bir denetime ihtiya&ccedil; var mı?&nbsp;</strong><br />\r\nBilen bilmeyen herkes ot terapisti, sağlık&ccedil;ı oldu. Otları tavsiye etmeye başladılar. Mesela, 18.yy&rsquo;dan kalma el yazmasında&nbsp;&#39;Bu iyi geliyor&#39; yazıyor ama 21.yy&rsquo;da &#39;Bu k&ouml;t&uuml; geliyor&#39; diye sonu&ccedil; gelse ne olacak.&nbsp;21 papatya t&uuml;r&uuml; var. Hatta 3-4 tanesi de zehirliymiş. Papatya &ccedil;ayı diyerek mesaj verilmemelidir. M&uuml;him olan halk bunu biliyor mu?&nbsp;Ihlamur, ada&ccedil;ayı, zencefil, zerde&ccedil;al bunlarda rahat olabiliriz ancak genel olarak daha tedbirli olmalıyız. Doz ve s&uuml;re kavramı &ouml;nemlidir. Bunların bilimsel şekilde tasdik edilmesi gerekir. Buradan ila&ccedil; sanayi &ccedil;ok fazla gelir elde etti, sekt&ouml;rleşti. Bunlara kulak asmamak gereklidir. B&uuml;t&uuml;n ila&ccedil;ların zararı vardır ancak yarar-zarar analizinde fayda veren zarardan fazlaysa kullanılır. Denetim olmazsa şarlatanlığa kadar gider.&nbsp;</p>\r\n\r\n<p><strong>&#39;HABER SUNUŞ ŞEKİLLERİ YANLIŞ&#39;</strong></p>\r\n\r\n<p><strong>* Medya sizce sağlık konusunda toplumu doğru bilgilendirme g&ouml;revini yerine getirebiliyor mu?&nbsp;</strong><br />\r\nMedya &uuml;lkemizde g&uuml;zel işler yapıyor. Farkındalık oluşturma konusunda b&uuml;y&uuml;k g&uuml;c&uuml; var. Medya bence tebrik edilmeli. Burada Sağlık Bakanlığı&rsquo;nın zorlamasıyla, &ccedil;ok izlenen saatlerde yayınlanan kamu spotlarıyla iyi bir noktaya gelindi.&nbsp;<br />\r\nSpek&uuml;latif konuyu &ouml;ne &ccedil;ıkarıyor medya. Haber sunuş şeklinde ise &ccedil;ok yanlış davranıyorlar. Bu gazetenin okunurluğunu, kanalın izlenilirliğini artırıyor. Kurban edilen insanlar b&ouml;ylece harcanmış oluyorlar. Sistemsel problemler kişilere mal ediliyor. Bu beni &uuml;z&uuml;yor. İstenmeyen durumlarda, y&uuml;zde 90 ihtimalle, bu sistemsel bir problemdir. İletişimde pozitif negatif ayrımı vardır. Toplumun sağlık bilincini artıran haberler olmalıdır. Bir haber, &quot;İlk defa ortaya &ccedil;ıkan tedavi y&ouml;ntemi&quot; başlığıyla yapılmamalı. Ancak sağlık&ccedil;ılar olarak medyaya bor&ccedil;luyuz da diyebilirim. Sağlık y&ouml;neticilerinin proaktif olmaları gerekmektedir. Medya &ccedil;alışanları ve sağlık&ccedil;ıların yakın olması gerekir. Sorunları &ouml;nceden s&ouml;ylemek, haberi yorumlarken yol g&ouml;sterici olmak ve iyi haberi tebrik etmek gerekir.</p>\r\n","outro":"","hideAds":false,"createdDate":1572082493000,"updatedDate":1572083151000,"hitCount":2299,"active":true,"lastUpdaterIp":"81.215.193.182","hasEmbeddedTitle":true,"showOnHomePage":true,"currentUrl":"26-ekim-dunya-hasta-haklari-gunu-peki-haklariniz-neler-saglik-ekim-2019-1"},{"id":135674,"title":"Gripten korunmanın yolları","contentType":"CORNER_POST","coverImage":"2019/11/28/c9d70c97-e597-4b0e-a9df-6b46beb4edd8.jpg","socialMediaImage":"2019/11/28/df74bae7-c0d3-4bca-80ce-249df21e0cbd.jpg","coverCode":"","publicationDate":1570665240000,"tags":[],"intro":"","spot":"Mevsim geçişlerini fazlasıyla hissetiğimiz şu günlerde gribal hastalıklarında kapımızı çalması an meselesi. Peki özellikle kış mevsiminde bağışıklığın düşmesiyle beraber yaygınlaşan gribal enfeksiyonlardan korunmak mümkün müdür?","body":"<p>Solunum ve dolaşım sistemini mesken edip, bebeklerde, yaşlılarda ve kanser hastalığı gibi &ouml;nemli hastalıkla m&uuml;cadele eden kişiler i&ccedil;in &ouml;l&uuml;mc&uuml;l olabilen gripten &ccedil;eşitli korunma yolları vardır. İşte o y&ouml;ntemler;</p>\r\n\r\n<p>&nbsp;</p>\r\n\r\n<p><strong>C vitamini</strong></p>\r\n\r\n<figure><img alt=\"\" src=\"2019/11/28/5472de71-44da-4b6c-92e5-bc0a0312c401.jpg\" />\r\n<figcaption>&nbsp;</figcaption>\r\n</figure>\r\n\r\n<p>&nbsp;</p>\r\n\r\n<p>Gribin en etkili y&ouml;ntemlerinden birisi bilindiği &uuml;zere C vitamini takviyesidir. C vitaminlerini tablet olarak almaktan ziyade doğalından meyve ve sebzelerden t&uuml;ketmek &ouml;nemlidir. C vitamini i&ccedil;eren meyve ve sebzeler: Siyah frenk &uuml;z&uuml;m&uuml;, Kırmızı biber, Kivi, Yeşil dolmalık biber, Portakal, &Ccedil;ilek, Papaya, Brokoli, Maydanoz, Ananas, Br&uuml;ksel lahanası, Karnabahar, Mango, Limon, Greyfurt, Bezelye, Domates tir.</p>\r\n\r\n<hr />\r\n<p><strong>Bol su i&ccedil;mek</strong></p>\r\n\r\n<figure><img alt=\"\" src=\"2019/11/28/e33cf360-57d3-4cfa-9bfa-21a02141e28f.jpg\" />\r\n<figcaption>&nbsp;</figcaption>\r\n</figure>\r\n\r\n<p>&nbsp;</p>\r\n\r\n<p>V&uuml;cudumuzun d&ouml;rtte &uuml;&ccedil;&uuml;n&uuml; oluşturan su, t&uuml;ketilmesi &ouml;nem taşıyan temel ihtiya&ccedil;larımızdan biridir. Uzmanlar g&uuml;nde 2-2.5 litre su i&ccedil;ilmesinin gerekliliğini s&ouml;yleyerek suyun hastalıklarla savaşmak adına da &ouml;nemli yer tuttuğunu &ouml;nemle vurgulamaktadırlar.&nbsp;</p>\r\n\r\n<hr />\r\n<p><strong>Bitki &ccedil;ayları, mucizevi baharatlar ve bal</strong></p>\r\n\r\n<figure><img alt=\"\" src=\"2019/11/28/f92f4fab-1354-4c0e-a452-7612b16b8362.jpg\" />\r\n<figcaption>&nbsp;</figcaption>\r\n</figure>\r\n\r\n<p>&nbsp;</p>\r\n\r\n<p>Grip denilince yapılan ilk şeylerden biri olan i&ccedil;ersini bir miktar baharat ve bal katılarak i&ccedil;ilen bitki &ccedil;aylarıdır.Peki gribe birebir olan bitki &ccedil;ayları ve baharatlar hangileri?<br />\r\nGribe iyi gelen ve g&uuml;n i&ccedil;erisinde bir ka&ccedil; kez t&uuml;ketebileceğiniz bitki &ccedil;ayları; ıhlamur, ekinezya, zencefil, ada&ccedil;ayı, sarımsak , zerda&ccedil;al, limon &ccedil;ayı, nane &ccedil;ayı ve yeşil &ccedil;aydır. Bu &ccedil;ayların i&ccedil;erisine az miktarda; karabiber, toz veya taze zencefil, zerde&ccedil;al,tar&ccedil;ın, karanfil ve bal katıp i&ccedil;ebilirsiniz.</p>\r\n\r\n<hr />\r\n<p><strong>Gereksiz antibiyotik kullanımından ka&ccedil;ının!&nbsp;</strong></p>\r\n\r\n<figure><img alt=\"\" src=\"2019/11/28/c460d6fc-e078-4b19-a02a-c752c502017a.jpg\" />\r\n<figcaption>&nbsp;</figcaption>\r\n</figure>\r\n\r\n<p>&nbsp;</p>\r\n\r\n<p>En &ccedil;ok yapılan hatalardan biriside grip gibi hastalıkların tedavisinde bilin&ccedil;siz antibiyotik kullanımıdır. Grip, vir&uuml;slerin neden olduğu viral bir hastalıktır. Antibiyotikler ise bakteriyel hastalıkların tedavisinde kullanılan ila&ccedil;lardır. Gereksiz ve bilin&ccedil;siz antibiyotik kullanımı b&uuml;y&uuml;k problemlere neden olmaktadır. O nedenlerden birka&ccedil;ı: antibiyotiklere karşı diren&ccedil; gelişimi, karaciğer ve b&ouml;breklerde harabiyat gelişmesi, mantar enfeksiyonlarının oluşması, mali kayıplar, bağırsaklardaki probiyotiklerin kaybedilmesidir. Doktorunuza danışmadan bilin&ccedil;siz ila&ccedil; kullanmayınız.&nbsp;</p>\r\n\r\n<hr />\r\n<p><strong>Sık sık karıştırılan iki hastalık; Grip ve Soğuk Algınlığı (Nezle)</strong></p>\r\n\r\n<figure><img alt=\"\" src=\"2019/11/28/4429bc4e-6397-4958-b9fe-f7e3147388dd.jpg\" />\r\n<figcaption>&nbsp;</figcaption>\r\n</figure>\r\n\r\n<p>&nbsp;</p>\r\n\r\n<p>Genellikle kış aylarında yakalandığımız grip ve soğuk algınlığı sık sık birbirleriyle karıştırmaktayız. İki hastalığı birbirinden ayırmak, hem &ouml;nlem alabilmemiz adına hemde doğru tedavi uygulama adına b&uuml;y&uuml;k &ouml;nem taşıyor. Herşeyden &ouml;nce bu iki hastalığın vir&uuml;s&uuml; tamamen farklı vir&uuml;slerdir. Biz soğuk algınlığına grip diyoruz; oysa grip &ccedil;ok ağır ge&ccedil;ebilir, &ccedil;ok ciddi &ouml;l&uuml;mc&uuml;l vakalar yaşanabilir ama soğuk algınlığı bu kadar ağır bir tabloda seyretmez. Dolayısıyla semptomlarıda farklılık g&ouml;stermektedir.&nbsp;<br />\r\nGrip belirtileri;&nbsp;</p>\r\n\r\n<ul>\r\n\t<li>hızla başlayan ateş,</li>\r\n\t<li>&ouml;ks&uuml;r&uuml;k,</li>\r\n\t<li>kas ağrıları,</li>\r\n\t<li>baş ağrısı,</li>\r\n\t<li>boğaz ağrısı,&nbsp;</li>\r\n\t<li>burun tıkanıklığı/akıntısı,</li>\r\n\t<li>yorgunluk/Halsizlik ve kırgınlık</li>\r\n</ul>\r\n\r\n<p>Soğuk algınlığı belirtileri;</p>\r\n\r\n<ul>\r\n\t<li>burun tıkanıklığı/akıntısı,</li>\r\n\t<li>boğazda dolgunluk hissi ve ağrı,</li>\r\n\t<li>kuru &ouml;ks&uuml;r&uuml;k,</li>\r\n\t<li>halsizlik</li>\r\n</ul>\r\n\r\n<p>Soğuk algınlığı &ccedil;oğu zaman ayakta ge&ccedil;irilebilirken, grip tedavisinde istirahat &ouml;nemli bir yer tutar. Soğuk algınlığının ileri boyutlara taşınması nispeten hafifken, gripte zat&uuml;rre veya bronşite &ccedil;evrilebilir.&nbsp;</p>\r\n","outro":"","hideAds":false,"createdDate":1570664963000,"updatedDate":1570776004000,"hitCount":4839,"active":true,"lastUpdaterIp":"81.215.193.182","hasEmbeddedTitle":true,"showOnHomePage":true,"currentUrl":"gripten-korunmanin-yollari-saglik-ekim-2019-13"},{"id":44027,"title":"O bir ulusal kahraman, bir devrimci","contentType":"CORNER_POST","coverImage":"","socialMediaImage":"","publicationDate":1490768820000,"tags":[],"spot":"","body":"<p>İspanyol ve İrlanda asıllı varlıklı bir ailenin beş &ccedil;ocugundan biri ve en b&uuml;y&uuml;ğ&uuml; olarak Arjantin&#39;in Rorario şehrinde 14.06.1928 tarihinde d&uuml;nyaya geldi. Arjantin&#39;de tıp eğitimi alırken motosikleti ile t&uuml;m Latin Amerika&#39;yı dolaştı. Gezisinde g&ouml;rd&uuml;ğ&uuml; yoksulluk ve ezilmiş insanlar onu &ccedil;ok etkiledi ve b&uuml;nyesindeki devrimcilik aşkı ilk defa burada filizlendi. B&ouml;lgedeki ekonomik eşitsizliği ortadan kaldırmanın tek yolunun devrim olduğunu anlamıştı artık... Doktor olduktan sonra astım hastalığından &ouml;t&uuml;r&uuml; askere alınmaması onun i&ccedil;in bir gurur vesilesi oldu. Zira baştaki Peron&#39;u hi&ccedil; ama hi&ccedil; sevmiyordu. İlk hareketi Guatemala&#39;da toprak reformuna başlıyan başkan Jacobo Arbenz Guaman&#39;n sosyal eylemine katılmak oldu. Ancak Guaman toprak reformunu bitirmeden CIA destekli bir darbe ile devrilince Amerikan emperyalizmine karşı savaşmak i&ccedil;in yemin etti... Meksika&#39;da 1954 yılının Haziran ayında şimdiki başkan Raul Castro ile tanıştı. İki hafta sonra da Raul Castro onu hapisten serbest bırakıldıktan sonra Meksika&#39;ya gelen ağabeyi Fidel Castro ile tanıştırdı. B&ouml;ylece o K&uuml;ba diktat&ouml;r&uuml; Batista&#39;yı devirmek i&ccedil;in kurulan &#39;&#39; 26 Temmuz harekatı&#39;&#39; gurubuna katılmış oldu. 25 Kasım 1965 de ihtilali başlatmak i&ccedil;in Meksika&#39;dan K&uuml;ba&#39;ya doğru yola &ccedil;ıkan Granma Gemisi&#39;ndeki 82 kişi arasında K&uuml;ba&#39;lı olmıyan tek kişiydi. Ancak gemi K&uuml;ba&#39;ya varınca Batista kuvvetleri onları gafil avlayıp adeta tarumar etti. Ancak 12 kişi sağ kalarak Sierra Maestra dağlarına giderek burada Batista&#39;ya karşı Gerilla Savaşı&#39;nı başlattılar. O gurubun doktoru idi ama askeri eğitime başladı. Askeri yeteneği ortaya &ccedil;ıkınca ona lider yani &#39;Comandante&#39; dediler.</p>\r\n\r\n<p>1958 yılının aralık ayının son g&uuml;nlerinde Santa Clara&#39;ya yapılan intihar saldırısının başında o vardı. Santa Clara d&uuml;ş&uuml;nce diktat&ouml;r Batista 1 Ocak 1959&#39;da yani bu şehrin alınışından tam 12 saat sonra u&ccedil;ağına atlayıp Dominik Cumhuriyeti&#39;ne ka&ccedil;tı. Artık devrim ger&ccedil;ekleşmişti. Comandante 2 Ocak 1959 da 3 yıldır savaştığı devrimin başkenti Havana&#39;yı ilk defa o g&uuml;n g&ouml;rd&uuml;. Merkez Bankası Başkanlığı ve Sanayi Bakanı oldu ama koltuk ona g&ouml;re değildi. O devrim i&ccedil;in yaratılmıştı. Onu Arjantin&#39;li veya K&uuml;ba&#39;lı olmak pek fazla ilgilendirmiyordu. İşte onun i&ccedil;indir ki gazetecilerin &#39;&#39;vatan hasreti veya anavatanınız..&#39;&#39; diye başlıyan sorularına &#39;&#39;Beyler benim sizlerin tahayy&uuml;l edebileceğinizden &ccedil;ok daha b&uuml;y&uuml;k bir vatanım var. B&uuml;t&uuml;n Latin Amerika diye cevap veriyordu...&#39;&#39; Ama b&uuml;t&uuml;n D&uuml;nya deseydi de yanlış olmazdı... T&uuml;m &uuml;nvanlarını, rahatını bırakıp yine devrim i&ccedil;in 1965 yılı baharında Kongo&#39;ya gitti. Ancak Kongo&#39;da devrimciler eylemlerine son verince oradan ayrıldı. Avrupa&#39;da bir m&uuml;ddet dolaştıktan sonra tekrar Havana&#39;ya geldi. Burada ge&ccedil;irdiği 3 aydan sonra 3 Kasım 1966&#39;da Bolivya&#39;ya geldi. Burada 11 aylık bir Gerilla Savaşı&#39;ndan sonra yine Amerika CIA destekli bir operasyonda Bolivya ordusu tarafından 9 Ekim 1967 de infaz edilerek &ouml;ld&uuml;r&uuml;ld&uuml;. 39 yıllık yaşamına yalnız Comandante değil ayrıca doktor, yazar,ideolog, diplomat ve devrimci &uuml;nvanlarını sığdıran bu efsane kişi bizim sayın meclis başkanımız İsmail Kahraman&#39;ın haydut ve cani dediği ERNESTO (CHE) GUEVARA idi. Bug&uuml;n sadece K&uuml;ba&#39;da değil t&uuml;m latin Amerika ve hatta d&uuml;nyanın hemen hemen her yerinde milyonlarca hediyelik eşya, şapka ve tiş&ouml;rtlerde resmi olan Che&rsquo;nin d&uuml;nyaca meşhur portresi moda fotoğraf&ccedil;ısı Andrea Korda tarafından &ccedil;ekilmiş olup hala yerk&uuml;remizin en &uuml;nl&uuml; fotoğrafı olarak adlandırılmaktadır. Yoksulların hamisi, ezilenlerin kurtarıcı kahramanı b&ouml;yle bir insan nasıl haydut ve cani olarak nitelendirilebilir. Varlıklı bir ailenin &ccedil;ocuğu olduğu ve bakan &uuml;nvanı ile &ccedil;ok rahat bir hayat ge&ccedil;irebileceği halde b&uuml;t&uuml;n bu nimetleri elinin tersiyle iterek zor şartlarda dağda taşta devrim i&ccedil;in kendini feda eden bu kişiye nasıl cani denebilir? Sayın meclis başkanımız &ccedil;ok fena yanıldı veya yanıltıldı... Galiba sayın Kahraman, CIA&#39;nın &ccedil;ok usta bir şekilde Google&#39;a yerleştirdiği karalama kampanyasının kurbanı oldu. Halbuki aynı Google&#39;da CHE i&ccedil;in milyonlarca &ouml;vg&uuml; yazılarına ileri demokrasinin beşiği olan Amerika&#39;dan bile milyonlar katılmıştı. K&uuml;ba&#39;ya gelen bir&ccedil;ok turistin yaptığı gibi ben de Havana&#39;ya otob&uuml;sle 6 saat uzaklıkta olan Santa Clara&#39;daki CHE mozalesini ve m&uuml;zesini g&ouml;rmeye gittim. 17 Ekim 1997&#39;de Bolivya&#39;da onunla birlikte &ccedil;arpışarak &ouml;len 16 devrimci arkadaşı ve yine K&uuml;ba Devrim Savaşı&#39;nda &ouml;len diğer 11 yoldaşı ile birlikte 28 lahitin bulunduğu mozale ger&ccedil;ekten &ccedil;ok anlamlı bir yapıt. M&uuml;zede Guevara&#39;ya ait eşyalar sergilenmiş. Burada resim &ccedil;ekmek yasak. Che adı nereden geliyor derseniz anlamı &#39;hey bak&#39; &#39;ahbap&#39; &#39;birader&#39; anlamında. Guavera da Che olarak &ccedil;ağrılmasını &ccedil;ok severmiş. Che&#39;nin Atat&uuml;rk&#39;ten esinlendiği ve onun devrimciliğine hayranlık beslediği her zaman dile getirilmiştir. Bunun en kuvvetli delilini de bizlere yol arkadaşı Fidel Castro g&ouml;sterdi!... T&uuml;rkiye&#39;ye ilk defa gelen Castro&#39;ya Atat&uuml;rk&#39;&uuml; nasıl bildiği sorulduğunda Fidel, &#39;Atat&uuml;rk&#39;&uuml; nasıl bilmem. T&uuml;m serlerini okudum. Devrimlerinden &ouml;rnek aldım ama asla onun gibi olamadım. Malesef yetersiz kaldım...&#39;&#39; demiştir. Dolayısıyla yedikleri i&ccedil;tikleri ayrı olmayan iki kişiden birisi Atamızı bu kadar iyi tanıyorsa Che buna bigane kalmış olamaz!</p>\r\n\r\n<p>Ernesto Che Guevara&#39;yı, bu efsane insanı anlatmaya kelimeler yetmez. Yerk&uuml;remizde başka bir &uuml;lkede doğmuş bir insanın o &uuml;lkenin ulusal kahramanı olduğu nerede g&ouml;r&uuml;lm&uuml;ş? B&ouml;yle bir &uuml;lke var mı d&uuml;nyamızda? Bug&uuml;n her K&uuml;ba&#39;lının evinde mutlaka Che&#39;nin resmi ve hatıra eşyası bulunur. Adına şarkılar bestelenip s&ouml;ylenir. &Uuml;lkeye gelen turistler Che&#39;ye ait bir hatıra almadan geri d&ouml;nmezler. Biz burada sadece ger&ccedil;ekleri dile getirdik. Sizlere bir ulusal kahramanı azıcık olsa da tanıtmaya &ccedil;alıştık. Ernesto Che Guevara&#39;nın nasıl bir kişi olduğuna karar vermek artık sizlere kalmış . Umarım sayın TBMM Başkanı Sayın İsmail Kahraman gibi sizler de yanılgıya d&uuml;şmezsiniz (!..) Hem ben sayın Kahraman&#39;ın da aldığı tepkiler sonunda yeni bir değerlendirme ile eski yanlışından vazge&ccedil;tiğini zannediyorum.</p>\r\n\r\n<p>Bu yazıyı kaleme almamın bir diğer nedeni de değerli dostum Atat&uuml;rk hayranı K&uuml;ba&#39;nın Ankara b&uuml;y&uuml;kel&ccedil;isi sayın Alberto Gonzales Casais&#39;in sayın meclis başkanımızın s&ouml;yleminden duyduğu derin &uuml;z&uuml;nt&uuml;y&uuml; birazcık olsun hafifletmek... &Uuml;lkemizde, b&uuml;y&uuml;k devrimci Ernesto Che Guevara&#39;ya, tıpkı sayın b&uuml;y&uuml;kel&ccedil;inin ulu &ouml;nderimize duyduğu saygı ve sevginin aynı benzerini duyan milyonların olduğunu kanıtlamak!..</p>\r\n\r\n<p>Havana&#39;dan sevgilerle</p>\r\n","hideAds":false,"createdDate":1490772490000,"updatedDate":1491465771000,"hitCount":5382,"active":true,"lastUpdaterIp":"78.182.94.25","hasEmbeddedTitle":false,"showOnHomePage":false,"currentUrl":"o-bir-ulusal-kahraman-bir-devrimci"},{"id":42669,"title":"Türkiye’den Havana’ya naklen yayın","contentType":"CORNER_POST","coverImage":"","socialMediaImage":"","publicationDate":1489968900000,"tags":[],"spot":"","body":"<p>Başlık biraz şaşırtıcı oldu ama anlatacaklarım hikaye değil ger&ccedil;eğin ta kendisi!. On yılı aşkın bir s&uuml;redir her yıl K&uuml;ba&rsquo;ya gelirim..Bu g&uuml;zel &uuml;lkede hasretini duyduğum şeylerin başında da burada kaldığım zaman boyunca lig ma&ccedil;larını izlemekten mahrum olmam gelir... Amerikan ambargosunun halen devam ettiği K&uuml;ba&rsquo;da internet kablosu Havana&rsquo;ya 6 km uzakta olduğu halde verilmediğinden internet hızı &ccedil;ok ama &ccedil;ok yavaş..</p>\r\n\r\n<p>K&uuml;ba&rsquo;nın Telekom&rsquo;u olan internet sağlayıcısı ETESCA&rsquo;nın yayın noktaları etrafını dolduran gen&ccedil;ler iki yıl &ouml;ncesine kadar aldıkları karta takribi saati 5 Euro vererek bu yavaş internette ancak mail alıp g&ouml;nderebiliyor ve mesajlaşıyorlardı. Şimdi &uuml;cret saati 1.5 Euro&rsquo;ya d&uuml;şt&uuml;. Ancak turistlerin kaldığı 5 yıldızlı otellerde dahi paralı internet hızı &ccedil;ok yavaş.. Bu yıl bu sorunu k&ouml;k&uuml;nden &ccedil;&ouml;zmek isteği ile teknolojiyi kullanarak ma&ccedil;ları izlemek i&ccedil;in İstanbul&rsquo;dan modem ve bazı aletler getirdim..Uzun bir uğraş sonunda evde kurduğum internetten yayıncı kuruluşun naklen verdiği super lig ma&ccedil;larını izlemeyi başardım.</p>\r\n\r\n<p><strong>&Ccedil;ARE BİTMEZ</strong></p>\r\n\r\n<p>T&uuml;rkiye&rsquo;de kuruluşun abonesi olduğum i&ccedil;in verilen şifre ile t&uuml;m S&uuml;per Lig ma&ccedil;larını bazen biraz kesintili olsa dahi izliyebiliyorum.. Ancak TRT 1 kanalı bilgisayarımda bir t&uuml;rl&uuml; &ccedil;ıkmıyor.. İnternet hızı yetmiyor veya yayın okadar kuvvetli değil galiba.. Bazı yabancı kanalları araştırıp Beşiktaş Olympiakos ma&ccedil;ını izlemek istedim ama o da olmadı..</p>\r\n\r\n<p>Ancak &ccedil;are bitmemişti ve ben bir Kartal sevdalısı olarak bu ma&ccedil;ı mutlaka ama mutlaka izlemek istiyordum!.. İnternet ortamında İMO adlı programla K&uuml;ba&rsquo;dan bedava Videolu g&ouml;r&uuml;şme imkanı olduğu i&ccedil;in halazadem Anıl Başar&rsquo;ı arıyarak telefonunu Televizyona yaklaştırmasını istedim... Evet b&ouml;ylece İstanbul&rsquo;dan Havana&rsquo;ya naklen Kartal&rsquo;ın muhteşem zaferini b&uuml;y&uuml;k bir keyifle izledim!.</p>\r\n\r\n<p>Whatsapp, Tango veya Viber programları ile diğer &uuml;lkelerle bedava konuşanlar boşuna K&uuml;ba&rsquo;da bunları kullanmaya heveslenmesinler. Telefonla videolu konuşma ancak İMO ile oluyor burada!.. B&ouml;ylece teknolojinin nimetlerinden faydalanarak T&uuml;rkiye&rsquo;den K&uuml;ba&rsquo;ya ilk ma&ccedil; nakli ger&ccedil;ekleşmiş oldu!.. Havana&rsquo;ya turistik seyahat yapacak futbolsever okurlarımıza rehber olması dileğiyle...</p>\r\n","hideAds":false,"createdDate":1489968595000,"updatedDate":1489968900000,"hitCount":1504,"active":true,"lastUpdaterIp":"95.7.175.10","hasEmbeddedTitle":false,"showOnHomePage":false,"currentUrl":"turkiye-den-havana-ya-naklen-yayin"},{"id":36920,"title":"Efendiliğinizi kanıtlayın","contentType":"CORNER_POST","coverImage":"","socialMediaImage":"","publicationDate":1486166280000,"tags":[],"spot":"","body":"<p>Benzeri bir yazıda belirtmiştim ama Fenerbah&ccedil;e ile yapılacak kupa ma&ccedil;ı &ouml;ncesinde tekraren hatırlatmakta fayda var!.. Profesyonelliğin doğasında bir takımdan diğerine transfer olmak son derece olağan sayılmalıdır. Fakat her nedense bu, b&uuml;y&uuml;k takımlarımız arasında olur ise &uuml;lkemizde hi&ccedil; istenmeyen b&uuml;y&uuml;k olaylar oluyor... Yabancı &uuml;lkelerdeki g&ouml;r&uuml;nt&uuml;lere baktığımızda ise bunun tam tersi ile karşılaşıyoruz.. Tıpkı Robin van Persie&rsquo;nin Fenerbah&ccedil;e ile olan karşılaşmalarda, Manchester United ve yetiştiği takım olan Feyenoord taraftarlarından kendilerine gol attığı halde ayakta alkış aldığı gibi!.. G&ouml;khan G&ouml;n&uuml;l&rsquo;&uuml;n Fenerbah&ccedil;e&rsquo;ye yıllarca verdiği emeğinin, Sara&ccedil;oğlu&rsquo;ndaki Beşiktaş ma&ccedil;ında eski kul&uuml;b&uuml;n&uuml;n izleyicileri tarafından nasıl değerlendirildiği ise bir başka zıt ve k&ouml;t&uuml; &ouml;rnek!.. G&ouml;khan G&ouml;n&uuml;l şu anda Beşiktaş&rsquo;ın futbolcusu ve profesyonelliği icabı temsil ettiği formanın hakkını vermek i&ccedil;in &ccedil;ırpınıyor ama belki de g&ouml;nl&uuml;nde hala Kanarya sevgisi var!..&nbsp; Sergen Yal&ccedil;ın başka bir&ccedil;ok takımda oynadı ama kimse onun Beşiktaş sevgisinden ş&uuml;phe edebilir mi? Neden Sergen adı hala Beşiktaş ile anılıyor hi&ccedil; d&uuml;ş&uuml;nd&uuml;n&uuml;z m&uuml;?.. Olcay Şahan gibi Kartal&rsquo;a b&uuml;y&uuml;k hizmet veren efendiliği ve sağlam karakteri tartışılmaz bir futbolcu şimdi, Trabzonspor&rsquo;a hizmet edecek... Kalbinde hala Kartal sevgisini yaşattığından hi&ccedil; ş&uuml;phem yok ama Fırtına i&ccedil;in elinden geleni yapacağına da inancım tam. Vodafone Arena&rsquo;ya geldiğinde alkış yağmurunu da fazlasıyle hak ediyor... Sizlerden, efsane &Ccedil;arşı Grubu ve sevgili kardeşim Alen Markaryan&rsquo;dan istirhamım ise İsmail K&ouml;ybaşı, Fenerbah&ccedil;e forması ile Vodafone Arena&rsquo;ya geldiğinde ona asla Sara&ccedil;oğlu&rsquo;nda G&ouml;khan G&ouml;n&uuml;l&rsquo;&uuml;n yaşadıklarının bir benzerini g&ouml;stermemeniz!.. Ge&ccedil;mişte Kartal&rsquo;a b&uuml;y&uuml;k hizmetler veren İsmail&rsquo;i bağrınıza basarak EFENDİ Beşiktaş&rsquo;lılığınızı kanıtlamanız!..</p>\r\n\r\n<p>Rakiplerinize ders vererek &ouml;rnek olmanız!..</p>\r\n\r\n<p>Sizlere, spor ve futbolun erdemine yakışan budur!..</p>\r\n\r\n<p>Haydi Kartalseverler, haydi &Ccedil;arşı Grubu..</p>\r\n\r\n<p>Bir kere daha EFSANE olduğunuzu t&uuml;m D&uuml;nyaya g&ouml;sterin l&uuml;tfen!..</p>\r\n","hideAds":false,"createdDate":1486162731000,"hitCount":2363,"active":true,"lastUpdaterIp":"46.196.51.86","hasEmbeddedTitle":false,"showOnHomePage":false,"currentUrl":"efendiliginizi-kanitlayin"},{"id":27745,"title":"1998 Valerenga travmasından bugüne","contentType":"CORNER_POST","coverImage":"","socialMediaImage":"","publicationDate":1480238100000,"tags":[],"spot":"","body":"<p>Benfica ma&ccedil;ının sonu beni &ccedil;ok gerilere 1998 de oynanan Beşiktaş-Valerenga ma&ccedil;ına g&ouml;t&uuml;rd&uuml;!.. Bilen bilir, ma&ccedil;lar ge&ccedil; saatlerde bittiği i&ccedil;in gazeteler baskıya yetişsin diye spor m&uuml;d&uuml;rleri ma&ccedil; bitmeden yazı isterler. İlk yarı Beşiktaş 3 gol atınca ben hari&ccedil; t&uuml;m arkadaşlarım ma&ccedil;ı yazmaya başlayınca onlara d&ouml;n&uuml;p &#39;Daha ma&ccedil; bitmedi, &ouml;n&uuml;m&uuml;zde uzun bir 45 dakika var. Ben kuzey &uuml;lkelerinde yaşadım ve Valerenga&rsquo;yı da &ccedil;ok iyi tanıyorum... 90 dakika sonunda o yazıları yutup yırtabilirsiniz&hellip;&#39; dediğimde hepsi benimle alay ettiler!.. Ancak bildiğiniz gibi Valerenga 2. yarıda 3 gol atıp Beşiktaş&#39;ı eleyince gazetelere g&ouml;nderdikleri yazıları iptal ederek ma&ccedil;ı yeniden yazma zorunda kaldılar!..<br />\r\nİşte o travmadan sonra bug&uuml;n&uuml;n mucizesini yarattı Beşiktaş. Benzeri durumu bu kez Portekizli gazeteciler ve de Kenan Başaran gibi &ouml;nce yazdığı ma&ccedil; yazısını yırtıp attığını cesur bir şekilde&nbsp; itiraf eden bazı arkadaşlarımız yaşadı!..<br />\r\nAslında bu mucizenin ger&ccedil;ek sahibi muhteşem Beşiktaş seyircisiydi. G&uuml;n&uuml;m&uuml;ze dek, 3 gol yiyerek devre arasında soyunma odasına boynu b&uuml;k&uuml;k giden hangi takım geri &ccedil;ağrılıp tezah&uuml;ratla motive edildi?..<br />\r\nB&ouml;yle bir olayı<br />\r\nhi&ccedil; yaşadınız mı?..<br />\r\nG&ouml;k g&uuml;r&uuml;lt&uuml;s&uuml;n&uuml; andıran desibel ses rekoru ile Guinness rekorları kitabına giren ve şimdi de d&uuml;nyada eşi benzeri olmayan sessiz tezah&uuml;rat ile ırk&ccedil;ılık ve işitme engellilerin sorunlarını dile getirerek her kesimin hayranlığını kazanan b&ouml;yle bir seyirci kitlesi nerede var?!..<br />\r\nKim ne derse desin ben, Kartal&rsquo;ın ilk yarıdaki uykusunu muhtemel bir &ccedil;eşit zehirlenmeye bağlıyorum. &Ouml;yle olmasa Şenol hoca&nbsp; oyuncularının mide bulantısı ge&ccedil;irdiğini neden s&ouml;ylesin?!.. Bu takımın b&ouml;ylesine ruhsuz ve k&ouml;t&uuml; bir ilk yarı oynadığını ne zaman g&ouml;rd&uuml;n&uuml;z?!..<br />\r\nUyku hali ge&ccedil;ip, seyirci motivasyonu da sahne alınca ortaya &ccedil;ıkan dirilişin bir başka a&ccedil;ıklaması olabilir mi?..<br />\r\nTaraftarları ile b&ouml;ylesine b&uuml;t&uuml;nleşen bir takımın kolay kolay boynu b&uuml;k&uuml;lmez.<br />\r\nVodafone Arena&rsquo;da Kartal kimseye ge&ccedil;it vermez!...</p>\r\n","hideAds":false,"createdDate":1480148132000,"hitCount":6195,"active":true,"lastUpdaterIp":"81.214.45.197","hasEmbeddedTitle":false,"showOnHomePage":false,"currentUrl":"1998-valerenga-travmasindan-bugune"},{"id":25695,"title":"Beşiktaşlı duruşu","contentType":"CORNER_POST","coverImage":"","socialMediaImage":"","publicationDate":1478941500000,"tags":[],"spot":"","body":"<div>Beşiktaşlı duruşu diye bir deyim dolaşır spor d&uuml;nyamızda.. Herkes bu deyime aşinadır ama tam a&ccedil;ıklamasını kimse yapmaz bir t&uuml;rl&uuml;!.. Aslında bu, yaşandığından a&ccedil;ıklanması olamaz, olamaz... Yaşatanlar yaşayanlara g&ouml;sterir bu olguyu!.. &Ccedil;arşı gibi, haksızlıklarla, adaletsizliklerle savaşanları g&ouml;rduğ&uuml;n&uuml;zde anlar ve idrak edersiniz bu s&ouml;ylemi!.. Her Cumartesi akşamı yaptıkları spor programının ge&ccedil;tiğimiz son haftasında bu iki Beşiktaşlı işte tam da bunu kanıtladılar!.. Sinan Engin ve Ertem Şener rakip Trabzonspor&rsquo;a ma&ccedil;ın hakemi Mete Kalkavan&rsquo;ın yaptığı b&uuml;y&uuml;k haksızlığı &ccedil;ok a&ccedil;ık ve net bir şekilde dile getirdiler!.. G&ouml;n&uuml;lleri Kartal sevgisi ile dolu olan bu iki arkadaşımız tam bir objektif bakışla Trabzon&rsquo;un &ccedil;ok net bir penaltısının verilmediğini ve Yusuf&rsquo;a yaptığı harekette kırmızı kart g&ouml;rmesi gerekirken sadece sarı ile ge&ccedil;iştirilen Q7&#39;nin neden atılmadığını defalarca sorguladılar!.. Bizim de altına i&ccedil;tenlikle imza atacağımız Beşiktaş&rsquo;lı duruşu işte budur!. Okurlarımız bu satırların yazarının da Beşikaş kongre ve divan kurulu &uuml;yesi olduğunu bilir!. Ancak Trabzospor&rsquo;un &ccedil;ok sayın başkanı Muharrem Usta&rsquo;nın da belirttiği gibi Beşiktaş&rsquo;ın galibiyet i&ccedil;in hakemlere ihtiyacı yoktur.. Bu takım, 9 kişi ile rakip sahada ezeli rakibini yenmiş bir ekiptir!.. Beşiktaşlılık duruşu Beşiktaş&rsquo;ın leyhine yapılan veya yapılacak haksız ve adaletsiz kararları asla kabul etmez!.. Adaletten yoksun kararları kabullenmek ger&ccedil;ek Beşiktaşlı&rsquo;ya yakışmaz, yakışamaz!.. Trabzonspor ma&ccedil;ı berabere bitse Kartal ne kaybederdi ki?.. Uzun lig maratonunda bu takım muhtemel bir beraberlik veya yenilgiyi telafi edemez miydi?!.. Biz aynen Sinan Engin ve Ertem Şener kardeşlerimiz gibi t&uuml;m hakemlerin her takıma eşit ve adaletli davranmasından yanayız!.. Trabzonspor, sayın başkanın belirttiği gibi bu g&uuml;ne kadar hakemlerden &ccedil;ok &ccedil;ekti.. Beşiktaş da bu acıları yaşıyan ikinci takım.. &nbsp;Sakın yanlış anlaşılmasın biz, &ccedil;ok acılar yaşandı diye şimdi hakemlerimizin bu iki g&uuml;zide takım leyhinde haksız kararlara imza atmalarına da karşıyız!.. Beşiktaşlı duruşunun ruhunda sadece adil olmak vardır!.. Tek dileğimiz bu ruhtan biraz da hakemlerimizin nasiplenmesi!..<br />\r\n&nbsp;</div>\r\n\r\n<div>hurolbilal@gmail.com&nbsp;</div>\r\n","hideAds":false,"createdDate":1478851609000,"hitCount":2943,"active":true,"lastUpdaterIp":"213.248.152.101","hasEmbeddedTitle":false,"showOnHomePage":false,"currentUrl":"besiktasli-durusu"},{"id":24542,"title":"Napoli ve Beşiktaş istediklerini aldılar ","contentType":"CORNER_POST","coverImage":"","socialMediaImage":"","publicationDate":1478038740000,"tags":[],"spot":"","body":"<p>Ma&ccedil;a giderken &ccedil;ok endişeliydim. Evet Kartal Napoli&#39;yi evinde yenmişti ama oyunu k&ouml;t&uuml; fakat sonu&ccedil; muhteşemdi. Beşiktaş 4 defa gittiği Napoli kalesinde 3 gol bulurken Napoli sayısız fırsatları b&uuml;y&uuml;k bir beceriksizlikle harcamıştı. O ma&ccedil; sonunda spor basınımızın Beşiktaş&#39;ı yere g&ouml;ğe sığdıramaması bana g&ouml;re &ccedil;ok yanlıştı. Ancak Şenol hoca bunu biliyordu ve oyuna &ccedil;ok kontr&ouml;ll&uuml; başlattı oyuncularını. Beraberliğe Şenol hoca gibi biz de razıydık ama arada bir parlayan Kartal ilk yarıda Aboubakar ile iki goll&uuml;k fırsatı heba etti. Ancak Atiba&#39;niın 29. Dakikada kaleci ile karşı karşıya kaldığı anda gol yapamadı, ger&ccedil;ekten &ccedil;ok şaşırtıcıydı. &Ouml;te yandan Beşiktaş hastahanesi sanki boşmuş gibi Tosic de ilk yarıda aceleden oyunu terketti.</p>\r\n\r\n<p>60. Dakikada sakat olduğu s&ouml;ylenen Dries Merten&#39;si oyuna alan Napoli&#39;nin galibiyeti arzu ettiği a&ccedil;ık&ccedil;a belirlendi. 77 dakikada sahanın yıldızı Q7 penaltıyı gole &ccedil;evirince Vodafone Arena inledi. Beşiktaş gol&uuml; attıktan 5 dakika sonra kaptan Hamsik&#39;in 18 dışından attığı sert şutla beraberliği sağladı.</p>\r\n","hideAds":false,"createdDate":1478078443000,"hitCount":1993,"active":true,"lastUpdaterIp":"213.248.152.101","hasEmbeddedTitle":false,"showOnHomePage":false,"currentUrl":"napoli-ve-besiktas-istediklerini-aldilar"},{"id":24401,"title":"Kader için oynayın","contentType":"CORNER_POST","coverImage":"","socialMediaImage":"","publicationDate":1477965600000,"tags":[],"spot":"","body":"<p>O bir Beşiktaş fanatiği... Galatasaraylı babası 3 yaşında iken onu bir spor mağazasına g&ouml;t&uuml;rm&uuml;ş!.. &lsquo;Oğlum bak bu Galatasaray, bu Fenerbah&ccedil;e, bu Beşiktaş ve bu da Trabzonspor forması... Futbolu &ccedil;ok seviyorsun. Bu formalardan birisini se&ccedil;&rsquo; demiş... O da hemen Beşiktaş formasını se&ccedil;miş ve o g&uuml;nden beri Kartalın hastası olmuş!..</p>\r\n\r\n<p>Şimdi 25 yaşında... Ancak 2010 yılında arabanın arka koltuğunda otururken ge&ccedil;irdiği trafik kazasında boynu kırılınca omirilik i&ccedil;indeki sinirler tahrip olduğundan el ve ayaklarını oynatamayacak durumda, tekerlekli sandalyeye mahkum olmuş!..</p>\r\n\r\n<p>Manavgat&rsquo;ta annesi ile birlikte yaşayan Kader Can.</p>\r\n\r\n<p>Kılcı ile tanışmamız bir gazete haberi sayesinde oldu... Vicdansız bir hırsızın engelli bir &ccedil;ocuğun evinden &ccedil;aldığı 20 bin lira haberini okuyunca, biraz araştırma ile kendisini buldum...</p>\r\n\r\n<p>Beşiktaşlı olduğunu s&ouml;yleyince telefon sohbetimiz derinleşti ve bu engelli kardeşimizin Kartal&rsquo;ın yeni bir zaferine şahit olmak i&ccedil;in 1 kasımda Vodafon Arena&rsquo;ya Napoli ma&ccedil;ını seyretmeye geleceğini &ouml;ğrendim!..</p>\r\n\r\n<p>Engelli olduğu halde engelleri aşarak kendisine yardımcı olacak arkadaşı ile birlikte Manavgat&rsquo;dan İstanbul&rsquo;a gelecek olan Kader Can Kılcı&rsquo;nın mutlaka ama mutlaka sevin&ccedil; ve neşe ile evine mutlu olarak d&ouml;nmesi lazım... Galibiyet onun i&ccedil;in şifa dolu bir ila&ccedil; olur!...</p>\r\n\r\n<p>İşte onun i&ccedil;indir ki burada Beşiktaş&rsquo;lı futbolcu kardeşlerime bu s&uuml;tundan sesleniyorum!..</p>\r\n\r\n<p>Bug&uuml;n oynayacağınız bu zorlu ma&ccedil;ı kazanarak t&uuml;m Kartalseverlerle birlikte Kader&rsquo;i de mutlu edin... Hayal kırıklığına uğratmayın!.. &Ouml;zellikle ona bu sevinci yaşatın ve saha kenarındaki engelli trib&uuml;nde sizi seyrederken kalbi heyecanla &ccedil;arpacak bu engelli kardeşinize koşarak zaferinizi ona adayın!..</p>\r\n\r\n<p>EFENDİ Kartal&rsquo;a bu hareket &ccedil;ok ama &ccedil;ok yakışır!..</p>\r\n","hideAds":false,"createdDate":1477901386000,"updatedDate":1477958253000,"hitCount":1611,"active":true,"lastUpdaterIp":"213.248.152.101","hasEmbeddedTitle":false,"showOnHomePage":false,"currentUrl":"kader-icin-oynayin"},{"id":24288,"title":"Engelleri aşan Beşiktaşlı","contentType":"CORNER_POST","coverImage":"","socialMediaImage":"","publicationDate":1477869240000,"tags":[],"spot":"","body":"<p>Bir s&uuml;re &ouml;nce hemen hemen t&uuml;m gazetelerde yer alan ortak bir haber dikkatimi &ccedil;ekti. Haberde, engelli bir gencin resminin altında &lsquo;Vicdansız hırsız, engelli &ccedil;ocuğun tedavisi i&ccedil;in biriktirdiği 20 bin lirasını &ccedil;aldı&rsquo; deniliyordu.<br />\r\nBiraz araştırma yaptıktan sonra engelli kardeşimizin telefonuna ulaşarak kendisine nasıl yardım edebileceğimi sordum. Bana aynen &lsquo;Ağabey sağol bir&ccedil;ok kişi aradı ama benim para yardımına ihtiyacım yok&rsquo; dedikten sonra ısrarla adımı sordu. &Ouml;nce yardım teklifi ederken ismimi vermek istememiştim ama onun bu onurlu davranışı &uuml;zerine adımı s&ouml;yledim. Bir sure sonra beni arayarak Google&rsquo;deki araştırmasından bahisle kendisinin de koyu bir Beşiktaşlı olduğunu s&ouml;yledi sevgili Kader Can Kılcı...</p>\r\n\r\n<p><img alt=\"\" src=\"/_usr/files/img/kader%281%29.jpg\" style=\"height:388px; width:692px\" /></p>\r\n\r\n<p>Kamp i&ccedil;in Manavgat ve Antalya&rsquo;ya gelen Beşiktaş takımını ziyaret ederek takımla ve Başkan Fikret Orman&rsquo;la fotoğraflar &ccedil;ektirmiş... Trafik kazasında boynu kırılıp omurilik sinirleri de zedelenince el ve ayakları tutmaz bir şekilde tekerlekli sandalyeye mahk&ucirc;m olmuş...<br />\r\n3 yaşından itibaren Kartal sevgisi ile dolu olan y&uuml;reği o derece y&uuml;kl&uuml; ki şimdi de yeni bir Napoli zaferini yaşamak i&ccedil;in 1 Kasım&rsquo;da İstanbul&rsquo;a ma&ccedil;ı seyretmeye geleceğini s&ouml;yleyince doğrusu şaşkınlıktan k&uuml;&ccedil;&uuml;k dilimi yutmama ramak kaldı!..<br />\r\nD&uuml;ş&uuml;n&uuml;n bir kez... Bizler İstanbul&rsquo;da Kadık&ouml;y&rsquo;den Avrupa yakasına g&uuml;&ccedil;l&uuml;kle ge&ccedil;erken, Kader engelli haliyle Manavgat&rsquo;tan İstanbul&rsquo;a (tabii ki arkadaşının yardımı ile) ma&ccedil; seyretmeye geliyor... Futbol ve Beşiktaş sevgisi ne denli b&uuml;y&uuml;k, ne denli y&uuml;ce!...<br />\r\nİşte onun i&ccedil;indir ki ma&ccedil; g&uuml;n&uuml; spor sayfasında &ccedil;ıkacak yazımın başlığını da futbolcularımıza hitaben KADER İ&Ccedil;İN OYNAYIN diye adlandırdım!..<br />\r\nSizlerin de bana katılacağınızı duyar gibiyim!..</p>\r\n","hideAds":false,"createdDate":1477865326000,"updatedDate":1477874108000,"hitCount":1803,"active":true,"lastUpdaterIp":"176.218.51.111","hasEmbeddedTitle":false,"showOnHomePage":false,"currentUrl":"engelleri-asan-besiktasli"},{"id":4254,"title":"Milli Takım hepimizindir","contentType":"CORNER_POST","coverImage":"","socialMediaImage":"","publicationDate":1475717340000,"tags":[],"spot":"","body":"<p>Milli takımın kadrosu a&ccedil;ıklandı ve Arda Turan sayın Fatih Terim&rsquo;in kararı ile yine kadroya alınmadı. Biz, Mlli Takımın hepimize, milletimize ait olduğunu zannediyorduk... Meğer hi&ccedil; de &ouml;yle değilmiş... Ulusal takımın tapusu tek bir kişiye, sıfatı T&uuml;rkiye Futbol Direkt&ouml;r&uuml; olan sayın Terim&rsquo;e verilmiş... G&uuml;n&uuml;m&uuml;ze dek, hi&ccedil;bir &uuml;lkenin milli takımının hocasına b&ouml;yle bir unvanın verildiğini g&ouml;rmedik ve de duymadık... Ancak, bizim anlı şanlı T&uuml;rkiye Futbol Federasyonu&rsquo;nun, yalnız bizlerin değil t&uuml;m d&uuml;nyanın şaşkınlıkla karşıladığı bu duyulmamış r&uuml;tbeyi, futbolumuzun tapusu ile birlikte sayın Terim&rsquo;e adeta hediye etmesine şahit olduk!..</p>\r\n\r\n<p>İspanya&rsquo;da harikalar yaratan, formunun zirvesindeki Arda Turan&rsquo;ın, kendisine en fazla ihtiya&ccedil; duyulduğu bir d&ouml;nemde ay yıldızlı formayı giymekten mahrum edilmesini anlamak m&uuml;mk&uuml;n değil!.. Ne yapmış Arda Turan?.. Sayın Terim&rsquo;e g&ouml;re bizler &ccedil;ok iyi biliyormuşuz!.. Arda Turan ondan değil halktan &ouml;z&uuml;r dilemeli imiş!.. Arkadaşları ve &ouml;zellikle Arda nasıl bir şerefsizlik yaptı ki sayın Terim a&ccedil;ıklamasında &ldquo;Şerefli oyunculara milli takımın kapısı daima a&ccedil;ıktır&rdquo; dedi!..</p>\r\n\r\n<p>Sevgili Hıncal Ulu&ccedil;&rsquo;un &ccedil;ok doğru bir şekilde belirttiği gibi &ldquo;Arda vatana mı ihanet etti ki halktan &ouml;z&uuml;r dilesin!..&rdquo; Ayrıca yine sevgili Hıncal&rsquo;ın da yazdığı gibi eğer mesele pirim ise tabii ki Milli takım kaptanı, arkadaşlarının hakkını ararken pirimi verene soracak, bir başkasına değil!.. Eğer mesele bu ise yani sayın Terim kendisine sorulmadan TFF ilgilisine gidilmesine kızmış ise burada Arda&rsquo;nın tek hatası, futbolumuzdaki her şeyin sadece ve de &ouml;ncelikle tapu sahibi sayın Terim&rsquo;e danışılması gerektiğini unutmuş olması!..</p>\r\n\r\n<p>&Ccedil;ağırılsa Arda&rsquo;nın milli formayı giymek i&ccedil;in koşa koşa gideceğinden kimsenin ş&uuml;phesi yok... Bu kesin bir şekilde biliniyor ama sayın T&uuml;rkiye Futbol Direkt&ouml;r&uuml;&rsquo;n&uuml;n davet etmeme nedeni hala bir muamma!..</p>\r\n\r\n<p>Aslında şu ana kadar muamma idi dersek daha doğru olur!.. Şimdiye kadar kin kokusu var diyorduk ama sayın Terim meseleyi fazla uzatmadan olayı kapatacak b&uuml;y&uuml;kl&uuml;k davranışını g&ouml;stermeyince koku iyice b&uuml;y&uuml;yerek keskin bir hal aldı!..</p>\r\n\r\n<p>Hepimizin, T&uuml;rkiye&rsquo;mizin milli takımının şahsi kaprisler uğruna en &ouml;nemli silahından yoksun olması bizleri &uuml;zerken rakiplerimiz Ukrayna ve İzlanda adeta bayram ediyor!.. Arda Turan&rsquo;ın formunun zirvesinde iken kadroda olmayışını b&uuml;y&uuml;k bir şaşkınlıkla izleyerek buna ne anlam vereceklerini bilemiyorlar!..</p>\r\n\r\n<p>Tabii ki hepimiz Arda olsa da olmasa da Milli takımın zaferini isteriz!..</p>\r\n\r\n<p>Ancak bu zafere ulaşmanın Arda&rsquo;nın yokluğunda &ccedil;ok daha zor olacağını da adımız gibi biliyoruz!..</p>\r\n\r\n<p>Milli takım &ouml;n&uuml;m&uuml;zdeki ma&ccedil;larını kazanırsa her şey yolunda gider ve sayın Terim&rsquo;den hesap sorulmaz!.. Muhtemel puan kayıplarında ise ne olacağını d&uuml;ş&uuml;nmek dahi istemiyorum... Fatih Terim&rsquo;e verdiği zeka pırıltıları ile dolu seviyeli cevabı ile kendisi olmasa bile Milli takımın başarısı i&ccedil;in dua edeceğini s&ouml;yleyen Arda Turan&rsquo;ın, şu anda bile hocasına kin duyduğuna asla inanmıyorum!..</p>\r\n\r\n<p>Hal b&ouml;yle iken, iki ego &ccedil;atışmasında kimin daha &ccedil;ok b&uuml;y&uuml;d&uuml;ğ&uuml;n&uuml; sizlerin takdirine bırakırken, hepimizin takımının geleceği ile b&ouml;ylesine oynanmasını ve &ouml;zellikle bu oyuna TFF dahil kimsenin m&uuml;dahale edememesinin anlamı, takımın tapusunun tek bir kişiye armağan edilmesinden başka ne olabilir?!.. Sizlerin de aklınızdan ayni şeyin ge&ccedil;tiğini g&ouml;r&uuml;r gibiyim!.. Ulusal takım ne Arda Turan&rsquo;ın ne de sayın Fatih Terim&rsquo;indir!.. Bu takımın sahibi sadece T&uuml;rk milletidir!..</p>\r\n","hideAds":false,"createdDate":1475742581000,"hitCount":3208,"active":true,"lastUpdaterIp":"213.248.152.101","hasEmbeddedTitle":false,"showOnHomePage":false,"currentUrl":"milli-takim-hepimizindir"},{"id":3319,"title":"Arda Turan’ın zekası","contentType":"CORNER_POST","coverImage":"","socialMediaImage":"","publicationDate":1474859640000,"tags":[],"spot":"","body":"<p>T&uuml;rkiye&rsquo;nin gururu Arda Turan&rsquo;ın, hocası, T&uuml;rkiye Futbol Direkt&ouml;r&uuml; Fatih Terim&rsquo;in basın toplantısındaki s&ouml;zlerine vereceği cevap, kamuoyu tarafından merakla bekleniyordu!..</p>\r\n\r\n<p>Sayın Terim&rsquo;in &ldquo;Benden değil T&uuml;rk halkından &ouml;z&uuml;r dilenmeli...&rdquo; s&ouml;z&uuml;n&uuml;, yakın dostu sevgili Hıncal Ulu&ccedil;&rsquo;un bile yazısında &ldquo;Vatana ihanet edilme ile eşdeğer...&rdquo; olarak değerlendirmesini ve bu bu fevkalade ağır ithamı bilmesine rağmen Arda, kendisi ile yapılan r&ouml;portajdaki cevabında hi&ccedil; aşırıya ka&ccedil;madan son derece seviyeli ve saygılı bir tavır sergiledi!.. Zeka pırıltıları ile dolu cevabında son Hırvatistan ma&ccedil;ında kadro dışı kalmasını bile saygı ile karşılayan Arda, b&ouml;ylece b&uuml;y&uuml;k futbolculuğunun yanında ne denli &ccedil;ok y&ouml;nl&uuml; bir kişi olduğunu da kanıtlamış oldu!..</p>\r\n\r\n<p>&Uuml;lkemizde, t&uuml;m d&uuml;nyada ve &ouml;zellikle İspanya&rsquo;da, en formda olduğu bir d&ouml;nemde Milli takıma davet edilmemesi hayretle karşılanırken şimdi de her kesimde olayın devamında ne olacağı sorgulanıyor!..</p>\r\n\r\n<p>Fatih Terim her zaman sıkı disiplin uygulaması ile tanınır ve bilinirdi!.. Ancak orada olan gazeteci arkadaşlarımızdan, Avrupa Şampiyonasında kampa giren &ccedil;ıkan belli değildi; her şey tam bir karmaşa i&ccedil;inde idi duyumlarını alınca şaşkınlıktan adeta dilimizi yuttuk!..</p>\r\n\r\n<p>Hırvatistan ma&ccedil;ı kadrosuna alınmayan diğer milli futbolcuların aslında bir kamuflaj olduğu ve Terim&rsquo;in hedefindeki ismin Arda Turan olduğu o denli a&ccedil;ıktı ki bunu yabancı basın bile g&uuml;ndemine aldı... Sayın Terim eleştiri yağmuruna tutuldu!..</p>\r\n\r\n<p>Cezanın Arda&rsquo;ya mı yoksa Milli takıma mı verildiği veya yine verilip verilmeyeceği merakla bekleniyor!..</p>\r\n\r\n<p>Bu arada sevgili Ahmet &Ccedil;akar&rsquo;ın programında &ccedil;ok a&ccedil;ık bir şekilde belirttiği gibi sayın Terim&rsquo;in Galatasaray&rsquo;ı &ccedil;alıştırdığı d&ouml;nemde takım arkadaşının ağzını burnunu kıran Melo&rsquo;ya hi&ccedil;bir ceza vermezken Arda&rsquo;yı sudan bir sebeple milli takımın dışında bırakmasının ne anlama geldiği de zihinleri tırmalıyor!..</p>\r\n\r\n<p>Sayın &Ccedil;akar gibi biz de &ccedil;ok ama &ccedil;ok merak ediyoruz!.. T&uuml;rkiye futbol Direkt&ouml;r&uuml; i&ccedil;in Galatasaray&rsquo;ın şampiyonluğu mu yoksa Milli takımın başarısı mı daha &ouml;nemli?..</p>\r\n\r\n<p>B&ouml;ylesine bir olayın kahramanına, yani Melo&rsquo;ya hi&ccedil;bir ceza verilmemesinin nedeni Galatasaray&rsquo;ın şampiyonluğa gidişi &ldquo;SEKTEYE UĞRAYABİLİR&rdquo; den başka ne olabilir!..</p>\r\n\r\n<p>&Ccedil;ok yakın bir gelecekte T&uuml;rk milli takımının D&uuml;nya kupası elemelerinde iki ma&ccedil;ı var!..</p>\r\n\r\n<p>Aslında bu polemiğin basınımızda uzamadan bitirilmesi lazım.. Uzaması Milli takımımıza zarar verir!.. Arda&rsquo;nın r&ouml;portajının ardından sayın Terim&rsquo;in vereceği cevap basın toplantısında &ouml;yle belirttiği &ldquo;Milli takım her futbolcuya a&ccedil;ıktır...&rdquo; ifadesi gibi muğlak değil, &ldquo;Arda evladımızı da takımda g&ouml;receğiz, g&ouml;rmeliyiz...&rdquo; olmalı!..</p>\r\n\r\n<p>Dileriz sayın Terim, şahsi kin kokan inadından vazge&ccedil;erek Milli takım kaptanına anasının ak s&uuml;t&uuml; gibi helal olan ay yıldızlı formayı tekrar giydirerek bizleri sevindirir!..</p>\r\n\r\n<p>Unutmayalım T&uuml;rk Milli takımı hepimizindir!.. Asla tek bir kişiye mal edilemez!..</p>\r\n\r\n<p>Sayın Terim bunu algılayınca her şey yoluna girer!..</p>\r\n","hideAds":false,"createdDate":1474881284000,"hitCount":3819,"active":true,"lastUpdaterIp":"213.248.152.101","hasEmbeddedTitle":false,"showOnHomePage":false,"currentUrl":"arda-turanin-zekasi"},{"id":1731,"title":"TFF açıklamalı!","contentType":"CORNER_POST","coverImage":"2019/11/27/037b4b28-b4cd-4201-b1a6-a10165a8f6ed.jpg","socialMediaImage":"2019/11/27/ffe62210-b3b8-43e4-b9fc-d4c32a1d7456.jpg","publicationDate":1473219000000,"tags":[],"spot":"","body":"<p>Tiryakisi olduğum ve devamlı izlediğim G&uuml;rkan Hacır&rsquo;ın ge&ccedil;tiğmiz pazar g&uuml;n&uuml; yayınlanan &lsquo;Şimdiki Zaman&rsquo; programının sonunda sayın Erol M&uuml;tercimler CHP milletvekili sayın G&uuml;rsel Tekin&rsquo;e ısrarla, mutlaka araştırılması i&ccedil;in bir &ouml;neride bulundu!.. Futbol d&uuml;nyasında deprem yaratacak bu &ouml;neride M&uuml;tercimler &lsquo;&rsquo;Galatasaray&rsquo;da sayısı 6 veya &uuml;zerinde FET&Ouml; sempatizanları olduğunu biliyoruz ancak bana g&ouml;re T&uuml;rk futbolunun son 20 yılında kazanılan lig şampiyonluklarında şaibe olup olmadığı araştırılmalı!.. L&uuml;tfen bunu &ouml;ncelikle ele alınız...&rsquo;&rsquo; dedi. Hafızalarımızı biraz yoklarsak, bu s&ouml;z, bizlere rahmetli sayın S&uuml;leyman Seba&rsquo;nın Beşiktaş i&ccedil;in devamlı vurguladığı &lsquo;şerefli ikincilikler&rsquo; ifadesini hatırlatmaz mı? Benim i&ccedil;imde doğan ş&uuml;phe sezgisi sizlere de ulaşamaz mı?</p>\r\n\r\n<p>Bir s&uuml;re &ouml;nce istifaları istendikten sonra yeniden var edilen kurulların dışında bırakılan isimlerin neden ayıklandığını a&ccedil;ıklamak bukadar zor mu?</p>\r\n\r\n<p>Her kurumda, işten atılan binlerce kişiye FET&Ouml;&rsquo;c&uuml; diye damga vurulurken neden TFF b&ouml;ylesine bir sessizliğe b&uuml;r&uuml;n&uuml;yor?</p>\r\n\r\n<p>Biz burada hi&ccedil;bir şahsı isim vererek itham etme peşinde değiliz. Bilmediğimiz, bilemiyeceğimiz bir şey &uuml;zerinde de fikir y&uuml;r&uuml;tme imkanına sahip olamayız! Ancak sayın M&uuml;tercimler&rsquo;in &ccedil;ok haklı olarak belirttiği araştırmanın kapsamlı bir şekilde ele alınmasını talep etme hakkına sahip olduğumuza inanıyor ve de bunu bekliyoruz!</p>\r\n\r\n<p>&lsquo;Şike&rsquo; kumpası ile elindeki bazı değerleri kaybeden Fenerbah&ccedil;e olurken, kazan&ccedil; hanesine artıları kimler ekledi?</p>\r\n\r\n<p>Bir s&uuml;re &ouml;nce gazetemde a&ccedil;ıklandığı gibi her yıl bir takımı k&uuml;me &ccedil;ıkartan teknik direkt&ouml;r bu uygulamayı yapmayı başarırken herhangi me&ccedil;hul bir kaynaktan yardım aldı mı? Sizler gibi ben de, aklımızı tırmalayan bu soruları art arda sıralarsak buradaki yerimiz kifayet etmez!</p>\r\n\r\n<p>Her kurumda var olan me&ccedil;huller T&uuml;rkiye Futbol Federasyonu&rsquo;nda da ortaya &ccedil;ıkmalı, ger&ccedil;ekler t&uuml;m &ccedil;ıplaklığı ile kamuoyuna sunulmalıdır!</p>\r\n\r\n<p>Ger&ccedil;i, puan cetvelinde herhangi bir değişikliğin olacağına ve de kazanılan hakların iade edileceğine pek inancımız yok ama, yapılması gereken araştırma sonucunda ortaya &ccedil;ıkacak ger&ccedil;eklerin bizleri nereye g&ouml;t&uuml;receğini şimdiden kestiremeyiz!</p>\r\n\r\n<p>Şimdi yapılacak olan, T&uuml;rkiye Futbol Federasyonu&rsquo;nun CHP, veya başka bir kurum tarafından zorlanmadan bu araştırmayı kendi i&ccedil;inde, ivedilikle başlatması ve neticesini t&uuml;m a&ccedil;ıklığı ile kamuoyuna sunmasıdır!</p>\r\n\r\n<p>Sabırsızlıkla bekliyoruz!..</p>\r\n","hideAds":false,"createdDate":1473233404000,"hitCount":1951,"active":true,"lastUpdaterIp":"213.248.152.101","hasEmbeddedTitle":false,"showOnHomePage":false,"currentUrl":"tff-aciklamali"},{"id":1370,"title":"Bu nasıl Şenol Güneş","contentType":"CORNER_POST","coverImage":"","socialMediaImage":"","publicationDate":1472450940000,"tags":[],"spot":"","body":"<p>Beşiktaş, Konyaspor ma&ccedil;ında 2 puan kaybetmiş veya daha doğrusu 1 puan kazanmış ise bunun tek sorumlusu Şenol G&uuml;neş&rsquo;tir. Bu ma&ccedil;ta doğrusu Şenol&rsquo;u tanımakta g&uuml;&ccedil;l&uuml;k &ccedil;ektim. Avrupa ve d&uuml;nyadaki ma&ccedil; y&ouml;netimi, T&uuml;rkiye&rsquo;deki ile hi&ccedil;bir benzerlik arz-etmeyen C&uuml;neyt &Ccedil;akır&rsquo;ın, Necip&rsquo;i daha ilk yarıda ikinci sarı karttan atması gerekirken oyunda bırakmasını nasıl g&ouml;remedi?.. G&ouml;zlerine perde indi o an herhalde!.. Yoksa benim bildiğim, tanıdığım Şenol hoca ikinci yarıya herkesin beklediği gibi Necip ile başlamaz, onun yerine hazır değil ise neden kul&uuml;bede sorusunu akla getien Rhodolfo&rsquo;yu oyuna sokardı. Aslında Brezilyalı stoper kenarda dururken oyuna Necip ile başlamanın ne anlama geldiğini hala anlamış değilim.. Tabii ki ma&ccedil; &ccedil;ok ge&ccedil; saatte bittiği i&ccedil;in benim gibi taşrada olanlar ma&ccedil; yorumlarını g&ouml;remediler ama b&ouml;ylesine a&ccedil;ık bir ger&ccedil;eği bizim g&ouml;rsel basın yorumcularının atlaması asla d&uuml;ş&uuml;n&uuml;lemez. Bu yazı pazar g&uuml;nd&uuml;z yazıldığı i&ccedil;in ancak akşam televizyonlarımızdan g&ouml;zlemizi tasdikleyen yorumları hep birlikte izliyeceğiz!..</p>\r\n\r\n<p>Şampiyonluğun kazanılmasında &ccedil;ok ama &ccedil;ok b&uuml;y&uuml;k katkıları olan hocamızın elindeki silahları bu şekilde yanlış kullanmasını ilk defa g&ouml;rd&uuml;k... Herhalde kadrosunda tutmak istediği halde elinden u&ccedil;up gidenlerin eksikliği onu &ccedil;ok b&uuml;y&uuml;k bir strese sokmuş olcak... Sezona, yaraların hen&uuml;z kapatılmadan başlamaya mecbur kalması bir dereceye kadar mazeret olarak kabul edilse bile Şenol hoca gibi b&uuml;y&uuml;k bir tecr&uuml;beye sahip kişiye bu hatayı hi&ccedil; ama hi&ccedil; yakıştıramadık!..</p>\r\n\r\n<p>Bu stres halini ilk basın toplantısında &ccedil;ok a&ccedil;ık bir şekilde g&ouml;steren Şenol hocamızın,</p>\r\n\r\n<p>kadrosu, yeni transferlerle birlikte zenginleştiğinde, eski h&uuml;viyetini kazanıp Kartal&rsquo;ı yeniden u&ccedil;uşa ge&ccedil;ireceğine g&ouml;n&uuml;lden inanıyoruz.</p>\r\n\r\n<p>Zaman herşeyi ortaya &ccedil;ıkarır!.. Hatadan ders alarak tedaviye erkenden başlamak başarının en &ouml;nemli anahtarıdır!..</p>\r\n\r\n<p>Umarız hocamıza hi&ccedil; ama hi&ccedil; yakışmayan bu yazı başlığını tekrar etme zorunda kalmayız!..</p>\r\n","hideAds":false,"createdDate":1472853662000,"hitCount":1416,"active":true,"lastUpdaterIp":"213.248.152.101","hasEmbeddedTitle":false,"showOnHomePage":false,"currentUrl":"bu-nasil-senol-gunes"},{"id":22039,"title":"FETÖ’nün futbol dünyası","contentType":"CORNER_POST","coverImage":"","socialMediaImage":"","publicationDate":1470897240000,"tags":[],"spot":"","body":"Aklınıza gelen her kuruma, devletin en güzide unsurlarına yuva yapmış gözü kanlı FETÖ çetesinin engerek yılanına benzeyen kollarının futbola da uzanmadığını düşünmez isek çok büyük bir yanılgıya düşeriz!.. Nitekim sevgili yazarımız sayın Rıza Zelyut bir müddet önce bu durumu sergileyen enfes bir yazıyı kaleme aldı. FETÖ, sırf Aziz Yıldırım’a olan şahsi kininden ötürü ülkemizin en büyük sivil toplum kuruluşlarından biri olan Fenerbahçe’ye karşı şike kumpasını kurarak savaş açtı.<br />\r\nBaşkan Aziz Yıldırım ve Fenerbahçe seyircisinin Atatürkçü çizgide dik duruşları karşısında öfkesi kat be kat artmasına rağmen en sonunda emeline ulaşmakta aciz kaldı. Kudretinin zirvesinde iken Saracoğlu Stadı’nda korkmadan, çekinmeden yükselen ‘’Mustafa Kemal’in askerleriyiz...’’ sesleri ile birlikte FETÖ’ye lanet okuyan Fenerbahçe sevdalılarına, aynı anlayış içindeki Beşiktaş’ın Çarşı grubu da katılarak birlikte kolkola Taksim’e de yürüdüler!.. Sayın Aziz Yıldırım çektirilen tüm acılara rağmen yılmadan ‘’Ne şikesi memleket elden gidiyor..’’ diye haykırarak FETÖ’yü ve yapılan komployu kuklalarının yüzüne karşı söylemekten çekinmedi.<br />\r\nTüm bunları görerek, izliyerek yaşadık ama bir de işin perde arkasındaki bilinmeyenleri var!.. Her kurumda olduğu gibi Türkiye Futbol Federasyonu’nda yapılan FETÖ tasfiyeleri beraberinde birçok soruyu akla getiriyor!.. Bunların içinde kaç ağabey var? Eğer bunlar arasında hakem var ise FETÖ bu hakem veya hakemlere maç ayarlama emri vermiş mi? Hangi kulüplerimiz bu emirler sonucunda mağdur edilmiş? Burada kimseyi suçlamak gibi bir amacımız yok !.. Ancak tam bir araştırma yapılıp sonucunun kamuoyuna sunulmasını talep etmenin de en doğal hakkımız olduğuna inanıyoruz!.. Türkiye Futbol Federasyonu başkanı Sayın Demirören öncülüğünde bu problemi ivedilikle çözümlüyerek kamuoyunu aydınlatmalı, tüm şüpheleri gidererek temiz bir sayfa açmalıdır. Bu arada futbol dünyamızdaki bazı eski FETÖ hayranlarının darbe sonrası çark ederek demokrasi nutukları atmasını da hayretle ve şaşkınlıkla izlerken gözlerimize inanmakta zorlandığımızı da belirtmek isteriz!..","hideAds":false,"createdDate":1476336764000,"hitCount":1340,"active":true,"lastUpdaterIp":"46.196.220.252","hasEmbeddedTitle":false,"showOnHomePage":false,"currentUrl":"fetonun-futbol-dunyasi"},{"id":22038,"title":"Bu fırsat da kaçmasın","contentType":"CORNER_POST","coverImage":"","socialMediaImage":"","publicationDate":1469515920000,"tags":[],"spot":"","body":"Defalarca yazdık!.. Devamlı söyleyip durduk ama bizim Türkiye Futbol Federasyonu’nu bir türlü derin uykusundan uyandıramadık.<br />\r\nTüm Dünya Blatter ve Platini yönetimindeki FIFA ve UEFA’nın yıllarca mafia metodları uygulanarak idare edildiğine şahit oldu!..<br />\r\nHer iki kurul da, görevinde hiçbir şaibeye karışmadan alnının akı ile temiz çıkan tek şahıs olan sayın Şenez Erzik’in TFF tarafından FIFA başkanlığına aday gösterilmemesini henüz anlamış değiliz!..<br />\r\nBaşkan seçilen Gianni Infantino’nun adını Google’ye yazıp ‘’Infantino is in trouble’’ yani Türkçesi ‘’Infantino sıkıntıda, sorunlu...’’ diye yazın bakın neler göreceksiniz... Yani anlayacağınız yeni FIFA başkanı da yolcu gibi..<br />\r\nŞimdi eylül ayında UEFA başkanı seçilecek..<br />\r\nBize göre başkanlık şansı çok büyük olan sayın Erzik bu koltuğun 1. ismi..<br />\r\nTabii bunun gerçekleşmesi için aday olması gerekiyor. Ancak benim tanıdığım Şenez Erzik kendi adaylığını koymayı kesinlikle düşünmez!..<br />\r\nBu işlevi ancak TFF yapar... Başta, iyi ilişkileri olan Türki cumhuriyetlerini de yanına alarak iyi bir çalışma yaparsa UEFA’nın yeni başkanı bir Türk olur... Hatta zorda olan INFANTINO yakın bir gelecekte istifa eder veya görevinden uzaklaştırılırsa destek verildiği takdirde sayın Erzik’in büyük bir olasılıkla FIFA başkanı bile olması imkan dahilindedir!..<br />\r\nAcaba yerküremizde kendi ülkesinden birinin bu görevlerden birine gelmesini istemeyen bir futbol federasyonu olabilir mi?..<br />\r\nSizler ne dersiniz bilemem ama bizim anlı şanlı TFF’nin tekrar eline geçen bu fırsatı nasıl değerlendireceğini gördüğümüzde sorunun cevabını hep birlikte öğreneceğiz!..","hideAds":false,"createdDate":1476336764000,"hitCount":1335,"active":true,"lastUpdaterIp":"46.196.220.252","hasEmbeddedTitle":false,"showOnHomePage":false,"currentUrl":"bu-firsat-da-kacmasin"},{"id":22037,"title":"İstifanın anlamı","contentType":"CORNER_POST","coverImage":"","socialMediaImage":"","publicationDate":1468909740000,"tags":[],"spot":"","body":"Sayın Erdal Torunoğulları Beşiktaş Yönetim kurulu üyeliğinden istifa etti.. Açıklamasına göre başkan Orman’ın sözlerine çok içerlediğinden görevinden ayrılmış!.. Sayın Torunoğulları’nın istifasına neden olan söyleme şöyle bir göz atalım isterseniz. Fikret başkanın isim vermeden sadece ‘’ transferler benim gözetimimde yönetim kurulunun onayından sonra gerçekleşir...’’ anlamında sözlerinin neresi yanlış!.. Bu söylevde doğru olmayan ne var?.. Sayın Torunoğulları, bir önceki yazımda da belirttiğim gibi yönetimin aldığı kararları uygulamaktan başka ne yaptı?..<br />\r\nVerilen görevleri başarılı bir şekide yerine getirdiğini de kimse inkar etmiyor!.. Lisan bilgisi ve ikna gücü ile de bu işin adamı olduğunu fazlası ile kanıtladı.. Ancak, kollektif başarıyı sadece kendisine mal etme sevdasını bir türlü üzerinden atamadı. Bazı kalemlerin Sayın Torunoğulları’nı sanki bu futbolcuları keşfederek transferleri tek başına gerçekleştirdiği savını hemen kabulleniverdi.. Yani anlayacağınız, ucuz kahraman yaratma sevdasındaki arkadaşlarımızın KAHRAMANI olmayı yönetim kurulunda kalmayı tercih etti!.. Halbuki önceki yazımda da belirttiğimiz gibi bu ikincı yolu tercih eden sayın Torunoğulları, bir önceki beyanatında yeni görev dağılımına hiçbir itirazı olmadığını açıkca belirtmişti!.. Ayrıca, yapılacak herhangi bir yeni transferde sayın Torunoğulları’nın yabancı lisanı olmayan Umut Güner’in yerine eskisi gibi görevlendirilmesi ihtimali çok yüksek iken bu istifa ile ‘’ Beşiktaş’da kaos var..’’ algısı yaratmanın ne anlamı var?.. Doğrusu bu soruya sayın Erdal Torunoğulları’nın vereceği cevabı çok ama çok merak ediyorum!..","hideAds":false,"createdDate":1476336764000,"hitCount":1306,"active":true,"lastUpdaterIp":"46.196.220.252","hasEmbeddedTitle":false,"showOnHomePage":false,"currentUrl":"istifanin-anlami"},{"id":22036,"title":"Kahraman yaratma sevdası","contentType":"CORNER_POST","coverImage":"","socialMediaImage":"","publicationDate":1468391700000,"tags":[],"spot":"","body":"Bizde nedense ucuz kahraman yaratmada, arkadaşlarımız arasında bir yarışma var... Görev dağılımında yeri değişti diye aniden Erdal Torunoğulları’nı transfer dehası yaptılar...<br />\r\nFutbolcunun iyisini gözünden tanıyan bir efsane yarattılar. Sayın Torunoğulları’nı şahsen tanımam ama verilen görevleri yerine getirmekte başarılı bir yönetici olduğuna yürekten katılırım.<br />\r\nFutbolcu geçmişi olsa duyulurdu sanırım... Bildiğim kadarıyla yöneticiliğe adım atışı da çok yeni... Yani anlayacağınız futbolcuya bakarak onun çok yetenekli bir oyuncu olduğunu bir bakışta anlaması imkansız!.. Kısacası sayın Torunoğulları, bazı yazar arkadaşlarımızın ponpaladığı gibi bir yetenek avcısı değil!.. O halde nasıl oluyor da Atiba’dan Sosa ve Dem Baba’ya kadar tüm yabancıların transferindeki başarı, sadece O’na malediliyor!..<br />\r\nSayın Torunoğulları, scaut ekibinin takip ederek seçtiği futbolcuları, yönetim kurulunda, sayın başkan Orman ve futbol şubesi sorumlusu asbaşkan sayın Ahmet Nur Çebi kontrolünde müzakere edilmesi sonrasında, alınan kararın uygulayıcısı olan bir yöneticidir. Tek seçici olan bir futbol bilgesi değil!..<br />\r\nFutbolcu transferlerinin tüm Dünya ve ülkemizde nasıl yapıldığını çok iyi bilen bazı arkadaşlarımızın, buna rağmen başarıyı tek bir kişiye bağlıyarak kahraman yaratma sevdasını anlamakta güçlük çekiyoruz!.. Kolektif bir başarıya katkı sağlayanların unutturulması çabası da yapılan ayıbın bir başka yönü!..<br />\r\nGerçi ülkemizde, oyuncuyu bulan, kararı alan ve uygulayan istisnai bir kişi var ama O, arayıp bulduğu oyuncuları yüksek fiyatlarla satarak kazanç sağlayan bir futbol bilgesi olduğunu zaten kanıtlamış biri.. İlhan Cavcav örneğinin bir benzeri yok zaten!..<br />\r\nSayın Erdal Torunoğulları’nın verilen görevi tam bir başarı ile yerine getiren bir yönetici olarak takdir edilmesine hiçbir itirazımız olamaz!.. Hatta yerine getirilen<br />\r\nUmut Güner’in onun kadar başarılı olamayacağı savının da doğru olduğunu bile söyleyebiliriz!.. Ancak sayın Torunoğlu’nun kendisini kahraman yapanlara, asıl başarının bu görevi kendisine verenlerle birlikte gerçekleştiğini açıklamamasını da çok ama çok yadırgadığımızı belirtmek isteriz!..<br />\r\nAsıl takdiri işte o zaman kazanırdı!..<br />\r\nGerçekleri okurlarımıza aktarmak bizim görevimiz!..<br />\r\nHangisini tercih edeceği ise sayın Torunoğulları’nın bileceği bir şey!...","hideAds":false,"createdDate":1476336764000,"hitCount":1337,"active":true,"lastUpdaterIp":"46.196.220.252","hasEmbeddedTitle":false,"showOnHomePage":false,"currentUrl":"kahraman-yaratma-sevdasi"},{"id":22035,"title":"Kaçırılan fırsat","contentType":"CORNER_POST","coverImage":"","socialMediaImage":"","publicationDate":1467612000000,"tags":[],"spot":"","body":"Sevgili Sabahattin Önkibar yazısında çok haklı olarak TFF ve başkanı sayın Yıldırım Demirören’in, sarayın kontrolünde olduğunu açık bir şekilde belirtti... Biz de bunu biraz daha geliştirerek bu kontrolün nelere mal olduğunu açıklayalım isterseniz!..<br />\r\nTüm dünya kamuoyunun çok iyi bildiği gibi yıllarca bir mafya başkanı gibi yönettiği FIFA’da, yönetim ve icra kurulundaki birçok yakın arkadaşları ile milyon dolarları iç eden Sepp Blatter, futboldan ömür boyu uzaklaştırıldı.. O’na eşlik edenler de ayni akıbete uğradılar. Blatter’e vekalet eden Issa Hayatou rüşvet iddialarından aklandığı halde yeni başkan olma hayalini gerçekleştiremeyerek adaylığını koymaya bile cesaret edemedi... Zira bu zat Uluslararası Olimpiyat Komitesi’nden atılmasına ramak kala istifa etmek zorunda kalmıştı.<br />\r\nYapılan soruşturmalarda, hakkında hiçbir açık olmadığı için FIFA Yönetim ve İcra Kurulu Üesi sayın Şenez Erzik sorgulamaya bile tabi tutulmadı. Sadece bilgisine başvuruldu... Yani anlayacağınız bu mafya güruhu içinden alnının akı ile temizliği ortaya çıkan tek kişi oldu.<br />\r\nHal böyleyken, bunca yıllık tecrübesi ve başarılı çalışması ile FIFA başkanlığına neden sayın Erzik seçilmedi veya daha doğrusu seçtirilmedi?... Aynı sorunun, benim gibi birçok kişinin aklını tırmaladığını adım gibi biliyorum!..<br />\r\nAslında gazetemizin aydın okurları da sorunun cevabını çok ama çok iyi biliyorlar!.. Biz bir kere daha hafızaları tazelemek için tekrar etmekte ve de kaçırılan bu fırsatın ne denli önemli olduğunu hatırlatmakta fayda görüyoruz!..<br />\r\nBir defa yakından tanıdığım sayın Erzik, diğerleri gibi kendi adaylığını önermeyi asla düşünmez... Adaylığının önerilmesini bekler. Peki neden TFF ve sayın Yıldırım Demirören öncülük ederek kendine yakın olan, özellikle büyük bir oy potansiyeline sahip Türki Cumhuriyetler ile birlikte sayın Erzik’in FIFA başkanlığı adaylığını önermedi?..<br />\r\nSayın Demiroren belki şahsen bunu isterdi ama yukarıdan gelen emirlere uymayı prensip haline getirdiğini bildiğimiz için engellemenin nereden geldiği apaçık ortada değil mi?<br />\r\nHafızaları bir kere daha irdeleyelim isterseniz... Acaba sayın Erzik bir süre önce sarayın TFF Başkanı olma teklifini geri çevirmesinin kurbanı mı oldu dersek hata mı yapmış oluruz?<br />\r\nGüdümü altındaki tüm kurumlara çoktan TFF’yi de dahil ettiğini yazarak gerçekleri ortaya koyan sevgili Sabahattin Önkibar yanılmış ise biz de bu yanılgıya ortak olmaktan onur duyarız!..<br />\r\nŞimdi merakla bekliyoruz !. Acaba saray, sayın Erzik’in halen boş bulunan UEFA Başkanlığı adaylığına onay verecek mi?","hideAds":false,"createdDate":1476336764000,"hitCount":1279,"active":true,"lastUpdaterIp":"46.196.220.252","hasEmbeddedTitle":false,"showOnHomePage":false,"currentUrl":"kacirilan-firsat"},{"id":22034,"title":"Merhaba ve bir hatırlatma","contentType":"CORNER_POST","coverImage":"","socialMediaImage":"","publicationDate":1467182280000,"tags":[],"spot":"","body":"Aydınlık’ın aydın okuyucularına merhaba! Cumhuriyet gazetesinde yıllarca beraber yazdığımız sevgili Metin Tükenmez kardeşimin daveti üzerine, hergün elimden düşürmediğim bu gazetede, tiryakisi olduğum sevgili Mustafa Mutlu ve Sabahattin Önkibar ile diğer değerli yazarlardan oluşan Aydınlık ailesine katılmanın onurunu yaşayarak, siz sayın okurlarımıza faydalı olabilmenin gayretinde olacağım...<br />\r\nÖncelikle, mucizevi bir şekilde katıldığımız 2016 Avrupa Şampiyonası’nda, grup aşamasında vedamız sonucunda, futbolcularımız ve teknik kadromuza yapılan son derece çirkin tezahürat ile aile bireylerine sosyal medyadaki ahlaksız saldırılara asla katılmadığımızı belirtelim... Ancak bu tip seyircilere lig maçlarımızda da aşina olduğumuzu asla unutmayalım!..<br />\r\nMilli forma altında çılgınca alkışladığı aynı futbolcuyu rakip takım forması altında küfür yağmuruna tutmuyor mu bu densizler!.. Prim kavgası dedikodularını da tam anlamıyla açığa kavuşmadığı için şimdilik gündem dışı tutuyoruz ama şampiyonaya katılan hiçbir takıma verilmeyen bu çok aşırı prim vaatlerini de anlamakta güçlük çekiyoruz...<br />\r\nŞimdi gelelim sayın Terim’in veda sonunda yaptığı çok garip bir açıklamaya... Şampiyonaya iyi hazırlanamadık, kamplar istediğim şekilde geçmedi diyor sayın Terim. O zaman hazır olmayan Caner’i neden ilk iki maçta oynattın?.. Çek maçının kahramanlarından biri olan İsmail Köybaşı’nı neden bu maçlarda kenarda beklettin sorusu akla gelmez mi? Ancak en önemlisi, sayın Fatih Terim’e çok çabuk unuttuğu birşeyi hatırlatalım. İsveç’te yapılan 1992 Avrupa Şampiyonası’ndan sadece 11 gün önce iç savaş dolayısıyla şampiyonadan ihraç edilen Yugoslavya yerine grup ikincisi olarak katılan Danimarka takımının futbolcuları alel acele plajlardan ve tatillerinden toplanarak geldikleri İsveç’de finalde Almanları dize getirerek şampiyon olmadılar mı?!.. Yani kısacası ne kamp yapmaya ne de hazırlanmaya fırsat bulamadılar.<br />\r\nİşte onun içindir ki bu örnek apacık ortada iken sayın Terim, mazeret ararken ki eğer varsa ve de bulabilirse kamuoyuna daha inandırıcı, gerçekci bahaneler sunmalı!.. Bizden hatırlatması, gerisi O’na kalmış!...","hideAds":false,"createdDate":1476336764000,"hitCount":1304,"active":true,"lastUpdaterIp":"46.196.220.252","hasEmbeddedTitle":false,"showOnHomePage":false,"currentUrl":"merhaba-ve-bir-hatirlatma"}]},"success":true}