{"data":{"totalCount":14,"author":{"id":83,"name":"Cüneyt Akalın","image":"2019/11/27/5fdb2000-62dd-4b35-b2ac-625090fa216f.jpg","authorType":"OLD","emailAddress":"","twitter":"","facebook":"","instagram":"","youtube":"","background":"","active":true,"socialImage":"2019/11/27/53818079-2f49-40da-b0e7-a8b0c69df084.jpg","lastPublicationDate":1561503600000,"slugUrl":"cuneyt-akalin"},"contents":[{"id":139112,"title":"Devrimin 40. Yılında İran'daki olaylara bakış","contentType":"CORNER_POST","coverImage":"","socialMediaImage":"","publicationDate":1574466180000,"tags":[],"spot":"","body":"<p>İran&#39;dan gelen haberler kaygı verici... Petrol zammını protesto edenlerin başlattığı g&ouml;sterilerin yer yer &ccedil;atışmalara d&ouml;n&uuml;şt&uuml;ğ&uuml; anlaşılıyor. İnternet erişiminin bir s&uuml;re kesilmesi, Batı kaynaklı haberlerin olayları istismarını&nbsp; artırıyor.</p>\r\n\r\n<p>Barış Pınarı Harekatı&#39;nı y&uuml;r&uuml;ten, İran&#39;la dostluğa b&uuml;y&uuml;k &ouml;nem veren T&uuml;rkiye i&ccedil;in&nbsp; d&uuml;ş&uuml;nd&uuml;r&uuml;c&uuml;&nbsp; bir haber...</p>\r\n\r\n<p>Olaylar aylar &ouml;nce &uuml;lkenin Doğu b&ouml;lgelerindeki Meşhet vb. kentlerde g&ouml;r&uuml;len, benzer taleplerle ortaya &ccedil;ıkan&nbsp; halk hareketinin devamı mı, yoksa ABD-İsrail gibi şer g&uuml;&ccedil;lerinin kışkırtmalarının &uuml;r&uuml;n&uuml; m&uuml;?</p>\r\n\r\n<p>Bu yılın başında rejim yanlıları İran İslam Devrimi&#39;nin&nbsp; 40. yılını kutladı. Olaylar,&nbsp; muhaliflerin 40. yıl kutlamalarına bir yanıtı mı?&nbsp; Ne istiyor bu muhalifler? Kimler onlar? Sis perdesi aralandık&ccedil;a&nbsp; daha rahat yorum yapabileceğiz.</p>\r\n\r\n<p>Yıllar yılı ABD&#39;ye, İsrail&#39;e&nbsp; direnen İran&#39;ın bu olaylarla sarsılmayacağı a&ccedil;ık. Yine de&nbsp; insanın y&uuml;reği ağzına geliyor.</p>\r\n\r\n<p>İran&#39;da istikrarsızlık en &ccedil;ok ABD-İsrail ikilisine yarar.</p>\r\n\r\n<p><strong>TEBRİZ STADINDAKİ PANKART</strong></p>\r\n\r\n<p>10&nbsp; g&uuml;n&nbsp; kadar &ouml;nce T&uuml;rk dostu&nbsp; İran&#39;lı tarih&ccedil;i bir dostum ile bir araya geldik.</p>\r\n\r\n<p>İlişkileri g&ouml;zden ge&ccedil;irdik. İran&#39;lı dost,&nbsp; kamuoyunun&nbsp; Azerbaycan&#39;daki hareketlenmeden kaygı duyduğunu belirtti. Trakt&ouml;r takımının&nbsp; seyircilerinin Tebriz Stadında hep birlikte asker selamı vermeleri&nbsp; g&uuml;ndem olmuş. Ben dostumuza T&uuml;rk yetkililerin olaya suhuletle yaklaştığını hatta Cumhurbaşkanı Erdoğan&#39;ın Irak&#39;taki olaylardan yola &ccedil;ıkarak&nbsp; benzerlerinin İran&#39;da da yaşanabileceği uyarısını&nbsp; yaptığını&nbsp; hatırlattım. Dostum bunların hepsinin farkındaydı. Ancak&nbsp; şu&nbsp; bilgiyi de verdi:&nbsp; &quot;Tebriz Stadı&#39;nda a&ccedil;ılan bir pankartta &#39;Ya &Ccedil;ekoslovakya ya Yugoslavya;&nbsp; se&ccedil;im sizin&#39; diye yazıyordu. Bu soru kamuoyunda tartışma yarattı.&quot;</p>\r\n\r\n<p>Pankartı a&ccedil;an/a&ccedil;anlar verdikleri mesajın&nbsp; bilincinde mi?</p>\r\n\r\n<p>&Ccedil;ekoslovakya&nbsp; &ouml;rneği barış&ccedil;ı ayrılığı, Yugoslavya &ouml;rneği şiddete dayalı&nbsp; ayrılığı &ccedil;ağrıştırıyor.</p>\r\n\r\n<p>&Ccedil;ok d&uuml;ş&uuml;nd&uuml;r&uuml;c&uuml;...</p>\r\n\r\n<p>T&uuml;rkiye Yugoslavya&#39;daki etnik &ccedil;atışmadan &ccedil;ok &ccedil;ekti; Dahası,&nbsp; Balkanlardaki etkinliğini de yitirdi.</p>\r\n\r\n<p>Aynı şeyler,&nbsp; İran bozkırında tekerr&uuml;r eder mi?</p>\r\n\r\n<p>Tebriz Stadında a&ccedil;ılan, İran&#39;lı dostları&nbsp; kaygılandıran&nbsp; pankartın kıymet-i harbiyesini, taşıyanların niyetlerini&nbsp; bilmiyorum. Umarım birka&ccedil; sorumsuzun marifeti olsun.</p>\r\n\r\n<p>İran&#39;dan gelen haberler, olayların&nbsp; yaygın olduğunu, etnik gerginliğin değil ekonomik taleplerin &ouml;ne &ccedil;ıktığını g&ouml;steriyor. Bunu tespit edelim.</p>\r\n\r\n<p><strong>T&Uuml;RK MİLLİYET&Ccedil;İLİĞİ VE İRAN</strong></p>\r\n\r\n<p>T&uuml;rk milliyet&ccedil;iliği bir&nbsp; b&uuml;y&uuml;k sınav veriyor.&nbsp; Uygurlar konusunda kara propagandaya kolayca teslim&nbsp; olan kimi milliyet&ccedil;i aydınlar şimdi Azerbaycan sınavından ge&ccedil;iyor.&nbsp;</p>\r\n\r\n<p>T&uuml;rk halkının tarihi ile coğrafyası ile en &ccedil;ok şeyi paylaştığı bir coğrafyada tarihsel sorumluluklarımız var.</p>\r\n\r\n<p>İran&#39;daki yangın bizi derinden etkiler.</p>\r\n\r\n<p>İran&#39;ın doğusunda yaşayan milyonlarca soydaşımızı tabii ki seviyoruz. Onlarla Fuzuli&#39;nin dilini, ortak k&uuml;lt&uuml;r&uuml; paylaşıyoruz. Bunun &ouml;neminin ayırdındayız.&nbsp;</p>\r\n\r\n<p>İran&#39;da yaşayan Azeri T&uuml;rklerinin iki &uuml;lke arasında b&uuml;y&uuml;k bir k&ouml;pr&uuml; oluşturmaları&nbsp; Batı Asya a&ccedil;ısından b&uuml;y&uuml;k &ouml;nem taşıyor.</p>\r\n\r\n<p>1648&#39;de Kasr-ı Şirin&#39;de &ccedil;izilen sınır, bug&uuml;n daha da &ouml;nem kazandı.</p>\r\n\r\n<p>İran-T&uuml;rkiye dostluğu Avrasya&#39;nın kapısını a&ccedil;acak b&uuml;y&uuml;k anahtardır.</p>\r\n\r\n<p>Değerini bilelim.&nbsp;</p>\r\n","hideAds":false,"createdDate":1574465418000,"updatedDate":1574466152000,"hitCount":1600,"active":true,"lastUpdaterIp":"94.54.22.49","hasEmbeddedTitle":false,"showOnHomePage":false,"currentUrl":"devrimin-40-yilinda-iran-daki-olaylara-bakis-cuneyt-akalin-kose-yazilari-kasim-2019"},{"id":129275,"title":"Kapımızaki büyük dalga: İranlı turistler","contentType":"CORNER_POST","coverImage":"","socialMediaImage":"","publicationDate":1561503600000,"tags":[],"spot":"","body":"<p>Biz sezgileri pek g&uuml;&ccedil;l&uuml; olmayan bir milletiz galiba. Hayat bizi bir yerlere savuruyor, bazen iyi yerlere bazen de ummadığımız yerlere&hellip;&nbsp;<br />\r\nArtık kaderimize ne &ccedil;ıkarsa&hellip; Oysa biraz &ouml;ng&ouml;r&uuml;, biraz sezgi s&uuml;re&ccedil;leri hızlandırabilir, g&uuml;&ccedil;lendirebilir.</p>\r\n\r\n<p><strong>ANTALYA: ANADOLU&rsquo;NUN RİVİERA&rsquo;SI</strong></p>\r\n\r\n<p>T&uuml;rkiye&rsquo;nin &ldquo;Riviera&rdquo;sı Antalya 1970&rsquo;li yıllara kadar turizmden, &ouml;zellikle dış turizmden&nbsp; nasibini almayan bir y&ouml;reydi.&nbsp; Toroslar kıyı ile&nbsp; &uuml;lkenin i&ccedil;i arasındaki ulaşımı g&uuml;&ccedil;leştiriyor, olmayan limanlar, olmayan deniz taşımacılığı Akdeniz kıyılarına ve bu arada Antalya&rsquo;ya&nbsp; insanların&nbsp; gelişini zorlaştırıyordu.&nbsp;</p>\r\n\r\n<p>1970&rsquo;li yıllarda b&uuml;y&uuml;k bir turizm atağına kalkan T&uuml;rkiye D&uuml;nya Bankası&#39;ndan sağladığı kredilerle g&uuml;ney kıyılarının &ouml;nce&nbsp; alt-yapısını tamamladı ardından tesisleşme ve taşımacılık geliştirildi;&nbsp; b&ouml;ylece&nbsp; kıyılar&nbsp; i&ccedil;/dış turizme a&ccedil;ıldı. Hedef kitle varlıklı Amerikan-Alman turistlerdi ama evdeki hesap &ccedil;arşıya uymadı. Amerikalılar Ortadoğu&rsquo;nun hem &ouml;zel koşulları hem de uzak oluşu nedeniyle Antalya&rsquo;ya gelmediler. Antalya Avrupalı turistlere kaldı.<br />\r\n1990&rsquo;lı yıllarda&nbsp; umulmadık bir gelişme yaşandı.&nbsp; Antalya&rsquo;yı keşfeden Ruslar akın akın gelmeye başladı.&nbsp; ( Bu arada Putin&rsquo;in de devlet başkanı olmadan Antalya&rsquo;ya geldiğini, Adrasan Koyu&rsquo;na kadar &ldquo;Mavi Yolculuk&rdquo; yaptığını gazetelerden &ouml;ğrendik.)&nbsp;</p>\r\n\r\n<p>G&uuml;n&uuml;m&uuml;zde sadece Antalya 10 milyondan fazla turist ağırlıyor.</p>\r\n\r\n<p>T&uuml;rk Riviera&rsquo;sı otelleri ile tesisleri ile, ulaşım olanakları ile Akdeniz&rsquo;in turizmde iddialı &uuml;lkeleri (Fransa, İtalya, İspanya, Yunanistan)&nbsp; ile rekabet ediyor, kim zaman onların &ouml;n&uuml;ne ge&ccedil;iyor.<br />\r\nYılda 35 milyon yabancı turisti ağırlayan &uuml;lkemizde turizmin&nbsp; ekonominin temel&nbsp; sekt&ouml;rlerinden biri haline geldiği a&ccedil;ık.</p>\r\n\r\n<p><strong>İRANLILAR GELİYOR</strong></p>\r\n\r\n<p>Şimdilerde turizm sekt&ouml;r&uuml;nde bir başka patlama yaşanıyor. İranlı&nbsp; turistler Nevruz&rsquo;da, bayramda seyranda, neredeyse her fırsatta, &uuml;lkemize&nbsp; kelimenin tam anlamıyla akın ediyor. T&Uuml;RSAB verilerine g&ouml;re son birka&ccedil; yıl i&ccedil;inde T&uuml;rkiye&rsquo;ye gelen İran&rsquo;lı turistlerin sayısı 2.500.000 /&nbsp; yılı aştı. Bu rakamla İranlı turistler sayıca Rus ve Alman turistlerin ardından geliyor.<br />\r\nTHY&nbsp; İstanbul-Tahran arasında g&uuml;nde onlarca sefer d&uuml;zenliyor. İranlı şirketlerin İstanbul seferlerini buna eklemek gerekiyor.<br />\r\nSon olarak Van&rsquo;dan gelen haberler akının s&uuml;rd&uuml;ğ&uuml;n&uuml; g&ouml;steriyor:</p>\r\n\r\n<p>Van Valisi Bilmez, Van&rsquo;da&nbsp; &quot;Altı bin yataklı otellerin tamamı dolduğu i&ccedil;in kamu kurumlarının sosyal tesisleri de gelen misafirlere tahsis edildi. Bu da yetmedi, okul pansiyonlarının bir kısmını da onlar i&ccedil;in a&ccedil;ıldığını&rdquo; a&ccedil;ıkladı. (Gazeteler, 5 Haziran 2019) Bayram m&uuml;nasebetiyle olmalı&hellip;</p>\r\n\r\n<p>Konuştuğumuz turizm sekt&ouml;r&uuml;n&uuml;n tecr&uuml;beli isimleri İranlı turistlerin en &ccedil;ok para harcayan kesim olduğunu belirtiyorlar. Bu gelişmeyi g&ouml;rmemek i&ccedil;in k&ouml;r olmak gerekiyor.</p>\r\n\r\n<p><strong>YETMEZ AMA EVET</strong></p>\r\n\r\n<p>T&uuml;rkiye&nbsp; bir s&uuml;redir kapısına dayanan bu dalgayı&nbsp; iyi kavrıyor mu? &Ouml;nlemlerini aldı&nbsp; mı?<br />\r\nİran&rsquo;lı turistler Nevruz vb g&ouml;rece uzun s&uuml;reli tatillerde Van, Erzurum Trabzon gibi&nbsp; g&ouml;rece yakın illeri tercih ederken, yaz tatillerinde Antalya, İstanbul, İzmir, Bordum gibi yerleri tercih ediyorlar. Kapsamlı&nbsp; k&uuml;lt&uuml;rel&nbsp; ilişkiler yaşanıyor. T&uuml;rkiye&rsquo;den İran&rsquo;a y&ouml;nelik turizm hareketliliği de&nbsp; g&ouml;rmezden gelinemeyecek gibi değil.&nbsp; T&Uuml;RSAB verilerine g&ouml;re her yıl 250 bin T&uuml;rk turist İran&rsquo;ı ziyaret ediyor.&nbsp;<br />\r\nK&uuml;lt&uuml;r turizmi ne yazık ki, iki taraf a&ccedil;ısından da, hen&uuml;z keşfedilmedi. Oysa iki taraf a&ccedil;ısından da o kadar b&uuml;y&uuml;k potansiyel taşıyor ki&hellip;</p>\r\n\r\n<p><strong>İPEKYOLU PROJESİNİN&nbsp;SUNDUĞU EK İMKANLAR</strong></p>\r\n\r\n<p>&Ccedil;in&rsquo;den başlayıp Atlantik kıyılarına kadar uzanan dev İpekyolu projesinin sadece liman, demiryolu vb. olmadığı a&ccedil;ık. Daha da &ouml;nemli olanı, Yol boyunca bir arada, yan yana yaşayan halkların ilişkileri. Turizmin bu&nbsp; a&ccedil;ıdan yeni olanaklar sunduğu&nbsp; biliniyor. Nitekim &ldquo;İpekyolu &Uuml;niversiteleri Network&uuml;&rdquo;n&uuml;n (SUN) Nisan 2020&rsquo;de&nbsp; &ldquo;İpekyolu G&uuml;zergahında Turizm&rdquo; konulu b&uuml;y&uuml;k bir seminere hazırlandığı haberleri geliyor. İran &uuml;zerinden Orta-Asya&rsquo;nın tarihsel, k&uuml;lt&uuml;rel merkezleri, İpekyolu girişimi&nbsp; bağlamında&nbsp; turizme a&ccedil;ılıyor. T&uuml;rkiye&rsquo;de hepimiz ve &ouml;zellikle ilgililer, kapımıza dayanan İranlı turistler ger&ccedil;eği ile y&uuml;zleşmeliyiz.&nbsp; Ardından&nbsp; Orta-Asya&rsquo;nın tarihsel mekanlarına ulaşmanın yollarını&nbsp; &ccedil;eşitlendirmeli, genişletmeliyiz&hellip;.<br />\r\nVakit ge&ccedil;irmeden&hellip;<br />\r\n&nbsp;</p>\r\n","hideAds":false,"createdDate":1561434998000,"updatedDate":1561503600000,"hitCount":1466,"active":true,"lastUpdaterIp":"162.158.251.43","hasEmbeddedTitle":false,"showOnHomePage":false,"currentUrl":"kapimizaki-buyuk-dalga-iranli-turistler-cuneyt-akalin-kose-yazilari-haziran-2019"},{"id":127649,"title":"Devrimin muhasebesi, 'İran’ın siyasal sorunları'","contentType":"CORNER_POST","coverImage":"","socialMediaImage":"","publicationDate":1559343600000,"tags":[],"spot":"","body":"<p>Uluslararası seminerin&nbsp; konusu &ldquo;İran&rsquo;ın Siyasal Konuları.&rdquo; G&uuml;ncel sorunları irdelemeye &ccedil;alışıyorlar. &Uuml;niversitedeki seminer bağnaz bir havada, &ldquo;yaşa-varol&rdquo; edasından uzak. Bir muhasebe &ccedil;abası g&ouml;r&uuml;l&uuml;yor. 40 yılda nereye geldik, neyi iyi neyi yanlış yaptık soruları dile getiriliyor.&nbsp;</p>\r\n\r\n<p>Uluslararası ilişkiler uzmanı rekt&ouml;r Salimi ambargodan yakınıyor. Eleştirileri dikkate alma&nbsp; gereğinin altını &ccedil;iziyor. Sosyal Bilimler Dekanı sorunların bir d&ouml;k&uuml;m&uuml;n&uuml; yapıyor. Bildik şeyler ama &ccedil;&ouml;z&uuml;mler konusunda suskun.&nbsp;<br />\r\nOnur konuğu, eski ulaştırma bakanı olduğunu &ouml;ğrendiğim Prof. Akhundi konuyu epeyce deşiyor. Sivil toplumun, sivil kurumların zayıflığından yakınıyor. Bu, aslında yakınmanın &ouml;tesinde bir denetim ihtiyacının dolaylı dile getirilmesi&hellip; T&uuml;rkiye&rsquo;de sivil toplumculuğun ne olduğunu bilen okurlar irkilmekte acele etmesin&hellip; Sivil toplumcuk var sivil toplum var;&nbsp; İran&rsquo;ın, &uuml;stelik siyasal sorumluluk &uuml;stlenmiş siyasilerinin &uuml;lkenin eksikliklerini diye getirmeleri kuşkusuz olumlu. Yolsuzluk, kayırmacılık dedikoduların başını alıp gittiği bir toplumda halkın denetimi &ouml;nemli. Bunların ortaya &ccedil;ıkartılması, &uuml;zerine gidilmesi lazım. Prof. Akhundi taşı gediğine koyuyor: &ldquo;Hukuk devleti olmadan Cumhuriyet&rsquo;ten s&ouml;z edilemez.&rdquo; İslam Cumhuriyeti bu noktaya gelmiş.</p>\r\n\r\n<p>D&ouml;neme damgasını vuran &ldquo;yeni merkantilizmi&rdquo; eleştiren Prof. Akhundi,&nbsp; Devrimin&nbsp; &ldquo;&Ouml;zg&uuml;rl&uuml;k, Bağımsızlık, İslam Cumhuriyeti&rdquo; şeklindeki temel sloganını hatırlatıyor.&nbsp; Cumhuriyet&rsquo;i yeniden tanımlamayı &ouml;neriyor, yeni bir toplumsal s&ouml;zleşme fikrini &ouml;ne s&uuml;r&uuml;yor. Ge&ccedil;mişle geleceği bağdaştırmayı savunuyor. &Ouml;teki İranlı konuşmacılar da İslam Devrimi&rsquo;nin yıld&ouml;n&uuml;m&uuml;nden &ccedil;ok 2019&rsquo;un &uuml;zerinde yoğunlaşıyorlar.&nbsp;<br />\r\n&nbsp;</p>\r\n\r\n<p><strong>DEVRİM HEYECANI&nbsp;</strong><br />\r\nGerilerde kalan Devrim heyecanını yitirmiş, besbelli; insanlar g&uuml;n&uuml;n sorunlarına &ccedil;areler arıyorlar. Asya&rsquo;da Cumhuriyet&ccedil;ilik Bendeniz&nbsp; &ldquo;Asya&rsquo;da Cumhuriyet&ccedil;ilik&rdquo; başlıklı bildiride Dr. Sun Yat Sen&rsquo;in, M. Kemal Atat&uuml;rk&rsquo;&uuml;n, Gandi&ndash;Nehru ikilisinin, Sovyet Cumhuriyetlerinin ve Asya&rsquo;nın &ouml;teki b&uuml;y&uuml;k cumhuriyet&ccedil;ilerinin tecr&uuml;belerini &ouml;zetliyorum.&nbsp; İtalyan Prof. Furlan, s&uuml;rd&uuml;r&uuml;lebilir kalkınmadan &ouml;rnekler verdiği konuşmasını &ldquo;Kimse İran&rsquo;a ambargo koyamaz&rdquo; s&ouml;zleri ile bitiriyor. Bir konuşmacı İran&rsquo;ın yoksullukla m&uuml;cadelede iyi olduğunu savunuyor ve ekliyor. &ldquo;Şah kalsaydı acaba durum nece olurdu?&rdquo;<br />\r\nİran İslam Devrimi&rsquo;nin Hz.Ali&rsquo;nin d&uuml;ş&uuml;ncelerinin doğal bir uzantısı olduğunu, Şeriati&rsquo;nin&nbsp; &nbsp;fikirlerinin devrimin &ouml;n&uuml;n&uuml; a&ccedil;tığını savunanlar da &ccedil;ıkıyor.<br />\r\nSalonda kadın-erkek ayrımı yok. Ancak konuşmacılar arasında kadınların sayısının azlığını belirtmek gerekir.<br />\r\n&nbsp;</p>\r\n\r\n<p><strong>DIŞ G&Uuml;&Ccedil;LER VE İRAN&nbsp;</strong><br />\r\nAmbargo altındaki İran&rsquo;da ABD&rsquo;nin g&ouml;lgesi toplumun &uuml;zerine d&uuml;ş&uuml;yor. Kızanlar var, kabahati i&ccedil;erde arayanlar var. İran da bizim gibi iki b&uuml;y&uuml;k eğilimin arasında gidip geliyor: Muhafazak&acirc;rların daha anti-emperyalist, reformcuların daha Batıcı g&ouml;r&uuml;nd&uuml;ğ&uuml; ikili yapı yıllardır s&uuml;r&uuml;p gidiyor.&nbsp;</p>\r\n\r\n<p>Rehber Ali Hameney a&ccedil;ık&ccedil;a &uuml;lkenin bir &ldquo;savaş durumu&rdquo; i&ccedil;inde olduğunu tespit ediyor. Tehlikenin medyadan geldiğini tespit ediyor. İran&rsquo;lı dostlara kulak veriyoruz.&nbsp;</p>\r\n\r\n<p>Ger&ccedil;ekten de Batıdan kaynaklanan medya yayınları kara propaganda yapıyor, moral bozuyor, şevki kırıyor. İngiltere &uuml;zerinden yayın yapan Men o Tur (Sen&ndash;Ben) adeta şeytanın s&ouml;zc&uuml;l&uuml;ğ&uuml;n&uuml; yapıyor. &ldquo;Yetti artık, ABD ile pazarlık edelim&rdquo; fikrini telkin ediyor,&nbsp; &ldquo;Maduro&rsquo;dan bize ne, Suriye&rsquo;de ne işimiz var, Rusya ile neden bu kadar i&ccedil; i&ccedil; i&ccedil;eyiz&rdquo;&nbsp; fikirlerini devreye sokuyor. Tabii bu t&uuml;r savların ucunun T&uuml;rkiye&rsquo;ye dokunması şaşırtıcı değil. Şu a&ccedil;ık: T&uuml;rkiye ile dostluğu muhafazak&acirc;rlar savunurken, Batıcı aydınlar dudak b&uuml;k&uuml;yor.</p>\r\n\r\n<p>Aslında medyanın yaptığı, bizim i&ccedil;in bildik şeyler. TV&#39;lerin AB s&uuml;recinde, Ergenekon operasyonu &ouml;ncesinde yaptıklarına &ccedil;ok benziyor. 5 Mayıs g&uuml;nk&uuml; Aydınlık gazetesinde yayımlanan yabancı Yu Tube haberinin aynısı&hellip; Yabancılar y&ouml;nlendirici haberlerle, programlarla İran&rsquo;ın direncini kırmaya &ccedil;amlışıyor. Dikkat &ccedil;ekici bir benzerlik daha var. Medyada bu havayı yayınların bir b&ouml;l&uuml;m&uuml; eski solcularmış. Orada da eski solcular sıkı laiklik yanlısı olmuşlar.</p>\r\n\r\n<p>Liberallerin yıkıcı etkilerinin&nbsp; &uuml;niversitelerde de kendini hissettirdiğini anlatıyor dostlar.&nbsp; Kamuculuk zayıflamış, ben-merkezcilik g&uuml;&ccedil;lenmiş; bilgilerini paraya tahvil etmeye &ccedil;alışan hocaların sayısı artıyormuş.&nbsp;</p>\r\n\r\n<p>Biz bu filmi daha &ouml;nce T&uuml;rkiye&rsquo;de g&ouml;rd&uuml;k diyorum sohbet ettiğim dosta&hellip; Ve şunu soruyorum: Batının yıkıcı etkilerinden s&ouml;z ediyorsunuz. Peki, İran&rsquo;da bir turuncu devrim beklenebilir mi? Başını hayır anlamında iki yana sallıyor.</p>\r\n\r\n<p>&ldquo;Tepkiler, huzursuzluklar olur ama bu bir turuncu devrime d&ouml;n&uuml;şmez. &Ccedil;&uuml;nk&uuml; geniş halk kitleleri tehdidi g&ouml;r&uuml;yor,&nbsp; k&ouml;t&uuml;l&uuml;ğ&uuml;n kaynağını a&ccedil;ık se&ccedil;ik tespit ediyor.&rdquo;<br />\r\n&nbsp;</p>\r\n\r\n<p><strong>SONU&Ccedil;&nbsp;</strong><br />\r\nYazar akademisyen Yal&ccedil;ın K&uuml;&ccedil;&uuml;k, İran&rsquo;la T&uuml;rkiye&rsquo;nin tarihsel ve coğrafi a&ccedil;ıdan &ccedil;ok benzediğini sık sık belirtir. Ben buna eklemeler yapacağım iznine sığınarak. G&uuml;ncel sorunlar da benziyor. T&uuml;rkiye ile İran ikiz kardeş gibi nerdeyse&hellip;</p>\r\n\r\n<p>T&uuml;rkiye, &ouml;zellikle aydınlar, ne yapıp yapıp İran&rsquo;ı daha yakından tanımaya &ccedil;alışmalı.</p>\r\n\r\n<p>T&uuml;rkiye ile İran arasındaki ekonomik ilişkiler gelişiyor ama, k&uuml;lt&uuml;rel ilişkilerin aynı oranda geliştiğini s&ouml;ylemek m&uuml;mk&uuml;n değil.&nbsp;</p>\r\n\r\n<p>İran İslam Devrimi&rsquo;nin yıl d&ouml;n&uuml;m&uuml;nde s&ouml;z&uuml;n &ouml;z&uuml; şu: 40 yıl &ouml;nceki heyecan, coşku yerini g&uuml;nl&uuml;k akışa bırakmış.&nbsp;</p>\r\n\r\n<p>Ekonomik sıkıntılar sorunlar yaratıyor ancak bir&ccedil;ok kişi ambargonun ABD a&ccedil;ısından s&uuml;rd&uuml;r&uuml;lebilir olmadığına da inanıyor.</p>\r\n\r\n<p>İran toplumu Devrim&rsquo;in 40. yılında anti-emperyalist eğilimli muhafazak&acirc;r unsurlarla daha liberal-Batıcı eğilimli reformcular arasında sağa-sola yalpalayarak yolunu arıyor.&nbsp;</p>\r\n","hideAds":false,"createdDate":1559270839000,"updatedDate":1559343600000,"hitCount":1249,"active":true,"lastUpdaterIp":"162.158.111.122","hasEmbeddedTitle":false,"showOnHomePage":false,"currentUrl":"devrimin-muhasebesi-iran-in-siyasal-sorunlari-cuneyt-akalin-kose-yazilari-haziran-2019"},{"id":127577,"title":"Dönüşen İran ve Tahran’da kadınlar","contentType":"CORNER_POST","coverImage":"","socialMediaImage":"","publicationDate":1559257200000,"tags":[],"spot":"","body":"<p>İran&rsquo;da orta sınıftan kadınların şıklığını, bakımlılığını anlatmak i&ccedil;in s&ouml;zc&uuml;kler yetersiz kalıyor.&nbsp; Bir arkadaşımın ifadesiyle, &ldquo;Ana caddede bir s&uuml;re y&uuml;r&uuml;y&uuml;nce, o sırada hangi rengin moda olduğunu anlıyorum.&rdquo; Kaşlar kalemle &ccedil;izilmiş, kirpikler boyalı, y&uuml;r&uuml;y&uuml;ş endamlı... Baş &ouml;rt&uuml;s&uuml; bir aksesuvar olmuş kimi kadınlar i&ccedil;in, dini bir simge olmaktan &ccedil;ıkmış, modaya uymanın aracı haline gelmiş. Şık g&uuml;neş g&ouml;zl&uuml;kleri daha değişik bir hava veriyor. Gen&ccedil; kadınların bazıları tırnaklarının her birini ayrı renge boyuyor. Muhafazak&acirc;r kadınlar &ccedil;arşaf giymeyi s&uuml;rd&uuml;r&uuml;yor ancak onlar da &ccedil;arşafa bir tarz vererek bir t&uuml;r moda yaratıyorlar.</p>\r\n\r\n<p>Kaldığım oteldeki yemek salonunda bir d&uuml;ğ&uuml;n yemeğine tanık oldum. Kadınların hepsinin başı a&ccedil;ıktı. Gelinin şıklığı &ouml;yle b&ouml;yle değildi.</p>\r\n\r\n<p>İran&rsquo;da kadın toplumun her yerinde; işte, okulda...Yine de kamusal hayatın i&ccedil;inde yeteri kadar yer kapladıkları s&ouml;ylenemez. İran&rsquo;ın daha kat etmesi gereken mesafe var. Tahran&rsquo;da Batı tipi yaşam tarzının getirdiği &ldquo;kafe&rdquo; tipi mekanlar yaygınlaşmış, sosyalleşme mekanları olarak eski tarz &ldquo;kahvehane&rdquo;ler azalmış. T&uuml;rban olmasa, erkeklere dayatılan gravatsız&nbsp; giyim-kuşam olmasa Tahran&rsquo;ı bir Avrupa kentinden ayırmak zor.<br />\r\n&nbsp;</p>\r\n\r\n<p><strong>HAZAR KIYISINDAKİ&nbsp;REŞT KENTİ&nbsp;</strong><br />\r\nİpekyolu semineri i&ccedil;in gittiğimiz Hazar Denizi kıyısındaki Reşt kentinde ve Gilan eyaletinde İran&rsquo;ın yeşil y&uuml;z&uuml; ile tanışıyoruz. Sırtını Kafkas Dağlarına dayamış Reşt kenti İran&rsquo;ın b&uuml;y&uuml;k kentlerinden. Hazar&rsquo;ın kıyısındaki turistik tesisler kısmen Azeri, Kazak vb. yabancı turistleri ağırlıyor olsa da, esas olarak yerli turistlere hizmet ediyor. Yerli turistler bol bol denize giriyorlarmış ama bizden farkı, kadın ile erkek aynı yerde y&uuml;zemiyor.&nbsp;</p>\r\n\r\n<p>Gilan zeytinciliğin merkezi; Bir Akdeniz bitkisi olan zeytin ağa&ccedil;larına Bak&uuml;&rsquo;de rastlamıştım ama orda daha &ccedil;ok s&uuml;s bitkisi olarak değerlendiriliyordu. Gilan&rsquo;da &ccedil;ok sayıda zeytin ağacı ve zeytinyağı imalathaneleri var. Ancak siyah zeytin yok, yeşil zeytin ağırlıklı bir &uuml;retim var. Laf aramızda, siyah zeytinin yerini başka bir şey tutmuyor.</p>\r\n\r\n<p>T&uuml;rk olduğumuzu anlayanlar b&uuml;y&uuml;k ilgi g&ouml;steriyor. Başlıyorlar T&uuml;rk&ccedil;e konuşmaya...D&uuml;nyada T&uuml;rklere İranlılar kadar sıcak davranan bir başka millet var mıdır acaba?&nbsp;</p>\r\n\r\n<p>Gilan&rsquo;daki İpekyolu semineri olduk&ccedil;a başarılı ge&ccedil;iyor. İpekyolu projesi hen&uuml;z fiilen Hazar Denizi&rsquo;ne ulaşmamış. İran&rsquo;da&nbsp; İpekyolu projesine bize kıyasla daha b&uuml;y&uuml;k ilgi var. İran&rsquo;ın Hint Okyanusundaki Chabatar Limanı proje &ccedil;er&ccedil;evesinde genişletilmiş, modernleştirilmiş.</p>\r\n\r\n<p>Yol &uuml;zerinde bir dini mekana uğruyoruz. Ziyaretgah ile cami ayrı; ziyaretgah daha &ccedil;ok ziyaret ediliyor sanki... Hemen yanı başındaki mezarlıkta bazı mezarlarda dalgalanan&nbsp; bayrakların anlamını soruyoruz. &ldquo;Onlar şehit&rdquo; deniyor.<br />\r\n&nbsp;</p>\r\n\r\n<p><strong>DEVAM EDECEK&nbsp;</strong></p>\r\n","hideAds":false,"createdDate":1559197743000,"updatedDate":1559257200000,"hitCount":1140,"active":true,"lastUpdaterIp":"141.101.77.153","hasEmbeddedTitle":false,"showOnHomePage":false,"currentUrl":"donusen-iran-ve-tahran-da-kadinlar-cuneyt-akalin-kose-yazilari-mayis-2019"},{"id":127521,"title":"Benzin ucuz, hayat pahalı ","contentType":"CORNER_POST","coverImage":"","socialMediaImage":"","publicationDate":1559184540000,"tags":[],"spot":"","body":"<p>Son beş yıl i&ccedil;inde İran&rsquo;a beşinci gidişim bu. Ne oluyor bana? Nerden &ccedil;ıktı bu İran merakı? ABD ambargoyu dayattık&ccedil;a gizli bir g&uuml;&ccedil; beni İran&rsquo;a &ccedil;ekiyor...&nbsp; &nbsp; &nbsp;</p>\r\n\r\n<p>Nedeni ne olursa olsun, İran&rsquo;da olmak hoş. Sadi&rsquo;nin, Hafız&rsquo;ın nefesi insanın ruhunu ısıtıyor sanki...&nbsp;</p>\r\n\r\n<p>İran İslam Devrimi&rsquo;nin 40. yılı nedeniyle &uuml;niversitede d&uuml;zenlenen bir toplantıya davetliyim.&nbsp;</p>\r\n\r\n<p>İslam Devrimi&rsquo;ni g&uuml;n be g&uuml;n yaşadık. 40 yıl &ouml;ncesini bug&uuml;n gibi anımsıyorum; Humeyni&rsquo;nin u&ccedil;ağının Paris&rsquo;ten havalanıp Tahran&rsquo;ın Mehrabat Havaalanına inişini,&nbsp; milyonlarca insanın Humeni&rsquo;yi&nbsp; karşılayışını... 40 yıl sonra bir muhasebe ilgin&ccedil; olabilir. Az sayıda yabancı, &ccedil;ok sayıda İranlı akademisyenle birlikte İran Devrimi&rsquo;ni irdeliyoruz.&nbsp; Yabancıların azlığı, İranlı yetkililerden &ccedil;ok yabancıların İran &ouml;n-yargılarından kaynaklanıyor olabilir. Ardından Hazar kıyısındaki Reşt kentinde &ccedil;ağdaş İpekyolunun&nbsp; sorunlarını tartışacağız. Toplantı izlenimlerimi aktaracağım ama &ouml;nce genel g&ouml;r&uuml;n&uuml;m.&nbsp;</p>\r\n\r\n<figure><img alt=\"\" src=\"2019/11/28/8eccf99f-626d-4344-b5b7-7a640f2d570e.jpg\" /></figure>\r\n\r\n<p><strong>TAHRAN&rsquo;DA G&Uuml;NL&Uuml;K YAŞAM&nbsp;</strong><br />\r\nİstanbul&rsquo;un doğusundaki en b&uuml;y&uuml;k megakent Tahran, tıpkı İstanbul gibi, g&uuml;n be g&uuml;n b&uuml;y&uuml;yor. Sokaklar insandan, caddeler arabadan ge&ccedil;ilmiyor. Bozkırdan dorukları karlı Erburz Dağı&rsquo;nın eteklerine doğru tırmanan kenti &ccedil;ok sayıda akuad&uuml;kl&uuml; k&ouml;pr&uuml; dikey kesiyor.&nbsp; Tahran&rsquo;ın modernleşmesi Şah Rıza Pehlevi zamanında başlamış, İslami rejim &ccedil;alışmaları&nbsp; &nbsp;s&uuml;rd&uuml;rm&uuml;ş. Neo-liberal r&uuml;zgarların k&ouml;r&uuml;klediği inşaat &ccedil;ılgınlığı oraya da ulaşmış. TOKİ var mı, &ouml;ğrenemedim ama TOKİ benzeri yapılaşma yani &ccedil;ok katlı toplu konutlar &ouml;zellikle kentin varoşlarında dikkati &ccedil;ekiyor. İstanbul gibi 15 milyon insanın i&ccedil; i&ccedil;e, yan yana yaşadığı&nbsp; kentte yeni yaşam alanları yaratmaktan, yeni yollar yapmaktan başka &ccedil;are bulamamışlar onlar da.&nbsp;</p>\r\n\r\n<p>Tahran tarihsel bir kent değil. Başkent 1911&rsquo;de Ka&ccedil;ar Hanedanı tarafından tarihsel kent Şiraz&rsquo;dan, Elburz Dağlarının eteklerindeki, o sırada k&uuml;&ccedil;&uuml;k ama daha merkezi bir kasaba olan&nbsp; Tahran&rsquo;a taşınmış. Geniş caddeleri olan, yeni, bakımlı, temiz bir kent Tahran. Bir bozkır kentine g&ouml;re olduk&ccedil;a yeşil. Erburz Dağlarının doruklarındaki karların erimesiyle&nbsp; ortaya &ccedil;ıkan suları g&uuml;neye doğru taşıyan su kanalları caddelerin iki tarafında boy g&ouml;steriyor. Ortalıkta dilenci g&ouml;r&uuml;lm&uuml;yor.&nbsp;&nbsp;</p>\r\n\r\n<p>Metro var; &ccedil;ok kullanılıyor, ama trafik sorununa &ccedil;are olamamış. Benzin ucuz olduğu i&ccedil;in, orta sınıftan insanlar &ouml;zel ara&ccedil;larından vazge&ccedil;miyor. Peugeot montaj Pars marka arabalar&nbsp; her yerde. Bir Pars arabanın bedeli 5.000 dolar, bizim paramızda 25-30.000 TL ediyor. Taksiler de, &ouml;zel arabalar da yaygın kullanılıyor. İthal araba İstanbul&rsquo;daki kadar bol olmasa da Hyundailer, daha seyrek de olsa Mersedesler caddelerde boy g&ouml;steriyor.&nbsp;&nbsp;</p>\r\n\r\n<p>Ambargoya bağlı olarak doların değeri artıyor, İran parasının değeri d&uuml;ş&uuml;yor.</p>\r\n\r\n<p>Bir kıyaslama yapmak gerekirse, İran&rsquo;da paranın durumu bizdeki enflasyon&nbsp;yıllarındaki TL&rsquo;ye benziyor. Sıfır sayısı arttık&ccedil;a, değerini &ouml;l&ccedil;mek zorlaşıyor. İki t&uuml;rl&uuml; banknot dolaşıyor piyasada, Riyal ve t&uuml;men... Hangisinin ne olduğunu doğrusu ancak&nbsp; &nbsp;dostların yardımı ile anlayabildim.&nbsp; &nbsp; &nbsp;</p>\r\n\r\n<p>Ekonomideki sıkıntılara rağmen g&uuml;nl&uuml;k hayat canlı... Orta sınıfların mekanı kentin orta kesimlerinde ve varlıklı kesimlerin mekanı Kuzey Tahran&rsquo;da hayat gece yarılarına kadar s&uuml;r&uuml;yor. Bol ışıklı panolar, renkli vitrinler m&uuml;şterileri &ccedil;ağırıyor. Ortalıkta Amerikalı g&ouml;revliler g&ouml;r&uuml;nm&uuml;yor ama her milletten işadamı, turist, Amerikalılar dahil, Tahran&rsquo;da karşımıza &ccedil;ıkıyor.</p>\r\n\r\n<p>Ambargonun İran&rsquo;ın belini kıracağını sananlar yanıldıkların yakında g&ouml;r&uuml;rler.&nbsp;</p>\r\n\r\n<p><strong>DEVAM EDECEK</strong></p>\r\n","hideAds":false,"createdDate":1559120108000,"updatedDate":1559184592000,"hitCount":1390,"active":true,"lastUpdaterIp":"141.101.104.96","hasEmbeddedTitle":false,"showOnHomePage":false,"currentUrl":"benzin-ucuz-hayat-pahali-cuneyt-akalin-kose-yazilari-mayis-2019"},{"id":122503,"title":"Mustafa Cengiz kendi kalesine gol atar mı?","contentType":"CORNER_POST","coverImage":"","socialMediaImage":"","publicationDate":1553986800000,"tags":[],"spot":"","body":"<p>Galatasaray&nbsp; olağan genel kurulu olağandışı bi&ccedil;imde noktalandı. Genel Kurul &uuml;yeleri Mustafa Cengiz Y&ouml;netimi&rsquo;ni idari olarak aklamadı. Galatasaray&rsquo;ı yeni bir genel kurul bekliyor beklentileri Mustafa Cengiz&rsquo;in,&nbsp; &ldquo;g&ouml;revimizin başındayız&rsquo;&rsquo; &ccedil;ıkışı ile yeni bir aşamaya ulaştı.<br />\r\nZor g&uuml;nler Galatasaray&rsquo;ı bekliyor. Fırsat&ccedil;ılar bir karış suda fırtına kopartmaya &ccedil;alışıyor. &ldquo;Liseliler &ccedil;ok oldu&rdquo;, &ldquo;Liseliler Cengiz&rsquo;i istemedi&rdquo; muhabbeti medyaya malzeme oluyor. Olayları ş&ouml;yle bir hatırlayalım. Dursun &Ouml;zbek (liseli) y&ouml;netimi, mali a&ccedil;ıdan sıkıntılı g&uuml;nler ge&ccedil;iren kul&uuml;ple, genel kurulun &ouml;n&uuml;ne &ccedil;ıktı; anlattıkları &uuml;yeleri ikna etmeyince, &uuml;yelerinin &ccedil;oğunun iyi tanımadığı Mustafa Cengiz ve arkadaşları y&ouml;netime se&ccedil;ildi. Yani Cengiz&rsquo;in başkanlığı tepki &uuml;r&uuml;n&uuml;yd&uuml;. &Uuml;yelerin &ccedil;oğunluğu, kul&uuml;b&uuml; liseli Dursun &Ouml;zbek <strong>LİSELİ OLMAK-OLMAMAK</strong><br />\r\nŞurada net olalım. Liseli-Liseli olmayan tartışması &ccedil;ok gerilerde kaldı. Liselilerin kurduğu, n&uuml;vesini Liselilerin oluşturduğu se&ccedil;kin spor kul&uuml;b&uuml; yıllar &ouml;nce kapılarını a&ccedil;maya karar verdi. O g&uuml;nden bug&uuml;ne kadar, yani son 40 yıl i&ccedil;inde, kul&uuml;b&uuml; y&ouml;netenlerin &ccedil;oğu lisesi değildir. Prof. Ali Uras&rsquo;tan başlayalım, başarılı y&ouml;neticiler Alp Yalman&rsquo;la (babası M. Vacit Yalman liseli) Faruk S&uuml;ren&rsquo;le,&nbsp; Adnan Polat&rsquo;la son olarak da Mustafa Cengiz ile devam edelim. Arada&nbsp; Ali Tanrıyar, &Ouml;zhan Canaydın, kısa s&uuml;reli Mehmet Cansun, &Uuml;nal Aysal kısa s&uuml;reli Duygun Yarsuvat ve Dursun &Ouml;zbek y&ouml;netimleri var. Bu y&ouml;netimler Genel Kurul&rsquo;da se&ccedil;ildiler, d&ouml;nem sonunda hesap verdiler, başardıklarıyla başaramadıklarıyla tarih oldular. Bu saatten sonra Galatasaray Spor Kul&uuml;b&uuml;&rsquo;nde,&nbsp; &ldquo;liseli- lisesiz&rdquo; aramak, boştur. bir bardak suda fırtına koparmaktır. Sakıncalıdır, zararlıdır. Mustafa Cengiz y&ouml;netiminde&nbsp; &ccedil;eşitli kademelerde yaklaşık 1/3 oranında liseli olduğunu belirterek, bu muhabbete nokta koyalım.<br />\r\n<strong>GALATASARAY&#39;IN N&Uuml;VESİ &#39;LİSE&#39;DİR</strong><br />\r\nGalatasaray&rsquo;ı se&ccedil;kin, uluslararası &ouml;nemde bir kul&uuml;p haline getiren s&uuml;re&ccedil;, Cumhuriyet&rsquo;in, &ccedil;ağdaş T&uuml;rkiye&rsquo;nin inşasının ayrılmaz par&ccedil;asıdır. Galatasaray&rsquo;ı b&uuml;y&uuml;k yapan, futbol takımının g&ouml;ğs&uuml;ne taktığı 4. yıldız değildir. Ondan &ccedil;ok daha &ouml;nemlisi Galatasaray Liseli sporcuların&nbsp; futbola verdikleri katkıdan da &ouml;nemli olarak, jimnastiği, kapalı spor salonlarını (Basket-voleybol), su sporlarını (k&uuml;rek-yelken-su topu) spor d&uuml;nyamıza taşımış olmaları, kadın sporuna &ouml;nc&uuml;l&uuml;k etmeleri, Alt-yapı/eğitime &ouml;nem vermeleridir. Bu&nbsp; a&ccedil;ıdan Galatasaray a&ccedil;ık ara liderdir. Spor d&uuml;nyamızın y&uuml;z akıdır. Galatasaray bu noktaya Tevfik Fikretlerle, Ali Sami Yenlerle, Baba G&uuml;nd&uuml;zlerle, Kadınlarda Avrupa Şampiyonası kupasını kaldıran Işıl Albenlerle geldi. Liseli-lisesiz binlerce sporcusu ile y&ouml;neticisi&nbsp; ile geldi. Galatasaray&rsquo;ı Lise&rsquo;den kopartmak, Galatasaray&rsquo;ı sıradanlaştırmaktır, XBelediyespor yapmaktır. Galatasaray&rsquo;ı yok etmektir.<br />\r\nBuna tevess&uuml;l etmek bile tehlikelidir. Top Mustafa Cengiz başkanda... Ya kendi kalesine gol atacak ya da sonuca katlanıp, genel kurulu selamlayarak soyunma odasına doğru ilerleyecektir.</p>\r\n","hideAds":false,"createdDate":1553984313000,"updatedDate":1553986800000,"hitCount":1270,"active":true,"lastUpdaterIp":"172.69.54.64","hasEmbeddedTitle":false,"showOnHomePage":false,"currentUrl":"mustafa-cengiz-kendi-kalesine-gol-atar-mi-cuneyt-akalin-kose-yazilari-mart-2019"},{"id":116171,"title":"Bahadır Şah’ın öngörüsü","contentType":"CORNER_POST","coverImage":"","socialMediaImage":"","publicationDate":1548284400000,"tags":[],"spot":"","body":"<p>Muzaffer Bahadır Şah (1837-1858) 300 yıl Kuzey Hindistan&rsquo;a h&uuml;kmeden Bab&uuml;r Hanlığının son h&uuml;k&uuml;mdarıdır. Hem T&uuml;rk, hem de Hindistan tarihinde &ouml;zel bir yeri olan Bab&uuml;r devletinin son h&uuml;k&uuml;mdarının bir hapishane duvarına zar zor yazdığı dizeler ise&nbsp; evrensel niteliktedir.&nbsp;<br />\r\nBab&uuml;r Hanlığı, Asya uygarlığının parlak sayfalarının sahibidir. Şah Cihan&rsquo;ın doğum sırasında &ouml;len sevgili eşi M&uuml;mtaz Mahal i&ccedil;in yaptırdığı g&ouml;rkemli Ta&ccedil; Mahal, Bab&uuml;rlerden kalmadır. Pandit Nehru&rsquo;nun Hindistan&rsquo;ı tarihsel-k&uuml;lt&uuml;rel bakımdan yaratan iki liderden biri diye nitelediği Ekber Şah (&ouml;teki Maurya Hanedanından Budist Aşoka) Bab&uuml;r Hanıdır.<br />\r\nBu b&uuml;y&uuml;k T&uuml;rk hanedanının sonu ibretlik derslerle doludur.&nbsp;<br />\r\nModern Hindistan tarihinin başlangıcı sayılan, Marks&rsquo;ın &ldquo;Hindularla m&uuml;sl&uuml;manların milli ayaklanması&rdquo; diye nitelediği 1857&rsquo;de patlayan ayaklanma (Mutiny) Hint alt-kıtasında b&uuml;y&uuml;k bir sarsıntı yaratır. Kuzey Hindistan&rsquo;a yayılan ayaklanmayı zorla bastıran İngiliz birlikleri, Delhi&rsquo;yi ancak d&ouml;rt ay sonra geri alabilirler. Dedesi H&uuml;mayun&rsquo;un mezarına sığınan Bahadır Şah tutuklanır, tahttan indirilir; &uuml;&ccedil; oğlu&nbsp; Delhi&rsquo;de halkın g&ouml;zleri &ouml;n&uuml;nde kurşuna dizilir. Ayaklanmadan sorumlu tutulan, &ouml;z&uuml;r dilemeyi reddetmesi &uuml;zerine g&ouml;zlerine mil &ccedil;ekilen Bahadır Han Rangun&rsquo;a s&uuml;r&uuml;l&uuml;r.</p>\r\n\r\n<p><strong>ZAFER İNANCI&nbsp;</strong><br />\r\nMuzaffer Bahadır Şah, hapishanenin duvarına k&ouml;m&uuml;r par&ccedil;aları ile &Ccedil;ağatayca şu dizeleri yazar:&nbsp;&nbsp;<br />\r\nGazion mein boo rapegi jab Talak eman ki<br />\r\nTaht-ı London tak chalegi tegh Hindostan ki.<br />\r\nYani: Ayaklanmacıların kalbindeki zafer inancı sarsılmadığı s&uuml;rece&nbsp;<br />\r\nHindistan&rsquo;ın g&uuml;c&uuml; Londra&rsquo;daki tahtı sallamaya devam edecek.<br />\r\nBu dizeleri bir Hint kaynağından aldım. &Ccedil;ağatayca bilen dostlar, T&uuml;rk&ccedil;e transkripsiyonunu daha anlaşılılr hale getirebilirler.<br />\r\nİngilizcesi&nbsp; aynen ş&ouml;yle: (The power of India will continue to shake the throne at London till the glory of faith remains undimmed in the hearts of the rebels.)<br />\r\nO tarihten sonra &uuml;lkeyi kan ve g&ouml;zyaşları ile y&ouml;neten İngiliz S&ouml;m&uuml;rge Y&ouml;netimi, 90 yıl sonra Hint alt kıtasını terk etmek zorunda kalır.<br />\r\nGeriye Muzaffer Bahadır Şah (&Ouml;: 7 Kasım 1862)&rsquo;ın hapishane duvarlarına yazdığı dizeler kalır.&nbsp;<br />\r\nBu dizeler bir vasiyet midir, bir &ouml;ng&ouml;r&uuml; m&uuml;, yoksa&nbsp; y&uuml;kselmesi ka&ccedil;ınılmaz olan Asya &Ccedil;ağının habercisi mi?</p>\r\n","hideAds":false,"createdDate":1548223521000,"updatedDate":1548284400000,"hitCount":1828,"active":true,"lastUpdaterIp":"141.101.76.77","hasEmbeddedTitle":false,"showOnHomePage":false,"currentUrl":"bahadir-sah-in-ongorusu-cuneyt-akalin-kose-yazilari-ocak-2019"},{"id":93411,"title":"Çelişkili bir şahsiyet: Aziz Yıldırım","contentType":"CORNER_POST","coverImage":"","socialMediaImage":"","publicationDate":1528416000000,"tags":[],"spot":"","body":"<p>Fenerbah&ccedil;e&rsquo;nin 20 yıllık başkanı Aziz Yıldırım&rsquo;ın koltuğunu Ali Ko&ccedil;&rsquo;a kaptırması farklı yorumlara neden oldu:</p>\r\n\r\n<p>Genel değişimciler (liberaller diye okunabilir) fırsat bu fırsat diyerek se&ccedil;im sonucunu g&ouml;klere &ccedil;ıkardılar. Kimi Fenerliler, daha tutucu olanlar da denebilir, &ldquo;b&ouml;yle olmamalıydı, Aziz Yıldırım&rsquo;a ayıp oldu&rdquo; diye dertlendiler. Fenerbah&ccedil;e gibi b&uuml;y&uuml;k, sevilen bir kul&uuml;b&uuml;n 20 yıllık başkanının performansını doğru değerlendirmek hepimiz a&ccedil;ısından &ouml;nemlidir.&Ouml;nce artıları sıralayalım: Aziz Yıldırım ger&ccedil;ekten &ccedil;ok uğraştı.</p>\r\n\r\n<p>Ş&uuml;kr&uuml; Saracoğlu Stadı onun eseridir. (Stadın eski halini bilen bir Kadık&ouml;yl&uuml; olarak s&ouml;yl&uuml;yorum)</p>\r\n\r\n<p>Ge&ccedil;mişte futbol sahalarına hapsolan bir kul&uuml;b&uuml; &ouml;teki branşlara a&ccedil;mak, kadın-erkek basketbolunu d&uuml;nya &ccedil;apında &ouml;nemli hale getirmek, Avrupa&rsquo;da basketbolun doruğuna &ccedil;ıkmak, Guliyev gibi bir d&uuml;nya şampiyonuna sarı-lacivertli &ccedil;ubuklu formayı giydirmek &ouml;nemlidir.</p>\r\n\r\n<p>Ayrıca Aziz Yıldırım&rsquo;ın 3 Temmuz s&uuml;recinde dik durmasının &uuml;lkeye yeni bir soluk getirdiği de a&ccedil;ıktır.</p>\r\n\r\n<p>Bunları inkar eden &ccedil;ıkmıyor zaten.</p>\r\n\r\n<p><strong>MAĞRUR OLMA PADİŞAHIM</strong></p>\r\n\r\n<p>Osmanlı d&ouml;neminde padişah tatta &ccedil;ıkarken yeni&ccedil;eriler toplanıp &ldquo;mağrup olma padişahım senden b&uuml;y&uuml;k Allah var&rdquo; diye bağırırlarmış. Padişahı kibire karşı uyarırlarmış. Aziz Yıldırım giderek havaya girdi, k&uuml;&ccedil;&uuml;k dağları ben yarattım havasına girdi, Dokunulmaz olduğunu sandı. Kendisini Fenerbah&ccedil;e&rsquo;nin &ouml;n&uuml;ne ge&ccedil;irdi. Dahası, &ldquo; Republic of Fenerbah&ccedil;e&rdquo; havasını yaratarak, ya da o havayla uzlaşarak kendisi ile birlikte Fenerbah&ccedil;e&rsquo;yi her şeyin &uuml;zerine koydu. İşi rakip kul&uuml;b&uuml;n başkanına tokat atma noktasına kadar g&ouml;t&uuml;rd&uuml;; &uuml;stelik, yaptığı yanına kar kaldı. Kimi işg&uuml;zarların &ldquo;FB en b&uuml;y&uuml;k sivil toplum kuruluşudur&rdquo; s&ouml;zleri, &ldquo;Fenerbah&ccedil;e Cumhuriyeti&rdquo; mavraları aslında hem FB&rsquo;ye hem de T&uuml;rk futboluna zarar verdi. Aziz Yıldırım&rsquo;ı da yanlışlara sevk etti. Fenerbah&ccedil;e bir spor kul&uuml;b&uuml;d&uuml;r, g&uuml;&ccedil;l&uuml; bir camiadır. Cumhuriyet&rsquo;in se&ccedil;kin bir kurumudur; Sivil toplum kuruluşu ise ayrıdır. Hi&ccedil;bir Fenerlinin Fenerbah&ccedil;e&rsquo;den b&uuml;y&uuml;k olamayacağı gibi hi&ccedil; bir kul&uuml;p de T&uuml;rkiye&rsquo;den b&uuml;y&uuml;k olamaz. T&uuml;rkiye&rsquo;nin bir tek cumhuriyeti var: TC. Fenerbah&ccedil;e bu b&uuml;t&uuml;n&uuml;n par&ccedil;asıdır. FB&rsquo;nin işine karışmak gibi olmasın ama Statta kongre toplamak da doğru bir fikir değildir. Kongreler &ldquo;show-room&rdquo;lar değil, kul&uuml;b&uuml;n sorunlarının tartışılacağı, milyara dayanan bor&ccedil;lara &ccedil;are aranacağı yerlerdir.</p>\r\n\r\n<p><strong>ERDOĞAN&rsquo;I TAKLİT ETTİ</strong></p>\r\n\r\n<p>Aziz Yıldıım&rsquo;ın bir başka b&uuml;y&uuml;k hatası, RT Erdoğan&rsquo;ı taklit etmesi oldu. Buna Ali Şen&rsquo;den devraldığı aldığı k&ouml;t&uuml; mirası s&uuml;rd&uuml;rmek de denebilir. Aziz Yıldırım &ouml;teki kul&uuml;pleri &ouml;zellikle Galatasaray&rsquo;ı, Beşiktaş&rsquo;ı, Trabzon&rsquo;u hedef alarak, onları &ouml;tekileştirerek Fener taraftarını birbirine kenetlemeye &ccedil;alıştı. Sevimsizleşti. Tepki &ccedil;ekti. Bundan T&uuml;rk sporunun zarar g&ouml;rd&uuml;ğ&uuml; &ccedil;ok a&ccedil;ıktır. Kimse kusura bakmasın, Aziz Yıldırım, tıpkı RTE gibi, iktidarını, g&uuml;c&uuml;n&uuml; bu gerginliğe dayanarak sağladı. Toplumu gererek iktidarını korudu. Bu taktikler geldi, sonunda kendisini vurdu.</p>\r\n\r\n<p><strong>YENİ BİR HAVA</strong></p>\r\n\r\n<p>Ali Ko&ccedil; ne getirir, ne g&ouml;t&uuml;r&uuml;r? Zaman g&ouml;sterecek. Ancak Ali Ko&ccedil;&rsquo;un T&uuml;rk futboluna yeni bir hava getireceği anlaşılıyor. Daha medeni bir ilişki, daha seviyeli bir rekabet ortamı, T&uuml;rk futboluna iyi gelecektir. Umarım Ali Ko&ccedil; bunu başarır. Fener&rsquo;i Halit Dering&ouml;rler, Can Bartular, Lefterler b&uuml;y&uuml;t&uuml;r, rakip kul&uuml;b&uuml;n başkanına tokat atanlar değil. Fenerbah&ccedil;e bir sivil toplum kuruluşu değildir ama kendine &ouml;zg&uuml; bir spor kul&uuml;b&uuml;d&uuml;r. 3 Temmuz&rsquo;da verdiği sınav literat&uuml;re ge&ccedil;ecek kadar &ouml;nemlidir. G&uuml;&ccedil;l&uuml;, iyi y&ouml;netilen bir FB en başta T&uuml;rk sporunun yararınadır.</p>\r\n","hideAds":false,"createdDate":1528410410000,"updatedDate":1528416000000,"hitCount":3208,"active":true,"lastUpdaterIp":"141.101.77.249","hasEmbeddedTitle":false,"showOnHomePage":false,"currentUrl":"celiskili-bir-sahsiyet-aziz-yildirim-cuneyt-akalin-kose-yazilari-haziran-2018"},{"id":92412,"title":"Bir TV dizisinden öte: Vatanım Sensin","contentType":"CORNER_POST","coverImage":"","socialMediaImage":"","publicationDate":1527721440000,"tags":[],"spot":"","body":"<p>&Ouml;nce şunda anlaşalım; evimize giren TV&rsquo;lerin giderek yaşamımızda daha &ccedil;ok yer kaplaması, &ccedil;ağın gereğidir; B&uuml;y&uuml;k &ccedil;oğunluk itibarıyla haberleri oradan izliyor, dizileri &ccedil;oğumuz seyrediyor, ma&ccedil;ların heyecanını ekranda yaşıyoruz.</p>\r\n\r\n<p>Filmleri, salonlara gitme zahmetine katlanmadan evimizdeki TV&rsquo;den izliyoruz.</p>\r\n\r\n<p>Bunlara son zamanlarda akıllı telefonlarla birlikte yeni bir alan daha eklendi. Yani, TV dizilerinin kapsam alanı genişledi.</p>\r\n\r\n<p>Diziler, gazetelerin eskiden tefrika dedikleri şey....Bir masal adeta....Anlatıp anlatıp bir yerde kesiyorlar; sonra, kısa bir hatırlatma yapıp bıraktıkları yerden devam ediyorlar. TV seyircisinin &ccedil;ok ilgisini &ccedil;ekiyor. Hele T&uuml;rk seyircisinin...</p>\r\n\r\n<p><strong>VATANIM DİZİSİ</strong></p>\r\n\r\n<p>Brezilya dizileri ile başlayan, şimdilerde yerli dizilerle devam eden aşk dizileri bir yana koyarsak, &ldquo;Vatanım Sensin&rdquo; şimdiye kadar &uuml;lkemizdeki TV&rsquo;lerde izlenen diziler arasında en &ouml;nde gelen dizi midir? Pop&uuml;ler k&uuml;lt&uuml;r&uuml;m&uuml;zde &ouml;zel yeri olan, diziler şeklinde defalarca g&ouml;sterime giren Hababam Sınıfı&rsquo;nı, Aşk-ı Memnu&rsquo;yu, ididalı Yorgun Savaş&ccedil;ı&rsquo;yı, &ccedil;ok&ccedil;a izlenen S&uuml;per Baba&rsquo;yı, İkinci Bahar&rsquo;ı, Perihan Abla&rsquo;yı, Fatmag&uuml;l&rsquo;&uuml;n Su&ccedil;u Ne vb. dikkate alarak bir değerlendirme yapmaya &ccedil;alışırsak Vatanım Sensin&rsquo;e benzer bir dizi g&ouml;stermek m&uuml;mk&uuml;n m&uuml;d&uuml;r?</p>\r\n\r\n<p>Vatanım Sensin, &ouml;teki pop&uuml;ler dizilere benzemeyen bir yapım. K&uuml;resel k&uuml;lt&uuml;r&uuml;n insanları siyasetten, tarih bilincinden, k&ouml;klerinden vb. uzaklaştırdığı koşullarda vatanlarını, tarihlerini, insanlıklarını hatırlatan bir yapım. Bir ders kitabı adeta.</p>\r\n\r\n<p><strong>UZATILDI</strong></p>\r\n\r\n<p>&Ouml;nce eleştirilerden başlayalım: Ge&ccedil;en yıl g&ouml;sterime giren dizi bu yıl yeniden g&ouml;sterime girince, tepkiler aldı. Tekrarlar, tepkisi &ccedil;ekti. Ancak zaman i&ccedil;inde, g&ouml;sterilenlerin ge&ccedil;miş yılın tekrarı olmadığı, yeni eklenen par&ccedil;aların &ouml;yk&uuml;ye yeni bir boyut getirdiği g&ouml;r&uuml;ld&uuml;.</p>\r\n\r\n<p>Yapımcılar dizinin g&ouml;rd&uuml;ğ&uuml; ilgiyi doğru değerlendirerek, Milli M&uuml;cadelenin ekrana az taşınan i&ccedil; boyutunu, Kuvvacılara karşı &ccedil;ıkan, direnen gerici padişah&ccedil;ı g&uuml;&ccedil;leri, yerel &ccedil;eteleri vb. ekrana taşıdılar. İyi de yaptılar.</p>\r\n\r\n<p>Dizi, kimi b&ouml;l&uuml;mleri ile fazla abartılı, &ccedil;oğu b&ouml;l&uuml;mleri ile fazla duygusal....</p>\r\n\r\n<p>Evet, &ouml;yle. Bu kusurları onu bir başyapıt olmaktan uzaklaştırıyor... Ama, bir de ger&ccedil;ekler var...</p>\r\n\r\n<p><strong>VATANIM SENSİN&rsquo;İN İ&Ccedil;ERİĞİ</strong></p>\r\n\r\n<p>Okullarda Atat&uuml;rk İlke ve İnkılapları derslerinin &uuml;zerine şal &ouml;rt&uuml;ld&uuml;ğ&uuml;, o derslerin ancak internet &uuml;zerinden yapılmaya itildiği koşularda Vatanım Sensin dizisi milyonlarca seyirci i&ccedil;in b&uuml;y&uuml;k bir boşluğu doldurdu, tatlı tatlı anlatılan Cumhuriyet Tarihi dersine d&ouml;nd&uuml;.</p>\r\n\r\n<p>Topraklarından, anayurdundan, evinden barkından kopartılan, İzmir&rsquo;in bir k&ouml;şesinde Anadolu&rsquo;ya tutunmaya &ccedil;alışan Balkan k&ouml;kenli bir ailenin işgal koşullarında &ccedil;ektiği acıları ve hayatta kalabilmek i&ccedil;in canla başla direnişini anlatıyor dizi. Aile İzmir&rsquo;de kendine bir hayat kurmaya &ccedil;alışırken, ailenin iyi Yunanca bilen babası, işgal ordusu i&ccedil;inde gizlenerek Kuvayı Milliye i&ccedil;in &ccedil;alışmaya başlıyor. Aile mensupları ger&ccedil;ek niyetini bilmedikleri babaya &ccedil;oğu kez tepki duyuyorlar, babanın işi o koşularda daha da zorlaşıyor.</p>\r\n\r\n<p>Kuvayı Milliye tarihi, İzmir merkezli bir anlatımla ve İşgal ordusu i&ccedil;inde faaliyet y&uuml;r&uuml;ten bir vatanseverin etrafında izleyiciye sunuluyor.</p>\r\n\r\n<p>Ayrıntıları merak edenler, diziyi bulup izlemeliler.</p>\r\n\r\n<p>Ekrandan taşan vatan sevgisi; Kuvayı Milliye ruhu</p>\r\n\r\n<p>Sonunda TV dizileri ile unutturulan vatan sevgisinin ne kadar &ouml;nemli olduğunu yine bir TV dizisinin hatırlatması da hoş bir s&uuml;rpriz oldu.</p>\r\n\r\n<p>Vatanım Sensin&rsquo;in hepimize hatırlattığı bir başka değer halk sevgisi oldu. Bu toprakların esas sahibinin halk olduğunu, vatan s&ouml;z konusu olunca kendi k&ouml;şesinde yaşayan, kendi mecrasında akan insanların aynı duygularla bir araya gelerek sel olduğunu, engelleri aştığını anımsattı.</p>\r\n\r\n<p><strong>T&Uuml;RK&Uuml;N T&Uuml;RKTEN BAŞKA DOSTU VARMIŞ, ORDU &Ouml;NEMLİYMİŞ</strong></p>\r\n\r\n<p>Vatanım Sensin vatan sevgisinin şoven bir milliyet&ccedil;ilik olmadığını, haklı bir davanın başka insanların da desteğini en azından sempatisini kazanabileceğini hatırlattı bizlere. Yunan kom&uuml;nistlerinin milli m&uuml;cadeleye katkılar sunduğunu kimi tarih kitapları yazmıştı ama bu ger&ccedil;ekleri ekrana Vatanım Sensin taşıdı.</p>\r\n\r\n<p>Dahası, bir T&uuml;rk kızının kimliğini yitirmeden başka bir milletten bir insanı seveceğini, bu s&uuml;re&ccedil;te onu d&ouml;n&uuml;şt&uuml;rebileceğini, bu ilişkinin de sağlıklı olabileceğini g&ouml;sterdi.</p>\r\n\r\n<p>Vatanım Sensin, bir başka yanlışı daha d&uuml;zeltti. Son yıllarda &ouml;zellikle Ergenekon tertibi ile, gerici karalamalarla rencide edilen TSK mensuplarının milletin &ouml;zg&uuml;rl&uuml;ğe kavuşmasında oynadıkları rol&uuml; hatırlattı. İyi yetişmiş subayların, her t&uuml;rl&uuml; baskıya g&ouml;ğ&uuml;s gererek, ateş hattında d&uuml;şmanın i&ccedil;inde ne b&uuml;y&uuml;k bir cesaret ve vatan sevgisi le g&ouml;rev yaptıklarını hatırlattı. Kendisi d&uuml;şman işgali altında yaşayan, kulağını M. Kemal Paşa&rsquo;dan gelen emirlere sonuna kadar a&ccedil;ık tutan insanların &ouml;zverilerini, kararlılıklarını ekrana taşıdı.</p>\r\n\r\n<p>Ve nihayet milli m&uuml;cadele ruhunu başta Halit Ergen&ccedil; olmak &uuml;zere canlandıran oyuncu kadrosunun başarıları Vatanım Sensin&rsquo;i TV tarihimizin unutulmazları arasına soktu.</p>\r\n\r\n<p><strong>TAKLİTLER ASILLARIN YERİNİ ALAMAZ</strong></p>\r\n\r\n<p>Vatanım Sensin&rsquo;in başarısının b&uuml;y&uuml;k kanıtı, Kuvvacılardan &ccedil;ok haz etmeyen g&uuml;&ccedil;lerin başka tarihsel simaları ekrana taşıyarak rakip prod&uuml;ksiyonlar yaratma &ccedil;abalarıdır. Ancak bunların Vatanım Sensin&rsquo;le boy &ouml;l&ccedil;&uuml;şemeyecekleri ortaya &ccedil;ıktı. Taklitler asıllarının yerini alamaz.</p>\r\n\r\n<p>Vatanım Sensin hem bir dizidir hem de tarihimizin bir kesitidir.</p>\r\n\r\n<p>Vatanım Sensin&rsquo;in eleştirilecek yanları, eksikleri kusurları kuşkusuz var. Yukarda belirtildi.</p>\r\n\r\n<p>Keşke o hatalar da olmasaydı. Ama bunlar ikincil kalıyor.</p>\r\n\r\n<p>Vatanım Sensin, Kuvvacıları ekran &uuml;zerinden bilincimize taşıdı.</p>\r\n\r\n<p>Bu kadarı bile &ouml;nemlidir.</p>\r\n","hideAds":false,"createdDate":1527758925000,"updatedDate":1527721440000,"hitCount":5173,"active":true,"lastUpdaterIp":"172.69.54.28","hasEmbeddedTitle":false,"showOnHomePage":false,"currentUrl":"bir-tv-dizisinden-ote-vatanim-sensin-cuneyt-akalin-kose-yazilari-mayis-2018"},{"id":63978,"title":"Antalya küme düşer mi?","contentType":"CORNER_POST","coverImage":"","socialMediaImage":"","publicationDate":1506121200000,"tags":[],"spot":"","body":"<p><br />\r\nBinbir t&uuml;rl&uuml; dolabın d&ouml;nd&uuml;ğ&uuml;, paranın her şeye h&uuml;kmettiği futbol ortamında Rıza &Ccedil;alımbay&nbsp; bir vahaydı adeta... Sessiz sedasız &ccedil;alışan, terbiyesini koruyan bir spor adamıydı. Dahası, başarılıydı. Başına ge&ccedil;tiği m&uuml;tevazi takımları &uuml;st sıralara taşıyor, pozitif futbol oynatıyor, gelecek&nbsp; i&ccedil;in umut yaratıyordu. Herkesin sevgisini, saygısını kazanmıştı. Sivasspor ve Kasımpaşa&rsquo;dan sonra başına ge&ccedil;tiği Antalyaspor&rsquo;u da alt sıralardan aldı, ligin &uuml;st sıralarına taşıdı. Deyim yerinde ise, Antalyaspor&rsquo;u marka yaptı.<br />\r\nAma Eto&rsquo;o ve Nasri&rsquo;ye yaranamadı. İyi mi? Haberlere g&ouml;re yeni transferlerden Nasri ayağının tozuyla geldiği Antalya&rsquo;da teknik patronu Rıza&rsquo;ya tavır almış. Sakatım demiş, ma&ccedil;a &ccedil;ıkmamış, ertesi g&uuml;n antrenmana &ccedil;ıkmış. Eto&rsquo;o&rsquo;nun ne yaptığı zaten belli değil. Başka takıma transfer olmaya mı &ccedil;alışıyor, Antalya&rsquo;yı karıştırmaya mı? Yoksa bu kargaşa Eto&rsquo;o&rsquo;nun başının altından mı &ccedil;ıkıyor? Rıza, Eto&rsquo;o ile Nasri&rsquo;nin kaynattığı kazanın i&ccedil;ine atıldı, sonunda Antalyaspor, Rıza &Ccedil;alımbay&rsquo;ı&nbsp; ka&ccedil;ırdı.&nbsp;<br />\r\n<br />\r\n<strong>ETO&rsquo;O VE NASRİLİ ANTALYA</strong><br />\r\n<br />\r\n&nbsp;Samuel Eto&rsquo;o b&uuml;y&uuml;k futbolcu, pekala...&nbsp; Samir Nasri iyi oyuncu, ona da itiraz etmem. Peki ama bu &uuml;nl&uuml;ler Rıza &Ccedil;alımbay ile niye uğraştılar? Kellesini neden istediler? Antalyalı y&ouml;neticiler Rıza&rsquo;yı neden feda ettiler? Şimdilerde ise &uuml;nl&uuml; Capello&rsquo;nun, Brezilyalı Roberto Carlos&rsquo;un adı ge&ccedil;iyor. Turistik Antalya&rsquo;nın başına, &ouml;yle anlaşılıyor ki, uluslararası bir marka aranıyor. &Uuml;stelik elde Eto&rsquo;o var, Nasri var vb...<br />\r\nBastır parayı al oyuncuyu mantığı Antalya&rsquo;ya hakim oluyor. T&uuml;rk futbolunun hali ortada... Alamancılar olmasa d&uuml;nya liginde son sıralara aday... Antalya bug&uuml;ne kadar tek bir futbolcu yetiştirdi mi? Antalya bu gidişle k&uuml;me d&uuml;şer mi? Eto&rsquo;o&rsquo;dan sonra Antalyaspor diye bir takım kalır mı? Eto&rsquo;o&rsquo;lar, Nasri&rsquo;ler kendilerine yeni takım ararlar. Roberto Carlos vb. başka kapıları &ccedil;alarlar. Rıza&rsquo;ya ne mi olur? Kıymetini bilen &ccedil;ıkarsa bıraktığı yerden devam eder. Antalya&rsquo;ya gelince, yatıp kalkıp dua edeceği Rıza&rsquo;ya reva g&ouml;rd&uuml;ğ&uuml; muamele &ccedil;irkin. Zaman g&ouml;sterecek ama Antalyaspor manen k&uuml;me d&uuml;şt&uuml; bile</p>\r\n","hideAds":false,"createdDate":1506121493000,"updatedDate":1506121200000,"hitCount":6752,"active":true,"lastUpdaterIp":"178.233.58.148","hasEmbeddedTitle":false,"showOnHomePage":false,"currentUrl":"antalya-kume-duser-mi-cuneyt-akalin-kose-yazilari-eylul-2017"},{"id":63363,"title":"Şerif Mardin ve Nurculara kanat germenin anlamı","contentType":"CORNER_POST","coverImage":"","socialMediaImage":"","publicationDate":1505637840000,"tags":[],"spot":"","body":"<p align=\"LEFT\">Sosyolog Şerif Mardin &ouml;teki d&uuml;nyaya g&ouml;&ccedil;t&uuml;. Bu d&uuml;nyada kalanlara esaslı bir g&ouml;rev d&uuml;ş&uuml;yor; Şerif Mardin odaklı bir muhasebe yapmak. Gazeteci Taha Akyol&rsquo;un &ldquo;<em>bizde sosyal bilimlerin en b&uuml;y&uuml;k birka&ccedil; isminden biridir. D&uuml;nyada sosyal bilim &ccedil;evrelerinde onun kadar tanınmış ve onun kadar referans yapılan başka bir sosyal bilimcimiz yoktu</em>r&rdquo; ( H&uuml;rriyet, 9.2017) diye tanıttığı Şerif Mardin, Akyol&rsquo;un iddiasından farklı nedenlerle de olsa, sosyal bilimler alanında, &ouml;zel bir yer işgal ediyor. 1980&rsquo;li yıllardan itibaren &ldquo;sosyal bilimler&rdquo; d&uuml;nyamızı Prof. Şerif Mardin kadar derinden etkileyen bir başka akademisyen-yazar bulmak zordur. O nedenle, bu muhasebe &ouml;nemlidir.</p>\r\n\r\n<p>Aslında sorgulama , &ldquo;T&uuml;rkiye bu g&uuml;nlere nasıl geldi?&rdquo; &ldquo;&Uuml;niversite neden bu kadar suskun ve şaşkın?&rdquo; sorularının yanıtlarını da i&ccedil;inde barındırıyor.</p>\r\n\r\n<p>Binlerce insanın FET&Ouml; soruşturmalarında yargılandığı koşullarda Nurcuların Akamediya&rsquo;daki başlıca hamisinin devlet katında saygınlığını koruması &uuml;lkemize &ouml;zg&uuml; ilgin&ccedil; bir paradokstur. Cumhurbaşkanı Erdoğan&rsquo;ın 2016 yılında T&Uuml;BA (T&uuml;rkiye Bilimler Akademisi) &ouml;d&uuml;l&uuml;n&uuml; K&uuml;lliye&rsquo;de Mardin&rsquo;e takdim etmesi ancak &ouml;l&uuml;m&uuml;nde sessiz kalışı ile Davutoğlu&rsquo;nun cenazeyi omuzlayanlar arasında ilk sıraya yerleşmesi &uuml;zerinde ayrıca durulmalıdır. Şerif Mardin&rsquo;le ilgili her şey, akademik kisveli olsa, da &ouml;z&uuml;nde siyasal-ideolojiktir.</p>\r\n\r\n<p><strong>PROF. ŞERİF MARDİN KİM? </strong></p>\r\n\r\n<p>Sağcısıyla-solcusuyla sosyal bilimcilerin yakından tanıdığı Prof. Mardin&rsquo;i dergi okurları i&ccedil;in kısaca tanıtalım.</p>\r\n\r\n<p>1927&rsquo;de İstanbul&#39;da doğan orta &ouml;ğrenimini ABD&rsquo;de tamamlayan Mardin akademik yaşamının b&uuml;y&uuml;k b&ouml;l&uuml;m&uuml;n&uuml; de ABD&rsquo;nin iddialı &uuml;niversitelerinde ge&ccedil;irdi; Stanford &Uuml;niversitesi Siyasal Bilimler B&ouml;l&uuml;m&uuml; mezuniyetinin ardından lisans&uuml;st&uuml; eğitimini Johns Hopkins &Uuml;niversitesinde tamamladı. Zaten bir ayağı hep ABD&rsquo;de oldu. &nbsp;</p>\r\n\r\n<p>Doktorasını Stanford &Uuml;niversitesi&#39;nde Hoover Institute&#39;de &ldquo;The Young Ottoman movement: a Study in the Evolution of Turkish Political Thought in the Nineteenth century&rdquo; ( Gen&ccedil; Osmanlı Hareketi) başlıklı tezle savundu. Aynı tezin genişletilmiş halini 1962 yılında Princeton University Press&#39;ten &quot;The Genesis of The Young Ottoman Thought&quot; adıyla bastırdı. Konu &uuml;zerindeki &ccedil;alışmalarını 1964 yılında &ccedil;ıkan diğer eseri &quot;J&ouml;n T&uuml;rklerin Siyasi Fikirleri: 1895-1908&quot; ile ta&ccedil;landırdı. Bu iki &ccedil;alışma sonraki &ccedil;alışma alanını tayin etti ve T&uuml;rk Modernleşmesi sorunsalını genişleten makale &ccedil;alışmalarını s&uuml;rd&uuml;rd&uuml;.</p>\r\n\r\n<p>1954-1966 yılları arasında d&ouml;nemin liberal dergisi Forum&#39;da yazarlık yaptı.</p>\r\n\r\n<p>Ankara &Uuml;niversitesi SBF&rsquo;de 13 yıl ders verdikten sonra Boğazi&ccedil;i &Uuml;niversitesi&#39; nde İktisadi İdari Bilimler Fak&uuml;ltesi&#39;nin Dekanlığını ve Sosyoloji B&ouml;l&uuml;m&uuml; Başkanlığı yaptı (1973). Daha sonra yaklaşık 13 sene Washington&#39;daki American University&#39;de İslam Araştırmaları Merkezi Başkanlığını y&uuml;r&uuml;tt&uuml;. Sonra T&uuml;rkiye&#39;ye Sabancı &Uuml;niversitesi&#39;ne Tanzimat D&ouml;nemi T&uuml;rk D&uuml;ş&uuml;ncesi hakkındaki &ccedil;alışmalarını geliştirecek bir programın başına d&ouml;nd&uuml;. Son g&ouml;rev yeri Şehir &Uuml;niversitesi imiş. &nbsp;&Ouml;zge&ccedil;mişinde bunlar yazıyor. Bu &ouml;zge&ccedil;mişe 1994&rsquo;de Cem Boyner ve arkadaşlarının oluşturduğu Yeni Demokrasi Hareket i&ccedil;indeki girişimi de eklenmelidir. YDH girişimi, Şerif Mardin&rsquo;in a&ccedil;ık&ccedil;a taraf olduğu tek siyasal etkinlik olarak anımsanacaktır.</p>\r\n\r\n<p>Uzun yıllardan beri siyaset ve d&uuml;ş&uuml;n d&uuml;nyamızın i&ccedil;inde yer alan Şerif Mardin gen&ccedil;liğinde fazla ilgi g&ouml;rmedi. Esas y&uuml;kselişi 1980&rsquo;ler yani T&uuml;rkiye&rsquo;nin d&uuml;ş&uuml;n hayatının Evren-&Ouml;zal &ouml;nc&uuml;l&uuml;ğ&uuml;nde muhafazakarlaştırıldığı yıllardır.</p>\r\n\r\n<p>Mardin islam-islamcılık-Nurculuk-Cumhuriyet vb. gibi 20. y&uuml;zyıl T&uuml;rkiye&rsquo;sinin fay hattının &uuml;zerinde hem ABD&rsquo;de hem de T&uuml;rkiye&rsquo;de kamp kurdu. O yılları yaşayanlar bilir: Muhafazakarların en b&uuml;y&uuml;k d&uuml;ş&uuml;nsel eylemlerinden biri Bedi&uuml;zzaman adı ile tanınan Said-i Nursi&rsquo;nin meşrulaştırılması &ccedil;abalarıdır. Nurcular &ccedil;eşitli etkinlikler d&uuml;zenleyerek Bedi&uuml;zzaman&rsquo;ın ne kadar b&uuml;y&uuml;k bir d&uuml;ş&uuml;n&uuml;r olduğunu anlatmaya &ccedil;alışıyorlar, Cumhuriyet&rsquo;in olduk&ccedil;a marjinalleştirdiği Nurcular dertlerini anlatacak meraklı arıyordu.</p>\r\n\r\n<p>Nurcular, devletin &ccedil;eşitli kademelerine sızarak ardından Belediyelere y&ouml;nelerek Bedi&uuml;zzaman toplantıları d&uuml;zenlediler. Bunları &Uuml;niversitelerdeki toplantılar izledi. Şaşkın liberal medya bu eylemleri s&uuml;rekli y&uuml;celtti. &Ccedil;&uuml;nk&uuml; Nurcularla-liberaller Kemalist devlete yani Cumhuriyet&rsquo;e karşı m&uuml;cadelede el birliği i&ccedil;indeydiler. Şu kadarını hemen belirteyim: Şerif Mardin&rsquo;in Bedi&uuml;zzaman kitabı ( İletişim Yayınları) son yıllarda İdris K&uuml;&ccedil;&uuml;k&ouml;mer&rsquo;in &ldquo;D&uuml;zenin Yabancılaşması&rdquo; kitabına benzer bi&ccedil;imde sosyal bilimler alanında en &ccedil;ok &ouml;ne &ccedil;ıkartılan belli &ccedil;evrelerce bilerek y&uuml;celtilen başlıca kaynaktır.</p>\r\n\r\n<p>Nurcular Şerif Mardin&rsquo;i kalkan olarak kullandılar, Mardin&rsquo;in y&uuml;celtilmesi ka&ccedil;ınılmaz olarak Nurculuğun y&uuml;celtilmesi anlamına gelecekti.</p>\r\n\r\n<p>Şerif Mardin&rsquo;in &ldquo;Bediu&uuml;zzaman Said Nursi Olayı&rdquo; adlı kitabı, Nurcular i&ccedil;in hem bir kalkan hem bir can simidiydi. Amerika g&ouml;rm&uuml;ş, &uuml;stelik medyanın pohpohladığı modern Batılı g&ouml;r&uuml;n&uuml;ml&uuml; koskoca sosyoloji profes&ouml;r&uuml; Bezi&uuml;zzaman&rsquo;ın &uuml;zerine eğildiğine g&ouml;re, Nurculurın mesajları &ouml;nemsenmeliydi.</p>\r\n\r\n<p>Mardin kalkanı Nurcuların &ccedil;ok işine yaradı. Şerif Mardin&rsquo;in tam &uuml;&ccedil; kez reddedilen T&Uuml;BA (T&uuml;rkiye Bilimler Akademisi) &uuml;yeliği sonunda ger&ccedil;ekleşti.</p>\r\n\r\n<p>Mardin ve Nurcular o noktaya da adım adım ulaştılar. 1993&rsquo;de ODT&Uuml; Prof. Dr. Mustafa Parlar Eğitim ve Araştırma Vakfı Yılın Bilim Adamı &Ouml;d&uuml;l&uuml;n&uuml;&nbsp;alması &ouml;n&uuml;n&uuml; iyice a&ccedil;tı. Arkası geldi. Uzun yıllar i&ccedil;ine sokulmadığı T&Uuml;BA :ilim &Ouml;d&uuml;l&uuml;&rsquo;n&uuml; 2016&rsquo;da Cumhurbaşkan Erdoğan&rsquo;ın elinden K&uuml;lliye&rsquo;de aldı.</p>\r\n\r\n<p>Şerif Mardin&rsquo;in ABD ve T&uuml;rkiye ayaklı siyasal-d&uuml;ş&uuml;nsel etkinlikleri b&ouml;lleyce &ouml;zetlenebilir.</p>\r\n\r\n<p><strong>MAHALLE BASKISI MI, KEMALİZM - DEVRİM D&Uuml;ŞMANLIĞI MI? </strong></p>\r\n\r\n<p>Mardin&rsquo;in &ouml;l&uuml;m&uuml;n&uuml;n ardından gazetelerde &ccedil;ıkan yazılarda ve haberlerde Mardin&rsquo;in geliştirdiği &ldquo;Mahalle baskısı&rdquo; kavramı &ouml;ne &ccedil;ıkartıldı. &nbsp;&ldquo;Mahalle baskısı&rdquo;&nbsp;kavramı Mardin&rsquo;den geriye kalan şeylerin en masumudur.</p>\r\n\r\n<p>Şerif Mardin kaleme aldığı &ldquo;Bediuzzaman Sait Nursi Olayı&rdquo;, &ldquo;T&uuml;rk Modernleşmesi&rdquo;, &ldquo;T&uuml;rkiye, İslam ve Sek&uuml;lerleşme&rdquo; &ldquo;T&uuml;rkiye&rsquo;de Din ve Siyaset &ldquo; vb kitaplarında Cumhuriyet&rsquo;in laiklik anlayışına karşı &ccedil;ıkarak,</p>\r\n\r\n<p>&ldquo;Tarikatlara ve cemaatlere &ouml;zg&uuml;rl&uuml;k&rdquo; fikrini işlemiş, onları toplumsal sistemin i&ccedil;ine, tepesine taşımaya &ccedil;alışmıştır. T&uuml;rk toplumunu Merkez-&ccedil;evre ilişkisi i&ccedil;inde değerlendirerek, &ccedil;evreyi kollamaya &ccedil;alışmıştır. Bu yaklaşım i&ccedil;inde merkez y&ouml;neten, şekillendiren g&uuml;&ccedil;, &ccedil;evre ile y&ouml;netilen kitlelerdir. Mardin&rsquo;e g&ouml;re daha demokratik bir toplum i&ccedil;in merkezi zayıflatmak, &ccedil;evreyi g&uuml;&ccedil;lendirmek gerekir. Bu liberal-batıcı aydının Prens Sabahattin&rsquo;den beri &ouml;n&uuml;n&uuml;ze koyduğu re&ccedil;etedir. Oysa en basit bir g&ouml;zlem bile, T&uuml;rk toplumunun</p>\r\n\r\n<p>Orta&ccedil;ağın tasfiyesi ve &ccedil;ağdaşlaşma &ccedil;abalarında merkezin ne kadar can alıcı bir rol oynadığını ortay koyar.</p>\r\n\r\n<p>Bu anlamda Şerif Mardin&rsquo;i 90&rsquo;lı yıllara ve sonrasına damgasını vuran &ldquo;II. Cumhuriyet&ccedil;ilik&rdquo; dalgasının başlıca teorisyeni olarak g&ouml;rmek gerekir. Sık&ccedil;a halk lafını eden, aslında halktan t&uuml;m&uuml;yle kopuk, aristokrat k&ouml;kenli Şerif Mardin&rsquo;in Nurcuların- liberallerin d&ouml;rt elle sarıldığı d&uuml;ş&uuml;nce sisteminin temel unsurları şunlardır.</p>\r\n\r\n<p>&nbsp;</p>\r\n\r\n<p>&ndash; Şerif Mardin, Said Nursi&#39;yi abartılı tanımlamalarla g&uuml;zelleştirmekte ve akıllara durgunluk veren bir Said Nursi portresi ortaya &ccedil;ıkartmaktadır.</p>\r\n\r\n<p>&ndash; Şerif Mardin&#39;e g&ouml;re, Nursi &ouml;nemli bir entelekt&uuml;eldir.</p>\r\n\r\n<p>&ndash; Şerif Mardin&#39;e g&ouml;re, Nurculuk &ouml;rg&uuml;t/tarikat değildir; &nbsp;İslami&nbsp;sivil toplum kuruluşudur.</p>\r\n\r\n<p>&ndash; Şerif Mardin&#39;e g&ouml;re, Nurculuk İslam bağnazlığının hantallığını yok etmek istemektedir, yani bir modernleşme hareketidir. Mardin Nurculara&nbsp;<strong>&ldquo;</strong>yeni y&uuml;k&uuml;ml&uuml;l&uuml;klerini&rdquo;&nbsp;ısrarla hatırlatır: &ldquo;Manevi canlanışla ilgili bir dizi hareket,<strong>&nbsp;modernleşme&nbsp;</strong>ile paralel <strong>&nbsp;yerel k&ouml;kenlerini aşıp d&uuml;nya sahnesine adım atıyor, </strong>Nurculuğun modern akımlardan birini oluşturduğu s&ouml;ylenebilir.&rdquo;</p>\r\n\r\n<ul>\r\n\t<li>\r\n\t<p>Şerif Mardin&rsquo;e g&ouml;re laikliğin tartışılmasından korkmamak gerekir.</p>\r\n\t</li>\r\n\t<li>\r\n\t<p>&nbsp;Şerif Mardin&rsquo;e g&ouml;re Kemalizm sığ/kuru bir ideolojidir. Bu ideoloji topluma</p>\r\n\t</li>\r\n</ul>\r\n\r\n<p>iyi, g&uuml;zel, doğru hakkında hi&ccedil;bir şey vermemiştir. ( 23 Mayıs 2008 g&uuml;n&uuml;, İstanbul</p>\r\n\r\n<p>Cemal Reşit Rey Konser Salonu&rsquo;nda SORAR (Sosyal Sorunları Araştırma ve &Ccedil;&ouml;z&uuml;m Derneği) tarafından d&uuml;zenlenen gazeteci Ruşen &Ccedil;akır&rsquo;ın y&ouml;nettiği &ldquo;Prof. Şerif Mardin: Mahalle Baskısı, Ne Demek&nbsp;&ldquo; konulu toplantıdan; <a href=\"mailto:rusen@rusencakir.com\">rusen@rusencakir.com</a> )<br />\r\n&nbsp;</p>\r\n\r\n<p><strong>NURCULUK FET&Ouml;C&Uuml;L&Uuml;K</strong></p>\r\n\r\n<p>Şerif Mardin hakkında bir hesaplaşma/sorgulama ger&ccedil;ek&ccedil;i olmak durumundadır.</p>\r\n\r\n<p>Bu a&ccedil;ıdan Mardin&rsquo;in &ldquo;Bedi&uuml;zzaman&rdquo; tahlilinin &ouml;zellikle muhafazakar ve liberal &ccedil;evrelerde b&uuml;y&uuml;k bir fikri kargaşa yarattığını, b&uuml;y&uuml;k bir ideolojik kargaşaya yol a&ccedil;tığı teslim etmek gerekir. Mardin Cumhuriyet karşıtlığının fikir babasıdır.</p>\r\n\r\n<p>&nbsp;</p>\r\n\r\n<p>Yarım y&uuml;zyıla yakın devlet i&ccedil;inde gizli &ouml;rg&uuml;tlendikten sonra 15 Temmuz 2016&rsquo;da Cumhuriyet&rsquo;e karşı silahlı bir kalkışma girişiminde bulunan Fethullah G&uuml;len&rsquo;in tarikatının kaynağında Nurculuk olduğunu sağır sultan bile duydu. Soru şu; Şerif Mardin bu y&uuml;kselişin neresindeydi?</p>\r\n\r\n<p>&nbsp;</p>\r\n\r\n<p>Araştırmacı gazeteci Soner Yal&ccedil;ın&rsquo;a g&ouml;re Mardin&rsquo;in Nurculuk&rsquo;la ilgili g&ouml;r&uuml;şleri esas FET&Ouml; ile ilgilidir. Yal&ccedil;ın&rsquo;a g&ouml;re &ldquo;Şerif Mardin, Said Nursi&#39;ye methiye dizdi; ama okuyan bunun g&uuml;ndemdeki Fethullah G&uuml;len ve Cemaat &ouml;vg&uuml;s&uuml; olduğunu bal gibi biliyordu. &ldquo;Kızım sana diyorum gelinim sen anla!&rdquo;</p>\r\n\r\n<p>Şerif Mardin&#39;in alt metni G&uuml;len&#39;e meşruiyet yaratma &ccedil;abasıydı. (Mardin&rsquo;in kitabıyla) T&uuml;rkiye fikir hayatında<strong>&nbsp;modernizm&nbsp;</strong>ve<strong>&nbsp;sivil toplumculuk</strong>&nbsp;gibi benzer kavramlar FET&Ouml;&#39;y&uuml; merkeze alarak&nbsp;<strong>&ldquo;moda&rdquo;</strong>&nbsp;yapıldı. Ama&ccedil;; salt kimi k&ouml;şe yazarlarını etkilemek değil,&nbsp;<strong>cumhuriyet rejimini ikna etmekti!</strong></p>\r\n\r\n<p>Sonu&ccedil;ta,&nbsp;<strong>ABD patentli&nbsp;bu fikir kırıntısıyla&nbsp;</strong>(ve Abant Toplantıları ile) FET&Ouml;&#39;ye teorik zemin yaratıldı. Şerif Mardin&#39;in alt metni G&uuml;len&#39;e meşruiyet yaratma &ccedil;abasıydı.&rdquo; (ODATV, 2.2.2017)</p>\r\n\r\n<p>Mardin&rsquo;in kafadarları da yazarın kimliği hakkında ipu&ccedil;ları veriyor. Yukarda belirtildi, Davutoğlu&rsquo;nun cenazeye koşması bir k&uuml;&ccedil;&uuml;k rastlantı mıdır?</p>\r\n\r\n<p>Nur Cemaati&rsquo;nin yayın organı Yeni Asya gazetesinin Prof. Dr. Şerif Mardin&rsquo; i &ldquo;Bedi&uuml;zzaman i&ccedil;in bedel &ouml;dedi&rdquo; manşetiyle uğurlaması (Yeni Asya, 8.9.2017) da bir k&uuml;&ccedil;&uuml;k rastlantı mıdır? Hala Ergenekon tertibi &ouml;ncesindeki havasını s&uuml;rd&uuml;ren , her taşın altında bir &ldquo;darbeci&rdquo; bulan Yeni Asya aklımızla alay mı ediyor? Cumhurbaşkanının elinden &ouml;d&uuml;l almak mıdır bedel &ouml;demek?</p>\r\n\r\n<p>Taha Akyol Sabancı &Uuml;niversitesi&rsquo;nin Mardin&rsquo;in b&uuml;t&uuml;n yazılarını bir araya getirip yayımlamasını &ouml;neriyor. ( H&uuml;rriyet, 9 Eyl&uuml;l 2017) Aynı sıralarda</p>\r\n\r\n<p>Alman İstihbarat &Ouml;rg&uuml;tleriyle i&ccedil; i&ccedil;e Berlin&rsquo;de &ldquo;Ermeni Soykırımı&rdquo; sempozyumlarına katılmayı planlayan, Y&Ouml;K&rsquo;&uuml;n baskısı &uuml;zerine geri adam atan Sabancı &Uuml;niversitesi&rsquo;nin Şerif Mardin&rsquo;e yakınlığı &uuml;zerinde de durulmalıdır.</p>\r\n\r\n<p><strong>Sonu&ccedil;: </strong>Yukarda belirtildi. Şerif Mardin&rsquo;in &ldquo;Nurcuların &ouml;n&uuml;n&uuml; a&ccedil;an Bedi&uuml;zzaman kitabı , ne yazık ki, Akademiya&rsquo;da, d&uuml;ş&uuml;n hayatımızda son 30</p>\r\n\r\n<p>yılda &ouml;zel bir yere kondu, orada korundu. &ldquo;Cumhuriyet&rsquo;in aşırılıklarına karşı m&uuml;cadele&rdquo;, &ldquo;halktan kopukluk laiklik&rdquo; vb. arg&uuml;manlarına sarılanlar i&ccedil;in Şerif Mardin b&uuml;y&uuml;k bir kalkan oldu.</p>\r\n\r\n<p>Sonu&ccedil; ortada: İslam gibi b&uuml;y&uuml;k alimler, mutasavvuflar yetiştirmiş bir dinin &ldquo;modernleşme&rdquo; bahanesi altında FET&Ouml; gibi &ldquo;kanaat &ouml;nderleri&rdquo; ne, siyasal &ouml;nderlerin y&ouml;nlendirmesine teslim edilmesinin sonu&ccedil;ları ortadadır. Papa&rsquo;nın Vatikan&rsquo;da kabul ettiği, sığındığı Pennsylvania&rsquo;daki gecekondu g&ouml;r&uuml;n&uuml;ml&uuml; odasından sağa sola beddualar yağdıran, TC ile ABD arasındaki ilişkilerde kilit rol oynamaya &ccedil;alışan kişiyi/kişileri toplumun i&ccedil;ine salan, tepesini taşıyan aydınları T&uuml;rk toplumu iyi tanımak zorundadır.</p>\r\n\r\n<p>Akademiya&rsquo;nın kafa karışıklığının temellerini de burada aramak gerekir. Mardin&rsquo;in T&Uuml;BA&rsquo;ya &uuml;yeliğini 3 kez engelleyen değerli hocalarımızın &ouml;n&uuml; kesilirse, meydan Mardin&rsquo;lere, Mardincilere kalır. TSK&rsquo;yı &ldquo;Ergenekonculardan temizleyelim&rdquo; diyenlerle &Uuml;niversiteyi &ldquo;Kemalistlerden temizleyelim&rdquo; diyenler, aynı değişmene su taşıyorlar.</p>\r\n\r\n<p>Akademiya Cumhuriyet&rsquo;e sarılmak i&ccedil;in Şerif Mardin&rsquo;le, Mardinlerle hesaplaşmak zorundadır.</p>\r\n\r\n<p>&nbsp;</p>\r\n\r\n<p>&nbsp;</p>\r\n\r\n<p>&nbsp;</p>\r\n","hideAds":false,"createdDate":1505637870000,"updatedDate":1505637840000,"hitCount":4434,"active":true,"lastUpdaterIp":"24.133.218.229","hasEmbeddedTitle":false,"showOnHomePage":false,"currentUrl":"serif-mardin-ve-nurculara-kanat-germenin-anlami-cuneyt-akalin-kose-yazilari-eylul-2017"},{"id":54674,"title":"Arda’yı da arenayı da AKP yarattı!","contentType":"CORNER_POST","coverImage":"","socialMediaImage":"","publicationDate":1498170000000,"tags":[],"spot":"","body":"<div>D&uuml;n yaptığını bug&uuml;n inkar etmek, doğru, sağlıklı bir tutum mudur? Sağlıksız olduğu kesin de; Sonu&ccedil; doğurur mu acaba? Balık hafızalı toplumlarda doğuruyor, ne yazık ki! T&uuml;rkiye, Arda Turan ile yatıp arena ile kalkıyor. Bir zamanların altın &ccedil;ocuğu şimdilerde g&uuml;nah ke&ccedil;isi oldu. Oysa, Arda Turan bir sonu&ccedil;tur. Aslında i&ccedil;ten i&ccedil;e batıya hayranlık duyan ama ona efelenmeyi&nbsp; yaşam tarzının bir par&ccedil;ası yapan kitlelerin simgesidir Arda Turan. Arda&rsquo;yı her yerde baş tacı eden, iktidar sahipleridir. Son birka&ccedil; yılında kendinden futboldan &ccedil;ok magazin haberleri ile s&ouml;z ettiren Bayrampaşalı genci Umrelere yollayan zihniyet bellidir. Şimdilerde Arda Turan&rsquo;ı ilahlara kurban ediyorlar. Bu gen&ccedil;lere prim vaad edenler, kimlerdir? Kim doğru, kim yalan s&ouml;yl&uuml;yor? Arda Turan bir sonu&ccedil;tur, bu sonucu d&uuml;nya kapitalist sisteminin i&ccedil;inde kendine g&ouml;re muhafazakar bir yer kapmaya &ccedil;alışan AKP zihniyeti yarattı.<br />\r\n&nbsp;</div>\r\n\r\n<div><strong>ARENALAR</strong><br />\r\n&nbsp;</div>\r\n\r\n<div>Cumhuriyetin en başarılı olduğu alanlardan biri de, spordur. Evet, &ouml;yle. Ne D&uuml;nya Şampiyonluğumuz ne Avrupa birinciliğimiz var ama cumhuriyet adam gibi sporcu yetiştirdi. Yetiştirdikleri, tarihe mal oldu. Yaşar Doğu&rsquo;ları Mustafa Dağıstanlı&rsquo;ları ve &ouml;tekileri kastediyorum. Spor kul&uuml;plerini cum<br />\r\nhuriyetin ebesi II.Meşrutiyet kurdu; Sporun altyapısını&nbsp; cumhuriyet kurdu. Milli hedefler doğrultusunda kurdu. 19 Mayıs ve İn&ouml;n&uuml; (Mithatpaşa)&nbsp; gibi iki anıt stadı, yokluklar i&ccedil;inde yapıp gen&ccedil;lerin hizmetine sunan cumhuriyettir. G&uuml;n geldik devir değişti. &Ouml;nce &Ouml;zal ardından AKP başa ge&ccedil;ti. Statlar spor yapılan yerler olmaktan &ccedil;ıkartıldı, para basan, milleti birbirine d&uuml;ş&uuml;ren arenalara d&ouml;n&uuml;şt&uuml;r&uuml;ld&uuml;. Yeni yapılan statlarda (Arenalar) zengin beylere i&ccedil;li yemek servisleri yapılıyor. Localarda ne numaralar d&ouml;n&uuml;yor, hangi ihaleler bağlanıyor? AKP bildik stadları arena ucubesine d&ouml;n&uuml;şt&uuml;rd&uuml;. Şimdilerle her k&ouml;ye bir arena yapma telaşı i&ccedil;indeler. Cumhurbaşkanı arena adı &uuml;zerinden a&ccedil;tı tartışmayı ad &uuml;zerinden tartışma a&ccedil;mak yetmez. Bu zaten bir şey değiştirmez. &Ccedil;&uuml;nk&uuml; stadları ger&ccedil;ekten arenalara d&ouml;n&uuml;şt&uuml;rd&uuml;ler. Buraları yeniden spor yapılan, gen&ccedil;lerin yarıştığı, kaynaştığı, eğlendiği alanlara d&ouml;n&uuml;şt&uuml;rmek de bizlere d&uuml;ş&uuml;yor.<br />\r\n&nbsp;</div>\r\n\r\n<div><strong>&Ccedil;ARŞI&rsquo;YA &Ccedil;AĞRI</strong><br />\r\n&nbsp;</div>\r\n\r\n<div>&nbsp;Bir de &Ccedil;arşı&rsquo;ya &ccedil;ağrı. Vodafone Arena&rsquo;yı Vodafone Park yapmak yetmez. Şampiyon takımın taraftarlarına el birliği ile modernleştirilmiş stadın adını İn&ouml;n&uuml; Stadı&rsquo;na d&ouml;n&uuml;şt&uuml;rmek d&uuml;ş&uuml;yor. Neden olmasın? Kartal&rsquo;ın yanı başına Vodafone Park yakışmıyor, İn&ouml;n&uuml; Stadı &ccedil;ok yakışır.</div>\r\n","hideAds":false,"createdDate":1498170184000,"updatedDate":1498170000000,"hitCount":4222,"active":true,"lastUpdaterIp":"46.196.51.86","hasEmbeddedTitle":false,"showOnHomePage":false,"currentUrl":"arda-yi-da-arenayi-da-akp-yaratti"},{"id":54112,"title":"Şükrü Saracoğlu Kadıköy’den taşınsın","contentType":"CORNER_POST","coverImage":"","socialMediaImage":"","publicationDate":1497739800000,"tags":[],"spot":"","body":"<p>Başlık, kimilerine ters gelebilir. Ama bu talebin,&nbsp; vicdanlı bir&ccedil;ok Fenerli dahil, y&uuml;zbinlerce Kadık&ouml;yl&uuml;n&uuml;n&nbsp; talebi olduğunu&nbsp; s&ouml;ylemeliyim. Olacak şey mi bu?&nbsp; diyenlere&nbsp; bir başka&nbsp; &ouml;neri getireyim. O zaman Kadık&ouml;y&rsquo;&uuml; taşıyalım başka bir yere. Bu, b&ouml;yle&nbsp; gitmez. Fenerbah&ccedil;e&rsquo;nin ma&ccedil;larının olduğu g&uuml;n Kadık&ouml;y trafiği tam anlamıyla fel&ccedil; oluyor. Hayat adeta kesintiye uğruyor. Kadık&ouml;y denen yer, koskoca İstanbul&rsquo;un Anadolu Yakası&#39;nın başlangı&ccedil; noktası. Otob&uuml;sler, minib&uuml;sler, &ouml;zel otolar, metrolar, metrob&uuml;sler oradan yola koyuluyor. Y&uuml;zbinlerce insan Kadık&ouml;y&rsquo;de durakların, iskelelerin dibindeki &Ccedil;arşı&rsquo;ya alışverişe geliyor.&nbsp; Ma&ccedil; olunca hayat duruyor, hadi biraz yumuşatalım; kesintiye uğruyor. Ana damar tıkanıyor. Fenerbah&ccedil;e Stadı İstanbul&rsquo;un en işlek caddelerinden Bağdat Caddesi&#39;nin başlangı&ccedil; noktasında. Trafiği o noktada kesmek Kadık&ouml;y&rsquo;den Bostancı&rsquo;ya kadar b&uuml;t&uuml;n trafiği aksatıyor. &Uuml;stelik Beşiktaş Stadı&rsquo;ndaki ter&ouml;r saldırısı nedeniyle &ouml;nlemler daha da sıklaştırılınca vatandaşın işi daha da zorlaştı. Kadın-erkek, &ccedil;oluk-&ccedil;ocuk, yaşlı-gen&ccedil; y&uuml;zbinlerce insan d&uuml;ş&uuml;yor yollara. Minib&uuml;s&ccedil;&uuml;ler Kadık&ouml;y&rsquo;den Bostancı &uuml;zerinden Kızıltoprak&rsquo;a gitmek i&ccedil;in&nbsp; t&uuml;rl&uuml; cambazlıklar yapıyor. Hastası olanın vay haline. &Uuml;stelik bu işkence stada gelen birka&ccedil; bin kişinin keyfi i&ccedil;in yaşanıyor. (Bu yıl Saracoğlu&rsquo;nda ma&ccedil;ların b&uuml;y&uuml;k &ccedil;oğunluğu birka&ccedil; bin seyirci ile oynandı.)<br />\r\n<br />\r\n<strong>SORUMLU OLAN GALATASARAYLI Y&Ouml;NETİCİ</strong><br />\r\n<br />\r\nSaracoğlu Stadı&rsquo;nın yapımında bir&ccedil;ok uzman Kadık&ouml;y Belediyesi&rsquo;ni uyardı. &Uuml;stelik Belediye&rsquo;nin başında şimdi Galatasaray Kul&uuml;b&uuml;&rsquo;n&uuml;n başkan yardımcılığını yapan Cengiz &Ouml;zyal&ccedil;ın vardı. Aziz Yıldırım&rsquo;la ters d&uuml;şmeyi g&ouml;ze alamadı. Değerli&nbsp; dostlar, bu yazının Fenerbah&ccedil;e takımı ile bir ilgisi yoktur. Kentin g&ouml;beğine 50.000 kişilik stat yaparsanız b&ouml;yle olur. &Uuml;&ccedil; beş bin kişinin keyfi i&ccedil;in milyonlarca insana eziyet edersiniz. Dolmabah&ccedil;e 10 dakikada boşalıyor. Saracoğlu ma&ccedil; g&uuml;n&uuml; Kadık&ouml;y&rsquo;den başlayarak Anadolu yakasını fel&ccedil; ediyor. B&ouml;yle olmaz. Ya stat&nbsp; taşınsın başka bir yere, ya da Kadık&ouml;y...</p>\r\n","hideAds":false,"createdDate":1497739902000,"updatedDate":1497739800000,"hitCount":6737,"active":true,"lastUpdaterIp":"46.196.51.86","hasEmbeddedTitle":false,"showOnHomePage":false,"currentUrl":"sukru-saracoglu-kadikoy-den-tasinsin"},{"id":51171,"title":"Kartal’ın simgelerinden Baba Recep","contentType":"CORNER_POST","coverImage":"","socialMediaImage":"","publicationDate":1495581300000,"tags":[],"spot":"","body":"<p>Baba Recep&nbsp; ( Recep Adanır) 1950-60&rsquo;lı yıllarda&nbsp; Beşiktaş&rsquo;ın kaptanıydı.&nbsp; Bir &ouml;nceki baba&nbsp; Baba Hakkı&nbsp; (Hakkı Yeten) gidince (sahalardan ayrılınca) doğan boşluğu doldurmak ona&nbsp; d&uuml;şt&uuml;.&nbsp;&nbsp; Baba Recep Baba Hakkı&rsquo;nın&nbsp; &ouml;zene bezene yetiştirdiği kalfasıydı sanki.<br />\r\n<br />\r\n<strong>BABA HAKKI EKOL&Uuml;NDEN</strong><br />\r\n<br />\r\nBaba Hakkı başlı başına bir ekolm&uuml;ş; takımın başında sahaya &ccedil;ıkar, takımı yapar, taktiği&nbsp; verir, gol&uuml;n&uuml; atar, ma&ccedil;ın bitiminde bu kez takımın idare sorunları ile uğraşırmış. Ben kendisini (gazete sayfalarından)&nbsp; tanıdığımda sahalardan &ccedil;ekilmiş futbolu gen&ccedil;lere bırakmıştı; avukatlık yapıyordu.&nbsp; Beşiktaş &Ccedil;arşısından ge&ccedil;erken gencinin yaşlısının yol verip&nbsp; &ouml;n&uuml;n&uuml;&nbsp; iliklediği Baba Hakkı, şimdiki başkanlar gibi&nbsp; Mersedeslerle değil, otob&uuml;sle işe gidip geliyor,&nbsp; ekmeğini &ccedil;ıkarmak i&ccedil;in&nbsp; İstanbul Adliye&rsquo;sinde&nbsp; m&uuml;başir &ccedil;ağrısına kulak kabartıyordu. Beşiktaş bug&uuml;nlere&nbsp; bu insanlar sayesinde geldi. Baba Hakkı Seba&rsquo;dan da kıdemliydi, onun kaptanıydı.<br />\r\n<br />\r\n<strong>BABA RECEP</strong><br />\r\n<br />\r\nBaba Recep (Recep Adanır) Baha Hakkı&rsquo;nın yerini doldurabildi mi? Bala Hakkı&rsquo;nın yeri doldurulamaz ama bir adayın ismi &uuml;zerinde&nbsp; tartışma a&ccedil;ılsa, o&nbsp; isim kesinlikle Baba Recep&nbsp; olur.&nbsp; Baba Recep&nbsp;&nbsp; eski terimle sağ i&ccedil; mevkiinde oynardı, takımın&nbsp; hem beyni hem virt&uuml;&ouml;z&uuml; idi. Sağlam yapılıydı; aynı zamanda &ccedil;ok hareketli ve &ccedil;evikti. &Ccedil;alım ustasıydı. Mithat Paşa (İn&ouml;n&uuml;)&nbsp; Stadı&rsquo;nın&nbsp; dili olsa da anlatsa&hellip; Baba Recep&rsquo;in&nbsp; değil kart g&ouml;rmek,&nbsp; uyarı aldığını bile hatırlamıyorum.&nbsp; Oysa toplara sağlam basar, v&uuml;cudunu da bir g&uuml;zel kullanırdı. Baba Hakkı ekol&uuml;nden&nbsp; dedik ya&hellip; oyuncu ma&ccedil;a tekme atmak değil, top oynamak i&ccedil;in &ccedil;ıkınca, demek ki her şey&nbsp; daha farklı oluyor.<br />\r\n<br />\r\n<strong>BABA RECEP VE SARI-KIRMIZILI FORMA</strong><br />\r\n<br />\r\nBaba Recep BJK&rsquo;nin simge ismiydi ama hayat s&uuml;rprizlerle dolu.&nbsp; Takımı ile sorunlar yaşayınca bir-iki yıl Galatasaray formasını giydi. Metin Oktay&rsquo;ın Palermo&rsquo;ya transfer olduğu yıllardı. GS&rsquo;da bir boşluğu doldurdu&nbsp; ama o ilişki kısa s&uuml;rd&uuml;; yuvasına d&ouml;nd&uuml;. İyi de etti. Sonra, sessiz sedasız k&ouml;şesine &ccedil;ekildi. &Ouml;zge&ccedil;mişinde taşrada &ccedil;ok sayıda takını &ccedil;alıştırdığı yazılı ama hi&ccedil; kendinden s&ouml;z ettirmedi. Beşiktaş&rsquo;a Ankara&rsquo;dan gelmişti, Ankara&rsquo;ya mı d&ouml;nd&uuml; acaba? Baba Recep ahlak anıtı Baba Hakkı&rsquo;nın kalfasıydı; onun yetiştirmesi denir mi bilmem ama o ekoldendi. Beşiktaş bug&uuml;n&nbsp; &uuml;lkenin en sevilen kul&uuml;plerindense, Q7&rsquo;ler,&nbsp; Abu Bakar&rsquo;lar&nbsp; (Ebu Bekir mi?) sayesinde değil, Baba Recep&rsquo;ler sayesindedir.<br />\r\n<br />\r\n<strong>CUMHURİYET&#39;İN EVLATLARI</strong><br />\r\n<br />\r\nMuhafazakarlar&nbsp; Cumhuriyet değerlerine saldırarak iktidar oldular. Ne vaad ettiler neyi ger&ccedil;ekleştirdiler!. Her şey ortada&hellip; Cumhuriyet bug&uuml;nk&uuml; iktidar sahiplerine&nbsp; başka alanlarda olduğu gibi sporda da sağlam bir alt-yapı,&nbsp; g&uuml;&ccedil;l&uuml; kadrolar bıraktı. Siyaseti, parayı sporun i&ccedil;ine bu &ouml;l&ccedil;&uuml;de sokanlar, muhafazakar iktidarlarlardır. Baba Hakkı&rsquo;lar, Baba Recep&rsquo;ler, Metin Okyay&rsquo;lar, Lefter&rsquo;ler&nbsp; Cumhuriyet&rsquo;in &ouml;zen yetiştirdiği futbol ustaları idi.&nbsp; Şiddetin futbolla i&ccedil; i&ccedil;e ge&ccedil;mesi,&nbsp; o kuşağın yok olmasından sonradır. Baba Recep Turgay&rsquo;lı, Lefter&rsquo;li, Metin Oktay&rsquo;lı&nbsp; kuşağın simge isimlerindendi. Baba&nbsp; Recep gidince, o&nbsp; kuşaktan geriye&nbsp; Can (sinyor) Bartu kaldı. Baba Recep&rsquo;e Allahtan Rahmet diliyorum.&nbsp;</p>\r\n","hideAds":false,"createdDate":1495581471000,"updatedDate":1495581300000,"hitCount":2455,"active":true,"lastUpdaterIp":"46.196.51.86","hasEmbeddedTitle":false,"showOnHomePage":false,"currentUrl":"kartal-in-simgelerinden-baba-recep"}]},"success":true}