{"data":{"totalCount":5,"author":{"id":96,"name":"Kürşat Yıldız","image":"2019/11/27/d7d90f3e-9d76-4793-b817-eb5c4ec82398.jpg","authorType":"OLD","emailAddress":"","twitter":"","facebook":"","instagram":"","youtube":"","background":"","active":true,"socialImage":"2019/11/27/82238e24-8c83-48ea-af37-fb44b447dc86.jpg","lastPublicationDate":1493031600000,"slugUrl":"kursat-yildiz"},"contents":[{"id":47474,"title":"Eğitim düzenimizin temel sorunları","contentType":"NEWS","coverImage":"","socialMediaImage":"","publicationDate":1492988400000,"tags":[],"spot":"","body":"<p>Aydınlık&rsquo;ta yayınlanan bir haber, bir uluslararası araştırmaya g&ouml;re OECD &uuml;lkeleri i&ccedil;inde en mutsuz okul &ccedil;ocuklarının bizim &ccedil;ocuklarımız olduğunu yazıyor. Şaşırdınız mı? Ben şaşırmadım. En mutsuz velilerin ve&nbsp;&ouml;ğretmenlerin de T&uuml;rkiye&rsquo;dekiler olduğunu saptamak i&ccedil;in bence araştırma yapmaya gerek yok.</p>\r\n\r\n<p>&Uuml;stelik devlet b&uuml;t&ccedil;esinin ve hane gelirlerimizin &ccedil;ok &ouml;nemli kısmını, milyonlarca insanın enerji ve zamanının en b&uuml;y&uuml;k kısmını eğitim amacıyla harcamamıza rağmen sonu&ccedil;, tam bir hayal kırıklığıdır. Tabii ki ezici &ccedil;oğunluk i&ccedil;in. Mutlu azınlıktan şimdilik s&ouml;z etmeye değmez.</p>\r\n\r\n<p>Zaman, para ve enerji harcıyoruz da, bu konuya yeterince kafa yoruyor muyuz? Bence hayır. Bana kalırsa benzer ulusal meseleler gibi bu konuda da bir &ldquo;&uuml;st akıl&rdquo;ın &ccedil;izdiği doğrultuda akıntıya k&uuml;rek &ccedil;ekiyoruz. Millet iradesini bir şekilde ele ge&ccedil;irmiş kaptanların y&ouml;netiminde, bilim ve akıl yolundan &ccedil;oktan sapmış bir yolculuğun bu.</p>\r\n\r\n<p><strong>Yeni kuşakları eğitmek g&ouml;revi</strong></p>\r\n\r\n<p>T&uuml;rkiye İstatistik Kurumu verilerine g&ouml;re 2017 n&uuml;fusumuz 79 milyon 766 bin. T&uuml;rkiye&rsquo;de her yıl yaklaşık 1 milyon 300 bin bebek d&uuml;nyaya geliyor. En ilkelinden en uygar sayılanına kadar t&uuml;m toplumların ka&ccedil;ınılmaz g&ouml;revi, topluluğa yeni katılan bireylerin eğitimidir. Toplum yaşamının s&uuml;rd&uuml;r&uuml;lmesi ve bir arada yaşayabilmek i&ccedil;in eğitim şarttır.</p>\r\n\r\n<p>T&uuml;rkiye Cumhuriyeti&rsquo;ni kuran devrimci kadro, Cumhuriyetimizin ilelebet yaşaması i&ccedil;in yeni kuşakların nasıl eğitilmesi gerektiğine b&uuml;y&uuml;k &ouml;nem vermiştir. Bir yandan padişah&ccedil;ı ve şeriat&ccedil;ı hainlerle, &ouml;te yandan Yunan, İngiliz, Fransız, İtalyan işgal kuvvetleriyle &ouml;l&uuml;m kalım savaşı verilirken 15 Temmuz 1921&rsquo;de Ankara&rsquo;da Maarif Kongresi&rsquo;ni toplamalarının başka a&ccedil;ıklaması var mı?</p>\r\n\r\n<p>Kurtuluş Savaşı&rsquo;nı y&ouml;netip yeni bir devletin kuruluşunu da ger&ccedil;ekleştiren Milli Meclis&rsquo;in a&ccedil;ılış g&uuml;n&uuml;ne &ccedil;ocukların bayram sevinciyle sahip &ccedil;ıkıp her yıl anmasını kararlaştırmak, aynı devrimci ve uzak g&ouml;r&uuml;şl&uuml; anlayışın ifadesidir.</p>\r\n\r\n<p>Biraz da bu nedenle 23 Nisan Ulusal Egemenlik ve &Ccedil;ocuk Bayramı vesilesiyle eğitimle ilgili d&uuml;ş&uuml;ncelerimi okurlarla paylaşmak istiyorum. &Ouml;nce bir genel &ccedil;er&ccedil;eve &ccedil;izip ardışık yazılarda i&ccedil;ini doldurmaya &ccedil;alışacağım.</p>\r\n\r\n<p><strong>Eğitimde temel sorunlar</strong></p>\r\n\r\n<p>Eğitimi okul &ouml;ncesi eğitimden y&uuml;ksek&ouml;ğretime ve toplumun s&uuml;rekli eğitimine kadar bir b&uuml;t&uuml;n olarak ele almak zorundayız. Eğitim alanındaki başlıca sorunlarımızı ş&ouml;yle sıralayabiliriz:</p>\r\n\r\n<ol>\r\n\t<li>T&uuml;rkiye&rsquo;de eğitimde ama&ccedil; birliği kaybolmuştur. Yurttaşlar, eğitimciler ve devlet y&ouml;neticileri &ccedil;oğu birbirine zıt, farklı ama&ccedil;larla hareket etmektedir.</li>\r\n\t<li>1924&rsquo;te &ccedil;ıkarılan &ldquo;Eğitimin Birliği Yasası&rdquo;, yaklaşık 70 yıldır bizzat devlet y&ouml;neticileri tarafından ge&ccedil;ersiz hale getirilmiştir. Cemaat ve tarikatların eğitimdeki ağırlıkları devlet eliyle desteklenmektedir. T&uuml;rkiye&rsquo;de doğan bebekler, &ccedil;ok farklı eğitim kulvarlarından ge&ccedil;erek farklı ama&ccedil; ve y&ouml;ntemlerle eğitilmektedir. Sonu&ccedil;, milli birliğin zedelenmesi, kutuplaşma ve &ccedil;atışma tohumlarının yeşermesidir.</li>\r\n\t<li>Eğitime yol g&ouml;steren temel konulardaki devlet politikası bulanıklaşmıştır. T&uuml;rkiye Cumhuriyeti&rsquo;nin tam bağımsız, kendi g&uuml;c&uuml;ne ve &uuml;retimine dayalı, &ccedil;ağdaş uygarlık d&uuml;zeyinde, t&uuml;m yurttaşlarının k&uuml;lt&uuml;rl&uuml;, iş ve meslek sahibi oldukları bir refah toplumu olması ideali yitirilmiştir.</li>\r\n\t<li>Eğitimin y&ouml;netimi, b&uuml;y&uuml;k &ouml;l&ccedil;&uuml;de Cumhuriyetimizin kuruluş ilkeleri ve idealleriyle hesaplaşma i&ccedil;inde olanların eline ge&ccedil;miştir.</li>\r\n\t<li>Emperyal devletlerin eğitim ve istihdam politikaları, uzun yıllardır eğitimimizi etkileyen ve y&ouml;nlendiren doğrudan ve dolaylı bağlantılara sahiptir.</li>\r\n\t<li>Eğitimin sonu&ccedil;ları yalnızca sayılarla ifade edilmekte, nitelikteki d&uuml;ş&uuml;ş dikkatten ka&ccedil;ırılmaktadır. Araştırmalar her ge&ccedil;en yıl eğitimin niteliğindeki d&uuml;zey kaybını a&ccedil;ık&ccedil;a g&ouml;stermektedir.</li>\r\n\t<li>T&uuml;rkiye &uuml;st&uuml;n yetenekli bireylerini keşfedip &ouml;zel eğitimi ve istihdamını sağlamada sınıfta kalmıştır.</li>\r\n\t<li>Bunun devamı olarak araştırma, bilim ve teknoloji &uuml;retimi konusunda ciddi sorunlar yaşanmaktadır. &Uuml;niversiteler beklenen işlevlerini yerine getirememektedir.</li>\r\n\t<li>İyi yetişen az sayıda nitelikli bireyler ulusal yararlar i&ccedil;in değerlendirilememekte &nbsp;ve beyin g&ouml;&ccedil;&uuml; artarak devam etmektedir. İnsan g&uuml;c&uuml; potansiyelimizin &ldquo;kreması&rdquo;nı başka milletler ve devletler değerlendirmektedir.</li>\r\n\t<li>Eğitimin kilit konularının başında gelen &ouml;ğretmen ve &ouml;ğretim &uuml;yesi yetiştirme politikası, tam anlamıyla iflas etmiştir.</li>\r\n\t<li>Cumhuriyetimiz neredeyse 100 yaşına gelirken T&uuml;rk &ccedil;ocuklarının ciddiye alınması gereken bir kısmı eğitimden yararlanamamaktadır.&nbsp;İlk&ouml;ğretimde okullaşma oranı, kızlarda y&uuml;zde 91,2, erkeklerde y&uuml;zde 99,1&#39;tir. 860 bin &ccedil;ocuk hi&ccedil; okula gitmemektedir.&nbsp;&nbsp;Okul &ouml;ncesi eğitimden yararlanamayanların oranı %40&rsquo;tır.</li>\r\n\t<li>İ&ccedil; ve dış g&ouml;&ccedil;ler, zaten bir&ccedil;ok sorunla boğuşan eğitim sisteminin krizini derinleştirmektedir.</li>\r\n\t<li>Eğitimde adalet ve eşitlik yoktur. Temel hak ve &ouml;zg&uuml;rl&uuml;klerden biri olan eğitim, ancak bedelini &ouml;deyenlerin ulaşabildiği bir &ldquo;meta&rdquo; haline getirilmiştir. Sınavlarda hile, kayırma, partizanlık ve adaletsizlik aşırı d&uuml;zeydedir.</li>\r\n\t<li>Uygar toplumda &ldquo;beşikten mezara eğitim&rdquo; yaklaşımı temel alınmalıdır. Toplumun s&uuml;rekli eğitimi, bir kamusal hizmet olarak y&uuml;r&uuml;t&uuml;lmelidir. Aslında toplum eğitimi i&ccedil;in b&uuml;y&uuml;k bir olanak olan kitle iletişim ara&ccedil;ları, g&uuml;n&uuml;m&uuml;zde bu ama&ccedil;tan &ccedil;ok uzaktır. Siyasal ve maddi &ccedil;ıkarları ulusal ve kamu yararının &uuml;zerinde tutan medya hakimiyeti, aydınlanmaya değil yanlış bilgilendirme (dezenformasyon) ve cehaletin yayılmasına hizmet etmektedir.</li>\r\n</ol>\r\n\r\n<p><strong>Yeniden bilim ve akıl yoluna girdiğimizde</strong></p>\r\n\r\n<p>T&uuml;rkiye &ccedil;ok uzun bir s&uuml;redir bilim, akıl ve aydınlanma yolundan saptırılmış olduğu i&ccedil;in yukarıda sıralanan sorunlar, azalacağına artıyor. Ancak bunun hep b&ouml;yle gitmemesi, bir toplum ve doğa yasasıdır. Millet eninde sonunda kendi kaderini kendi eline alacaktır. Baskı altında bile her zaman kendini yenileyip yeşertmeyi başaran Cumhuriyet kuşakları, &uuml;lkenin &ldquo;mak&ucirc;s talihini&rdquo; er veya ge&ccedil; değiştirecektir.</p>\r\n\r\n<p>İşte o zaman, T&uuml;rkiye sahip olduğu b&uuml;y&uuml;k insan potansiyeli ile yeniden aydınlanmanın ışıklı yoluna girerek uygar topluluklar arasındaki yerini alacaktır.</p>\r\n\r\n<p>B&ouml;yle bir durumda &ldquo;eğitimde ne yapmalı, nereden başlamalı?&rdquo; sorusuna şimdiden yanıt aramak gerekir. Kuvvayi Milliye ordusu daha Sakarya Savaşı&rsquo;nı bile hen&uuml;z kazanmamışken Maarif Kongresi&rsquo;nin toplanması gibi. Ne dersiniz?</p>\r\n","hideAds":false,"createdDate":1492988428000,"updatedDate":1492988400000,"hitCount":9429,"active":true,"lastUpdaterIp":"85.100.121.69","hasEmbeddedTitle":false,"showOnHomePage":false,"currentUrl":"egitim-duzenimizin-temel-sorunlari-1"},{"id":41240,"title":"Akademisyenler anayasa tuzağına 'hayır' diyor","contentType":"CORNER_POST","coverImage":"","socialMediaImage":"","publicationDate":1488930300000,"tags":[],"spot":"","body":"<p>T&uuml;rkiye, kendi toprak b&uuml;t&uuml;nl&uuml;ğ&uuml;n&uuml; korumak amacıyla Suriye&rsquo;deki ateş &ccedil;emberine dalmak zorunda kaldı. Şam ve Halep&rsquo;i biliyorduk. Ama ter&ouml;r grupları arasında el değiştiren k&ouml;y ve kasabaların, irili ufaklı kentlerin isimlerini bu vesileyle &ouml;ğrendik: El Bap, Cerablus, M&uuml;mbi&ccedil;, Rakka, vb. Yoksa, akrabalık bağları ve &ouml;zel ilgisi olanların dışında, asırlardır iki adım &ouml;temizde yaşamını s&uuml;rd&uuml;ren Arap coğrafyası hakkında hi&ccedil;bir bilgimiz yoktu.</p>\r\n\r\n<p>Oysa bizde ABD eyaletlerini, Avrupa &uuml;lkelerini ve onların belli başlı kentlerini su gibi sayacak &ccedil;ok kişi bulunur. Bu paradoks &uuml;zerinde &ccedil;ok konuşmak ve tartışmak gerekir. Şimdi soframıza dayatılan Anayasa değişikliği &uuml;zerinde bir değerlendirme yapmak zorundayız.</p>\r\n\r\n<p><strong>Anayasa değişikliği kamplaşması hangi akla hizmet eder?</strong></p>\r\n\r\n<p>Ordu i&ccedil; ve dış operasyonlarda şehitler verme pahasına siper sipere m&uuml;cadele ederken, ekonomi her zamankinden daha nazik ve hassas dengeler i&ccedil;inde iken hangi mutfakta hangi aş&ccedil;ılar tarafından pişirildiğini bilmediğimiz bir Anayasa değişiklik tasarısı i&ccedil;in tartışıyor, enerji, zaman ve para harcıyoruz. Hangi akla hizmet eder? Olsa olsa &ldquo;başkalarının&rdquo; aklına.</p>\r\n\r\n<p>Yakın zamanda dayatılıp yaptırılan &ouml;nceki Anayasa değişikliklerinin &uuml;lkeyi getirdiği yerden kimse memnun değil. Yaptıranlar da memnun değil ki bir kez daha Anayasa değişikliğini g&uuml;ndeme getirdiler.</p>\r\n\r\n<p>Genel olarak &uuml;lke sorunları konusunda sessizliğini koruyan &uuml;niversiteler, bu tartışmanın dışında. &Ccedil;&uuml;nk&uuml; &uuml;lke y&ouml;neticileri &ouml;yle istiyor. Bilim, akıl ve hukukun yol g&ouml;stericiliğine gerek duyulmuyor.</p>\r\n\r\n<p>Yine de toplumu aydınlatma, uyarma ve yol g&ouml;sterme g&ouml;revini yerine getirmeye &ccedil;alışan &ccedil;ok sayıda aydın, akademisyen ve kuruluş ellerinden gelen &ccedil;abayı g&ouml;stermeye devam ediyor. Kent kent, k&ouml;y k&ouml;y dolaşıyor, bildiklerini halkla paylaşıyorlar. Belki de uzun s&uuml;redir ilk kez b&ouml;ylesi umutlu bir seferberlik yaşanıyor. Halkla buluştuk&ccedil;a umutlanıyor, umutlandık&ccedil;a yeni kesimlerle buluşmak i&ccedil;in istek duyuyorlar.</p>\r\n\r\n<p><strong>&ldquo;Partili Cumhurbaşkanlığı rejimi&rdquo; tuzağına dikkat</strong></p>\r\n\r\n<p>&nbsp;T&uuml;m &Ouml;ğretim Elemanları Derneği (T&Uuml;M&Ouml;D) İstanbul Şubesi&nbsp;de İstanbul Barosu&rsquo;nda d&uuml;zenlediği toplantıda akademisyenlerin d&uuml;ş&uuml;ncelerini &ouml;zetleyen bir a&ccedil;ıklama yaptı. Katılan bilim insanları da g&ouml;r&uuml;şlerini dile getirdiler.</p>\r\n\r\n<p>&ldquo;16 Nisan g&uuml;n&uuml; halkoyuna sunulacak olan Anayasa Değişikliği Tasarısı, T&uuml;rkiye Cumhuriyetimizin temel niteliklerini ortadan kaldırmaya y&ouml;nelik talihsiz bir girişimdir. T&uuml;rkiye Cumhuriyeti&rsquo;nin kuruluş felsefesine uygun olmayan, partili bir başkanlık rejimi getirerek &uuml;lke b&uuml;t&uuml;nl&uuml;ğ&uuml;ne zarar vermektedir.</p>\r\n\r\n<p>Milli m&uuml;cadelenin ateşi i&ccedil;inde kurulmuş, 12 Eyl&uuml;l d&ouml;nemi dışında 97 yıldır milli egemenliğin, Cumhuriyet&rsquo;in ve demokrasinin temel kurumu olarak yaşamış olan TBMM&rsquo;yi etkisizleştirmektedir. Yargı bağımsızlığı, hukuk devleti ve hukukun &uuml;st&uuml;nl&uuml;ğ&uuml; ilkelerine aykırıdır.</p>\r\n\r\n<p>Ulusal uzlaşmaya dayanmadan, teklifi getirenlerin bile bilmeden imzaladığı, milletten saklanarak, yeterince tartışılmadan, yeterince g&ouml;r&uuml;ş&uuml;lmeden, akademisyenlerin g&ouml;r&uuml;ş&uuml; alınmadan, hayır oyu vermesinden korkulan milletvekilleri kontrol altında tutularak, gizli oy ilkesi &ccedil;iğnenerek ve muhalefet eden milletvekillerine fiziki saldırılar yapılarak Meclis&rsquo;ten ge&ccedil;irilmiştir. Bu &ouml;zellikleri nedeniyle kapsam ve y&ouml;ntem olarak Anayasa&rsquo;ya aykırı bir girişimdir.</p>\r\n\r\n<p>1- Bu anayasa değişikliği, olağan&uuml;st&uuml; yetkilerle donatılmış, buna karşılık hesap sorulamayan partili bir kişiyi, T&uuml;rkiye B&uuml;y&uuml;k Millet Meclisi&rsquo;nin ve yargı erkinin &uuml;st&uuml;ne yerleştirmektedir. Milli egemenliği, parlamentonun &uuml;st&uuml;nl&uuml;ğ&uuml;n&uuml;, hukuk devletini ortadan kaldıracak bir tasarıdır.</p>\r\n\r\n<p>2- Bu değişiklikle T&uuml;rkiye&rsquo;de kamu d&uuml;zeninin kaderi artık millet iradesine ve kanunlara değil, tek kişinin iradesine bağlı kılınmaktadır. Ortaya konulan modelin benzerleri sadece baskı rejimlerinde g&ouml;r&uuml;lmektedir.</p>\r\n\r\n<p>3- &lsquo;Partili Cumhurbaşkanlığı rejimi&rsquo;nin yol a&ccedil;acağı kutuplaşma ve siyasal sarsıntı, T&uuml;rkiye&rsquo;nin toprak b&uuml;t&uuml;nl&uuml;ğ&uuml;n&uuml; ve ter&ouml;rle m&uuml;cadelesini zayıflatacaktır.</p>\r\n\r\n<p>4- Bu tasarıyla Anayasamızdaki insan hakları, yurttaş hakları ile hukuk g&uuml;venliği ortadan kaldırılmaktadır.</p>\r\n\r\n<p>&Uuml;lkesine, ulusuna ve insanlığa sadakati en y&uuml;ksek değer kabul eden yurttaşlar ve akademisyenler olarak, topluma ve gelecek nesillere sorumluluğumuz gereği,</p>\r\n\r\n<p>Ulusal birliğin temsil edildiği TBMM&rsquo;nin yerine hukuksuz bir başkanlık rejimini ortaya koyan, &uuml;lkemizi kamplaşmalara ve b&ouml;l&uuml;nmeye g&ouml;t&uuml;recek bu anayasa değişikliğine karşı toplumu uyarıyoruz. Halkımızı 16 Nisan g&uuml;n&uuml; sandığa giderek bu girişime<strong>&nbsp;&lsquo;Hayır&rsquo;&nbsp;</strong>diyerek oylarına ve &uuml;lkenin geleceğine sahip &ccedil;ıkmaya &ccedil;ağırmayı g&ouml;rev sayıyoruz.&rdquo;</p>\r\n\r\n<p>Ne dersiniz, haksızlar mı?</p>\r\n","hideAds":false,"createdDate":1488930739000,"updatedDate":1488930300000,"hitCount":1986,"active":true,"lastUpdaterIp":"95.7.175.10","hasEmbeddedTitle":false,"showOnHomePage":false,"currentUrl":"akademisyenler-anayasa-tuzagina-hayir-diyor"},{"id":35551,"title":"Çift pusulalı bir devrimci aydın","contentType":"CORNER_POST","coverImage":"","socialMediaImage":"","publicationDate":1485322440000,"tags":[],"spot":"","body":"<p>Yeni Tanzimat&ccedil;ılıkla Yeni Osmanlıcılık arasında sıkışmış bir toplumda yaşıyoruz. Oysa 20. Y&uuml;zyılın başında sosyalizm r&uuml;zgarını ardına alarak yaptığımız &uuml;&ccedil;&uuml;nc&uuml; yol denemesi başarılı olmuştu. &Ccedil;ok haklı olarak liderinin adını alan &quot;Kemalizm&quot; se&ccedil;eneği, diğer mazlum ve s&ouml;m&uuml;r&uuml;len milletlere esin kaynağı oldu.</p>\r\n\r\n<p>T&uuml;rklerin etnik temelin &ccedil;ok &ouml;tesinde modern bir devlet &ccedil;atısı altında &ouml;rg&uuml;tlenebilmesi, bu se&ccedil;enek sayesinde ger&ccedil;ekleşti. Aydınlarımız, Kemalizm&#39;in ve Cumhuriyet&#39;in başarılarının verdiği &ouml;zg&uuml;venle yeni bir toplum inşasında g&ouml;revler &uuml;stlendiler.<br />\r\nCumhuriyet&#39;in kuruluşundan itibaren temellerimize konulan har&ccedil;ta bir miktar sosyalizm olmuştur. Modern sanayinin kuruluşu, iş&ccedil;i sınıfı ve &uuml;cretlilerin yaygınlaşması, sosyalist fikir ve &ouml;rg&uuml;tlenmenin giderek g&uuml;&ccedil;lenmesi i&ccedil;in zemin oluşturdu.<br />\r\n1960&#39;lı yıllarda T&uuml;rk aydınının pusulası, &ccedil;oğunlukla Kemalizmi veya sosyalizmi g&ouml;steriyordu. Bazı &ouml;nemli aydınlar ise bu iki pusulayı birden kullanıyordu. Bilimsel sosyalizmin felsefesini ve y&ouml;ntemini T&uuml;rkiye koşullarına uygularken Kemalizmin mirasını titizlikle koruyorlardı.<br />\r\nUğur Mumcu bu aydınların &ouml;nde gelen temsilcilerindendi. G&uuml;c&uuml;n&uuml; ve cesaretini hem bilgisinden, hem de elindeki bu iki sağlam pusuladan alıyordu. Tam bağımsızlıktan yana, &ouml;zg&uuml;rl&uuml;k ve eşitlik&ccedil;i bir T&uuml;rkiye i&ccedil;in &ouml;d&uuml;ns&uuml;z bir kavgayı g&ouml;ze almıştı.</p>\r\n\r\n<p>ABD Emperyalizmi Asya&#39;daki yenilgisinin ardından bir de T&uuml;rkiye&#39;nin kaybını g&ouml;ze alamazdı. T&uuml;rkiye&#39;de bağımsızlık&ccedil;ı, sosyalizme a&ccedil;ık arayışlara tahamm&uuml;l&uuml; yoktu. Kemalizmin, &ouml;zellikle sosyalist - Kemalist ittifakının sembol isimlerini etkisizleştirmek i&ccedil;in acımasız bir plan uyguladılar. Bedri Karafakioğlu, Cavit Orhan T&uuml;tengil, &Uuml;mit Kaftancıoğlu, Bahriye &Uuml;&ccedil;ok, Muammer Aksoy, Ahmet Taner Kışlalı ve Uğur Mumcu &ouml;zenle se&ccedil;ilmiş hedeflerdi. Farklı taşeronlar kullanılarak birer birer yok edildiler.&nbsp;</p>\r\n\r\n<p>24 Ocak 1980, Uğur Mumcu&#39;nun &ouml;l&uuml;m&uuml;nden &ccedil;ok &ouml;nce T&uuml;rkiye&#39;nin &ouml;nemli bir kırılma noktası oldu. S&uuml;leyman Demirel h&uuml;k&uuml;metine dayatılan 24 Ocak ekonomik kararlarının uygulanması i&ccedil;in parlamentonun etkisi ortadan kaldırılmalıydı. 61 Anayasası ile g&uuml;vence altına alınmış temel hak ve &ouml;zg&uuml;rl&uuml;kler, &ouml;zellikle &ccedil;alışan sınıfların &ouml;rg&uuml;tl&uuml; g&uuml;c&uuml; yanında Anayasa&nbsp; ve yargı denetimi ayak bağı oluyordu. 12 Eyl&uuml;l dikta rejimine ve onun hem teknisyeni hem ideolojik lideri olarak Turgut &Ouml;zal&#39;a ihtiya&ccedil; doğdu.</p>\r\n\r\n<p>&nbsp;</p>\r\n\r\n<p>Sovyetler Birliği&#39;nin &ccedil;&ouml;kt&uuml;ğ&uuml;, ABD&#39;nin hakim olduğu tek kutuplu d&uuml;nyada bizde de sosyalist &ouml;rg&uuml;tlenmeler baskıyla dağıtılırken neoliberalizm devlet eliyle desteklendi. Kemalizmle hesaplaşmak i&ccedil;in fırsat kollayan gericiliğe de g&uuml;n doğmuştu.<br />\r\nT&uuml;rk aydını ve toplum bu ortamda iki pusulasını birden yitirdi.&nbsp;<br />\r\nUğur Mumcu bulanık havada pusulasını elinden bırakmadan son&nbsp; nefesine kadar toplumu aydınlatan bir denizfeneri olarak g&ouml;revini yaptı.</p>\r\n\r\n<p>ABD hegemonyasının dağıldığı, gelişmekte olan &uuml;lkelerin &uuml;lkelerin yeni &ccedil;ekim merkezleri oluşturduğu g&uuml;n&uuml;m&uuml;zde ise T&uuml;rkiye&#39;de aydınlar hen&uuml;z ge&ccedil;miş d&ouml;nemlerin etkisindeler. Bunun &ouml;nemli bir nedeni, neoliberal d&ouml;nemin a&ccedil;tığı yoldan ilerleyerek iktidarını adım adım pekiştiren Yeni Osmanlıcılık ise diğeri de bunun karşısında Yeni Tanzimat&ccedil;ılık dışında &ccedil;are g&ouml;remeyen aydın karartmasıdır.<br />\r\nUğur Mumcu&#39;nun eksikliğini bu nedenle daha fazla hissediyoruz. &Ouml;b&uuml;r taraftan bakılırsa, Uğur Mumcu tam da bu nedenle, eksikliğini duyalım diye katledildi.</p>\r\n\r\n<p>T&uuml;rk aydını, gen&ccedil;lik, emek&ccedil;iler ve toplum Kemalizm ve sosyalizm pusulasını eline aldığında karmaşa i&ccedil;inden ge&ccedil;erek tam bağımsız bir refah toplumu hedefine varacaktır.&nbsp;</p>\r\n\r\n<p>O zaman Uğur Mumcular i&ccedil;in &quot;Vuruldunuz ama yolumuzu aydınlatmaya devam ettiniz, unutmadık sizi&quot; denecektir.</p>\r\n\r\n<p>&nbsp;</p>\r\n","hideAds":false,"createdDate":1485322526000,"hitCount":4614,"active":true,"lastUpdaterIp":"24.133.208.75","hasEmbeddedTitle":false,"showOnHomePage":false,"currentUrl":"cift-pusulali-bir-devrimci-aydin"},{"id":34377,"title":"Üniversite anayasa tartışmalarının neresinde?","contentType":"CORNER_POST","coverImage":"","socialMediaImage":"","publicationDate":1484467800000,"tags":[],"spot":"","body":"<p>T&uuml;rkiye&rsquo;nin her biri k&ouml;rd&uuml;ğ&uuml;m olmuş sorunları karşısında &uuml;niversitelerden yeterli ses &ccedil;ıkmamasından yakınıp duruyoruz. &Uuml;lkenin bug&uuml;n&uuml; ve geleceği i&ccedil;in belirleyici &ouml;nemdeki son Anayasa değişikliği tartışmalarında da durum farklı değil.</p>\r\n\r\n<p>12 Eyl&uuml;l Amerikancı Darbesinin &uuml;r&uuml;n&uuml; olan 1982 Anayasası Prof. Dr. Orhan Aldıka&ccedil;tı&rsquo;nın makasından &ccedil;ıkmıştı. 1961 Anayasası ise d&ouml;nemin &ouml;nde gelen hukuk&ccedil;ularının ortak aklıydı. İstanbul &Uuml;niversitesi&rsquo;nin efsane rekt&ouml;r&uuml; Prof. Dr. Sıddık Sami Onar, aynı zamanda T&uuml;rkiye&rsquo;de ve d&uuml;nyada sayılı idare hukuk&ccedil;usu olarak işin başındaydı. Tarık Zafer Tunaya, H&uuml;seyin Naim Kubalı, Hıfzı Veldet Velidedeoğlu, Ragıp Sarıca, Muammer Raşit Sevig, Naci Şensoy, İsmet Giritli gibi deneyimli veya gen&ccedil; hukuk&ccedil;u akademisyenlerin g&ouml;r&uuml;şlerine başvurulmuştu.</p>\r\n\r\n<p>Enver Ziya Karal,&nbsp;Turhan Feyzioğlu, Emin Paks&uuml;t,&nbsp;Muammer Aksoy,&nbsp;Turan G&uuml;neş,&nbsp;Tarık Zafer Tunaya,&nbsp;Coşkun Kırca,&nbsp;Amil Artus,&nbsp;Doğan Avcıoğlu,&nbsp;M&uuml;nci Kapani,&nbsp;M&uuml;min K&uuml;ley,&nbsp;Ragıp Sarıca,&nbsp;Bahri Savcı,&nbsp;Celal Sait Siren,&nbsp;M&uuml;mtaz Soysal,&nbsp;Cafer T&uuml;zel,&nbsp;Hıfzı Veldet Velidedeoğlu,&nbsp;Abd&uuml;lhak Kemal Y&ouml;r&uuml;k,&nbsp;Sadık Aldoğan,&nbsp;Nurettin Ardı&ccedil;oğlu,&nbsp;Hazım Dağlı&rsquo;dan oluşan komisyondaki isimlerin &ccedil;oğu siyasi tarihimizi de iyi bilen hukuk&ccedil;ular ve akademisyenlerdi.</p>\r\n\r\n<p>Prof. Dr. Sıddık Sami Onar se&ccedil;im yoluyla işbaşına geldikten sonra keyfi ve otokratik y&ouml;netim tarzını benimseyecek iktidarlara karşı Anayasa ve İdare Hukukunda d&uuml;zenlemeler yapılması gerektiğini daha Hitler ve Nazi Partisi deneyimi yaşanmadan g&ouml;ren bir hukuk&ccedil;uydu. Oysa 1946&rsquo;da &ccedil;ok partili d&ouml;neme ge&ccedil;ilirken &ldquo;demokrasi bayramı&rdquo; sarhoşluğu i&ccedil;indeki T&uuml;rkiye, sandıktan &ccedil;ıkan diktat&ouml;rlere karşı bağışıklığa sahip değildi.</p>\r\n\r\n<p>On yıllık Demokrat Parti deneyimi, kuvvetler ayrılığı ilkesinin ne kadar yaşamsal olduğunu ortaya koydu. Aslında &ldquo;kuvvetler ayrılığı&rdquo; ilkesi yeni bir keşif değildi. Montesquieu, 400 yıl &ouml;nce iktidar zehirlenmesine karşı bir &ouml;nlem olarak ortaya atmıştı. T&uuml;rkiye&rsquo;nin bunu benimsemesi i&ccedil;in &ldquo;odunu aday g&ouml;stersem milletvekili se&ccedil;tiririm&rdquo; diyen ve Meclis grubuna &ldquo;siz isterseniz hilafeti bile geri getirebilirsiniz&rdquo; cesareti veren Menderes iktidarını yaşaması gerekmişti.</p>\r\n\r\n<p>Millik Birlik Komitesi ve 27 Mayıs devrimcileri &uuml;niversiteye ve hukuk&ccedil;ulara saygı duyup g&uuml;vendiler. Anayasa, hukuk&ccedil;ulara teslim edildi. Anayasa Mahkemesi kuruldu. Cumhuriyet Senatosu ile Millet Meclisi&rsquo;ni dengeleyecek bir organ daha oluşturuldu. Siyasi partiler Anayasal d&uuml;zenin temel unsurları olarak kabul edildi. Hak ve &ouml;zg&uuml;rl&uuml;kleri g&uuml;vence altına alan daha bir&ccedil;ok h&uuml;k&uuml;m&hellip;</p>\r\n\r\n<p>12 Mart ve 12 Eyl&uuml;l Amerikancı darbelerinin temel hedeflerinden biri de 61 Anayasası&rsquo;nı budamaktı. Son 15 yıllık y&ouml;netim bu operasyonu s&uuml;rd&uuml;r&uuml;yor.</p>\r\n\r\n<p>Bug&uuml;n iktidara h&acirc;kim olan anlayışın Anayasa hukuk&ccedil;ularına ihtiyacı yok. Hatta işlerine gelmediği i&ccedil;in onların s&ouml;ylediklerine kulakları tıkalı. Topluma dayatılan Anayasa değişiklik teklifi, ger&ccedil;ekte hukuki bir metin değil. Politik sonu&ccedil;lar elde etmeyi ve iktidarı tek elde toplayarak g&uuml;&ccedil; yoğunlaştırmayı hedeflediği a&ccedil;ık. Bunun i&ccedil;in de Anayasa hukuk&ccedil;usuna danışmak gerekmez.</p>\r\n\r\n<p>Montesquieu&rsquo;den 400 yıl sonra, iktidarın kuvvetler ayrılığı konusundaki bilimsel g&ouml;r&uuml;ş&uuml;n&uuml; ise Prof. Dr. Burhan Kuzu veciz s&ouml;zlerle anlattı: &ldquo;Oğlan bizim kız bizim, denetime ne gerek var&rdquo;.</p>\r\n\r\n<p>Anayasa değişikliği tasarısı, &uuml;lkenin ihtiya&ccedil;larını ve yakıcı&nbsp;g&uuml;ndemini hi&ccedil;e sayıyor. Birliğe en muhta&ccedil; olunan g&uuml;nlerde&nbsp;toplumu kutuplaştırıp yoruyor. &nbsp;200&nbsp;yıllık hak ve &ouml;zg&uuml;rl&uuml;k m&uuml;cadelesine ve Anayasa tarihimize ters. Cumhuriyetimizin kuruluş felsefesini ve y&ouml;netim ilkelerini tahrip ediyor. Cumhuriyet idaresinin temellerindeki sağlam vidaları 15 yıldır gevşettikten sonra t&uuml;m&uuml;yle s&ouml;k&uuml;p par&ccedil;alamayı hedefliyor. &Ccedil;ok partili yaşamın olumsuz deneyimlerini i&ccedil;ermeyen bir anlayışla dayatılıyor. Tehdit, kaba kuvvet ve şantajlarla&nbsp;&quot;yangından mal ka&ccedil;ırırcasına&quot;&nbsp;Meclis&#39;ten ge&ccedil;irilip referanduma g&ouml;t&uuml;r&uuml;lmeye &ccedil;alışıldığı &ccedil;ok a&ccedil;ık.</p>\r\n\r\n<p>Cumhuriyet&#39;i, Atat&uuml;rk ve dava arkadaşlarının emanetini, temel hak ve &ouml;zg&uuml;rl&uuml;kleri, hukuk ve adaleti savunan, ulusal birliğimizin i&ccedil; ve dış tehditlerle karşı karşıya olduğunu g&ouml;ren her yurttaş, bu gelişmelerden rahatsız. Bu gidişe dur diyecek g&uuml;&ccedil;ler biraraya geldiğinde, gerek bug&uuml;nk&uuml; Meclis g&ouml;r&uuml;şmelerinde, gerekse referandum s&uuml;recinde &ldquo;yanlış hesap Bağdat&rsquo;tan d&ouml;ner&rdquo; deyişinin haklı &ccedil;ıktığı g&ouml;r&uuml;lecektir.</p>\r\n\r\n<p>&Uuml;niversitelerin Anayasa ve &uuml;lke g&uuml;ndemindeki &ouml;nemli meselelerde sessiz kalmasının en temel nedeni, iktidarın b&ouml;yle istemesidir. Buna rağmen bildiklerini toplumla paylaşan, &ouml;zveriyle sorumluluklarını yerine getiren &ouml;ğretim elemanlarının sayısı az değil. Barolarımız, &uuml;lkemizin y&uuml;z akı. Baskı ve tehdit altında hak ve hukuk m&uuml;cadelesi veriyor. İstanbul Barosunun d&uuml;zenlediği toplantıda, baro başkanları akademisyenler coşkulu ve kalabalık bir topluluğa konuştular. Ankara Barosu ve Ankaralı akademisyenler biber gazına aldırmadan hak bildiklerini topluma s&ouml;ylemekten geri durmadılar. Hukuk&ccedil;u &ouml;ğretim &uuml;yeleri T&uuml;rkiye&rsquo;nin d&ouml;rt bir yanında irili ufaklı toplantılara yetişmeye &ccedil;alışıyorlar.</p>\r\n\r\n<p>Ama beklenti, daha fazlası ve kurumsal tavırlar. D&ouml;nemin y&ouml;neticileri, akademinin toplum sorunlarıyla ilgilenmesini, işlerine karışmak olarak g&ouml;r&uuml;yor. Eleştiriye ise hi&ccedil; tahamm&uuml;lleri yok. Basının &ccedil;oğu tembihli. İktidarın hoşuna gitmeyecek olgu ve g&ouml;r&uuml;şlere yer vermek konusunda &uuml;rkek.</p>\r\n\r\n<p>Oysa marifet, biraz da iltifata bağlı. T&uuml;rkiye&rsquo;nin aydın birikimini yabana atmamak gerek. Yeter ki değerlendirmeye niyetiniz olsun.</p>\r\n\r\n<p>Bug&uuml;n aydınlara ve T&uuml;rk &uuml;niversitelerine d&uuml;şen g&ouml;rev, yılmadan, bıkmadan halkı aydınlatmak, &ouml;rg&uuml;tl&uuml; hareket etmek ve barış, birlik ve adaletin h&uuml;k&uuml;m s&uuml;rd&uuml;ğ&uuml; gelecek g&uuml;zel g&uuml;nler i&ccedil;in &uuml;topyalarını korumaktır. Halk Cumhuriyet&rsquo;e sahip &ccedil;ıktığı ve aydınları g&ouml;reve davet ettiği zaman, Cumhuriyet ve d&uuml;nya tarihinin deneyiminden s&uuml;z&uuml;len daha g&uuml;zel bir Anayasa yapılacaktır.</p>\r\n\r\n<p>B&uuml;y&uuml;k Atat&uuml;rk ve dava arkadaşları ile Sıddık Sami Onarların kemikleri sızlamasın, huzur i&ccedil;inde yatsınlar diye&hellip;</p>\r\n\r\n<p>&nbsp;</p>\r\n","hideAds":false,"createdDate":1484468004000,"hitCount":8555,"active":true,"lastUpdaterIp":"176.240.96.14","hasEmbeddedTitle":false,"showOnHomePage":true,"currentUrl":"universite-anayasa-tartismalarinin-neresinde"},{"id":32548,"title":"Bilimsel gelişmenin anahtarı bağımsızlık","contentType":"CORNER_POST","coverImage":"","socialMediaImage":"","publicationDate":1483338000000,"tags":[],"spot":"","body":"<p>&ldquo;Biz, ilhamlarımızı, g&ouml;kten ve gaipten değil, doğrudan doğruya yaşamdan almış bulunuyoruz&rdquo; Mustafa Kemal Atat&uuml;rk, 1 Kasım 1937</p>\r\n\r\n<p>Anıtkabir&rsquo;i ziyaret ederken &ldquo;sap sap dikilmek&rdquo; yerine b&uuml;y&uuml;k lideri anlamaya &ccedil;alışan yurttaşlar, bu &ouml;nemli binayı, belgeleri ve bıraktığı eserleri alıcı g&ouml;zle inceler. &Ccedil;&uuml;nk&uuml; Anıtkabir, yalnız b&uuml;y&uuml;k Atat&uuml;rk&rsquo;&uuml;n aziz naaşının bulunduğu yer değil, kurduğu Cumhuriyet&rsquo;in temel niteliklerini yansıtan bir mek&acirc;ndır.</p>\r\n\r\n<p>İnkılap Kulesi&rsquo;ni ziyaret ederken kafalarını kaldırıp tavanı inceleyenler, alın kısmında &ccedil;epe&ccedil;evre taşa oyulmuş halde bu yazının girişinde alıntı yaptığım c&uuml;mleyi okur. Atat&uuml;rk, Meclis&rsquo;in a&ccedil;ılışında CHP&rsquo;nin &ldquo;Altı ok&rdquo; programını anlatırken devlet i&ccedil;in de yolg&ouml;sterici kabul edilen ilkelerin kutsal kitaplardaki gibi değişmez olmadığını bu veciz s&ouml;zlerle vurgulamıştır. Bu s&ouml;zlerin devamı O&rsquo;nu anlamak isteyenler i&ccedil;in &ccedil;ok &ouml;nemlidir: &ldquo;Bizim yolumuzu &ccedil;izen, i&ccedil;inde yaşadığımız yurt; bağrından &ccedil;ıktığımız T&uuml;rk ulusu ve bir de, uluslar tarihinin binbir acıklı olay ve sıkıntı ile dolu yapraklarından &ccedil;ıkardığımız sonu&ccedil;lardır.&rdquo;</p>\r\n\r\n<p>Bu iki c&uuml;mleyi ardarda eklediğinizde varacağınız y&ouml;ntemin adı &ldquo;tarihsel maddecilik&rdquo;tir. T&uuml;rkiye Cumhuriyeti bilimi rehber alıp aydınlanma ve gelişme yoluna girmiştir. Bir&ccedil;ok &uuml;lkenin y&uuml;zyıllar i&ccedil;inde ger&ccedil;ekleştirdiği gelişim aşamalarını 15 yıla sığdırdıysa da bu noktaya bir anda gelmediği a&ccedil;ıktır.</p>\r\n\r\n<p>Bilimsel gelişmemizin, sanayileşmemizin, k&uuml;lt&uuml;rel sı&ccedil;ramaların temel anahtarı, bağımsızlık kavgası i&ccedil;in &ldquo;Ya İstiklal, ya &ouml;l&uuml;m&rdquo; şiarıyla Samsun&rsquo;a &ccedil;ıkmaktı. Olağan&uuml;st&uuml; bir &ccedil;abayla savaşıp işgalcileri birer birer kovalayıp Lozan&rsquo;da herkese kabul ettirdiğimiz bağımsız bir T&uuml;rk devleti kurduk. Ama bağımsız bir devlet kurmakla yetinemezdik. Ancak bir Cumhuriyet idaresiyle bu devleti ayakta tutabilirdik. Anadolu gibi jeostratejik bir noktada Cumhuriyet&rsquo;i ilelebet yaşatmak i&ccedil;in modern ve g&uuml;&ccedil;l&uuml; bir devlete, sosyal ve k&uuml;lt&uuml;rel y&ouml;nden gelişmiş bir topluma sahip olmak gerekliydi.</p>\r\n\r\n<p>Bunun i&ccedil;in savunma sanayisi şarttı. Ama yetmezdi.Tarımda, ekonomide tam bağımsızlık olmadan Cumhuriyet ayakta duramazdı. 1929 Bunalımı bizi devlet&ccedil;ilik ve planlı ekonomiye zorladı. Krizi Sovyet dostluğunun desteğiyle ger&ccedil;ekleştirdiğimiz sanayileşme yatırımlarıyla g&ouml;ğ&uuml;sledik. Sanayileşmek i&ccedil;in bilimin ışığına muhta&ccedil;tık. Yeni ve modern T&uuml;rk toplumu,Tevfik Fikret gibi &ldquo;fikri h&uuml;r, vicdanı h&uuml;r, irfanı h&uuml;r&rdquo; yurttaşlardan oluşacaktı. 1933&rsquo;te de &Uuml;niversite reformunu yaptık.</p>\r\n\r\n<p>Bug&uuml;n de durum farklı değil. Bağımsız yaşamak isteyen devletler bilime mecburdur. K&uuml;ba, ABD ve Batı&rsquo;nın ambargosuna rağmen, h&uuml;r ve bağımsız yaşamak i&ccedil;in bilime ve sosyalizme sarıldı. &Ouml;zellikle sağlık alanında ekonomik g&uuml;c&uuml;yle karşılaştırıldığında inanılması g&uuml;&ccedil; bilimsel gelişmelere imza attı. &Ccedil;in, Hindistan ve İran ekonomilerini geliştirirken aynı zamanda bilim d&uuml;nyasında da giderek ağırlıklarını hissettiriyorlar.</p>\r\n\r\n<p>Yalnızca ithalata dayalı &uuml;retim yapıp ucuza satarak, dış bor&ccedil;la i&ccedil; t&uuml;ketimi genişletip &uuml;lkenin b&uuml;y&uuml;d&uuml;ğ&uuml;n&uuml; zannedenlerin bilime ihtiya&ccedil;ları yok. Petrol zengini &uuml;lkelerin mali desteğiyle, turizm gelirleriyle ekonominin &ccedil;arkını sonsuza dek &ccedil;evireceklerini d&uuml;ş&uuml;nenler i&ccedil;in, bilgi yalnızca parasını verip satın alacakları bir metadan başka bir anlam ifade etmiyor.</p>\r\n\r\n<p>Aslında uzunca bir s&uuml;redir T&uuml;rkiye&rsquo;de uygulanan bilim politikası, akademik yaşamda ilerlemek isteyen yeteneklerin bireysel teşvikinden ibarettir. &ldquo;K&uuml;&ccedil;&uuml;k Amerika modeli&rdquo; olan bu politika, yayın yapmayı, puan toplamayı, akademik kadrolarda ilerlemek, daha iyi araştırma ve refah koşulları elde etmek i&ccedil;in &ldquo;CV&rdquo; denilen &ouml;zge&ccedil;mişini i&ccedil;eren dosyasını kabartmayı gerektirir. Bilimsel araştırma, bu durumda &ccedil;oğu zaman bir ama&ccedil; değil ara&ccedil;tır.</p>\r\n\r\n<p>Yabancı dil eğitiminin yaygınlaştırılması, yabancı bilimsel yayınların yakın takibi, bilimsel kongrelere katılımın teşviki bu politikanın devamıdır. T&uuml;rk akademisi Batılı bilim merkezlerinin taklit&ccedil;isi, daha kibar ifade edeceksek takip&ccedil;isi durumundadır.</p>\r\n\r\n<p>End&uuml;strinin kısmı katkısı, T&Uuml;BİTAK, DPT, &Uuml;niversite b&uuml;t&ccedil;eleri gibi kaynaklar ve AB fonları ile desteklenen bilim ve teknoloji politikasıyla bazı sonu&ccedil;lar elde edildiği g&ouml;rmezden gelinemez.</p>\r\n\r\n<p>Ama bu sonu&ccedil;lar, bireysel, ge&ccedil;ici veya kısmi başarılardan ibarettir. Bilimi ger&ccedil;ek yol g&ouml;sterici olarak benimseyen bir devlet politikası olmaksızın kurumsal, s&uuml;rekli ve yaygın bir gelişme sağlanamaz. Bilimi rehber edinmeyenler, kendi ayakları &uuml;zerinde duran, &ouml;zg&uuml;c&uuml;ne g&uuml;venen bir ekonomi, devlet, ordu ve toplumu kurup yaşatamaz.</p>\r\n\r\n<p>G&uuml;n&uuml;m&uuml;zde T&uuml;rkiye&rsquo;nin modernleşmesinin laiklikle başladığını zanneden ve bilimdeki gerilemenin faturasını İslam&rsquo;ın etkisine kesenler &ccedil;ok. Onlar ne yazık ki tam bağımsızlık ile bilim politikaları arasındaki doğru bağlantıyı g&ouml;rmezden gelebiliyor. Bu sabit fikirin bu derece rağbet g&ouml;rmesinin bir nedeni de, Doğu&rsquo;yu ve İslam dinini benimseyen toplumları geri kalmaya mahkum g&ouml;ren oryantalist fikirlerin ideolojik hakimiyetidir. &Ccedil;in, Hindistan ve İran&rsquo;daki gelişmeler bu tezin yanlış olduğu kanıtlamış bulunuyor. Ama &ldquo;sabit fikirleri değiştirmek atomu par&ccedil;alamaktan zordur&rdquo;.</p>\r\n\r\n<p>T&uuml;rkiye Cumhuriyeti&rsquo;nin 30&rsquo;lu yıllarda laiklik ve aydınlanma yoluna girişi, Atat&uuml;rk ve lider kadronun Batıyı taklit etme, Fransız modelini benimseme hevesine değil &ldquo;i&ccedil;inde yaşadığı yurt; bağrından &ccedil;ıktığı T&uuml;rk ulusu ve bir de, uluslar tarihinin bin bir acıklı olay ve sıkıntı ile dolu yapraklarından &ccedil;ıkardığı sonu&ccedil;lar&rdquo;ın zorunlu kabul&uuml;ne dayanır. Bilim, eğitim ve &uuml;niversite alanındaki atılımlarımızın kaynağı budur.</p>\r\n\r\n<p>İkinci D&uuml;nya Savaşı&rsquo;nın ardından kademe kademe ulusal egemenliğin Batılı emperyalistlere devredilmesi, tam tersi bir evrilmeyle sonu&ccedil;lanmıştır. &ldquo;Bağımsızlık ve &ouml;zg&uuml;rl&uuml;k benim karakterimdir&rdquo; diyebilen bir y&ouml;netim tarzını terkedenlerin bilimin rehberliğine de ihtiya&ccedil;ları kalmamıştır. Okul, &uuml;niversite ve akademisyen sayısı bin kat artsa da elde edilen bilimsel &uuml;retim akıl, vicdan ve izan sahibi herkes i&ccedil;in b&uuml;y&uuml;k bir hayal kırıklığıdır.</p>\r\n\r\n<p>T&uuml;rk akademisinin suskunluğunun temelinde de &uuml;retimdeki bu kuraklık ve kısırlık yatıyor. Bu gidişi tersine &ccedil;evirmenin yolu, &ldquo;Ya İstiklal, ya &ouml;l&uuml;m&rdquo; ruhuyla yeniden Samsun&rsquo;a &ccedil;ıkmayı g&ouml;ze almakla başlar. T&uuml;rkiye ve T&uuml;rk aydınları y&uuml;z yıl sonra bir kez daha aynı kavşak noktasına gelmiş g&ouml;r&uuml;n&uuml;yor.</p>\r\n\r\n<p>Mazlum milletlerin aydınları ve akademisyenleriyle g&uuml;&ccedil;birliği yapan T&uuml;rk akademisi bu atılımı yapabilecek gizilg&uuml;ce sahiptir. Batıdaki merkezlerde g&ouml;rev yapan bilim insanlarımız da bilimsel d&uuml;ş&uuml;ncenin toplumun ilerlemesi i&ccedil;in rehber olarak kullanıldığı bir T&uuml;rkiye&rsquo;nin gelişimine &ouml;nemli katkıda bulunacaklardır.</p>\r\n\r\n<p>Bu umutlarla bilim ve eğitim emek&ccedil;ileri ile sevgili &ouml;ğrencilerimiz başta olmak &uuml;zere herkesin yeni yılını kutluyorum.</p>\r\n\r\n<p>Not: Yılbaşı gecesi &ccedil;ok sayıda insanın yaşamını yitirmesine ve yaralanmasına yol a&ccedil;an hain saldırıyı lanetliyorum. &Ouml;lenler i&ccedil;in başsağlığı, yaralılar i&ccedil;in acil şifa diliyorum. Ter&ouml;r &ouml;rg&uuml;tlerinin ve destek&ccedil;ilerinin T&uuml;rk toplumuna diz &ccedil;&ouml;kt&uuml;remeyeceğine y&uuml;rekten inanıyorum.</p>\r\n\r\n<p>&nbsp;</p>\r\n","hideAds":false,"createdDate":1483338212000,"updatedDate":1483338872000,"hitCount":3551,"active":true,"lastUpdaterIp":"78.182.86.187","hasEmbeddedTitle":false,"showOnHomePage":false,"currentUrl":"bilimsel-gelismenin-anahtari-bagimsizlik"}]},"success":true}