{"data":{"totalCount":4,"author":{"id":115,"name":"Aleksandr Dugin","image":"2019/11/27/e8fda6a0-5b0f-4622-9119-14a13cdaef05.jpg","authorType":"NEWSPAPER","emailAddress":"","twitter":"","facebook":"","instagram":"","youtube":"","background":"","active":true,"socialImage":"2019/11/27/1392b39d-8ef1-4549-a212-fa10882b5bf9.jpg","lastPublicationDate":1603736614075,"slugUrl":"aleksandr-dugin"},"contents":[{"id":221713,"title":"ABD'deki seçim değil iç savaşın ilk aşaması","contentType":"CORNER_POST","coverImage":"","coverCode":"","publicationDate":1603753200000,"tags":[],"intro":"","spot":"Bu artık sadece seçim kampanyası değil. Bu, tam teşekküllü bir iç savaşın ilk aşamasıdır! İki Amerika birbiriyle çarpışıyor: İki ideoloji, iki demokrasi, iki özgürlük, iki kimlik, iki karşılıklı olarak birbirini dışlayan değer sistemi, iki siyaset, iki ekonomi ve iki jeopolitik.","body":"<h3>AMERİKAN ELİTLERİNİN YÜZYILLIK KONSENSÜSÜ</h3><p><span style=\"color: rgb(51, 51, 51);\">\"Amerikan seçimlerinin jeopolitiği\" ifadesi, kulağa çok sıra dışı ve beklenmedik geliyor. Yirminci yüzyılın otuzlu yıllarından bu yana, iki ana Amerikan partisi (\"kırmızı\" Cumhuriyetçiler (Büyük Eski Parti - \"GOP\") ve \"mavi\" Demokratlar) arasındaki rekabet, her iki tarafın da kabul ettiği temel politika, ideoloji ve jeopolitik ilkelere dayanıyordu. Amerika Birleşik Devletleri'nin siyasal seçkinleri derin bir fikir birliğine dayanıyorlardı: her şeyden önce kapitalizme, liberalizme ve Amerika Birleşik Devletleri'nin Batı dünyasının baştaki gücü olma fikrine sadıklardı. \"Cumhuriyetçiler\" ya da \"Demokratlar\" ile ilgilenip ilgilenmemize bakılmaksızın, dünya düzenine bakış açılarının neredeyse aynı, yani </span></p><p><em style=\"color: rgb(51, 51, 51);\">- küreselci,</em></p><p><em style=\"color: rgb(51, 51, 51);\">- liberal,&nbsp;</em></p><p><em style=\"color: rgb(51, 51, 51);\">- tek kutuplu,&nbsp;</em></p><p><em style=\"color: rgb(51, 51, 51);\">- Atlantikçi ve</em></p><p><em style=\"color: rgb(51, 51, 51);\">- Amerikan merkezli</em><span style=\"color: rgb(51, 51, 51);\"> olduğundan emin olabiliriz.</span></p><p><span style=\"color: rgb(51, 51, 51);\">Bu birlik kurumsal ifadesini Dış İlişkiler Konseyi'nde almıştır (CFR - Council on Foreign Relations). Bu Konsey, Birinci Dünya Savaşı'nın sonuçlarına göre, Versailles anlaşmasının imzalandığı zaman oluştu ve iki partinin temsilcilerini bir araya getirdi. CFR'nin rolü sürekli olarak büyüdü ve İkinci Dünya Savaşı'ndan sonra yükselen küreselciliğin ana merkezi oldu. Soğuk Savaş'ın ilk aşamalarında CFR, Aydınlanma çağının ortak değerleri temelinde SSCB ile sistemlerin yakınsamasına izin verdi. Ancak, sosyalist kampın keskin bir şekilde zayıflaması ve Gorbaçov'un ihaneti nedeniyle, \"yakınsamaya\" gerek kalmadı ve küresel dünyanın inşası, Soğuk Savaş'ı kazanan tek bir kutbun eline geçti.&nbsp;</span></p><p><span style=\"color: rgb(51, 51, 51);\">Küreselciler ve CFR için yirminci yüzyılın doksanlı yılların başlangıcı, tam bir zafer anı oldu. Bu noktadan sonra, parti üyeliğinden bağımsız olarak Amerikan elitlerinin konsensüsü daha da güçlendi ve Bill Clinton, George W. Bush ya da Barack Obama'nın politikaları, en azından dış politikanın temel konuları ve küreselci gündeme olan bağlılıkları, pratikte farklı değildi. Küreselcilerin (esas olarak Demokratlar tarafından temsil edilir) \"sağcı\" analoğu Cumhuriyetçilerin başına, 1980'lerde paleo-muhafazakârları (</span><em style=\"color: rgb(51, 51, 51);\">paleoconservatives</em><span style=\"color: rgb(51, 51, 51);\">) deviren neo-muhafazakarlar (</span><em style=\"color: rgb(51, 51, 51);\">neoconservatives</em><span style=\"color: rgb(51, 51, 51);\">) geçti, ki paleo-muhafazakârlar izolasyonist gelenekleri izliyor ve Cumhuriyetçi partinin özelliği olan muhafazakar değerlere sadık kalıyorlardı. Bu, yirminci yüzyılın başlarında ve Amerikan tarihinin daha önceki aşamalarında Cumhuriyetçi partinin bir özelliğiydi.</span></p><p><span style=\"color: rgb(51, 51, 51);\">Evet, Demokratlar ve Cumhuriyetçiler vergi politikalarında, tıp ve sigorta konularında birbirleriyle aynı fikirde değillerdi (burada Demokratlar ekonomik olarak soldaydı Cumhuriyetçiler ise sağda), ancak bu hiçbir şekilde, ya da neredeyse hiçbir şekilde iç siyasetin ana vektörlerini etkileyen bir anlaşmazlık değildi. Dış siyaseti ise hiç etkilemiyordu. Başka bir deyişle, ABD seçimlerinin jeopolitik önemi yoktu ve bu nedenle \"Amerikan seçimlerinin Jeopolitiği\" gibi bir ifade, anlamsızlığı ve içeriği boş olması nedeniyle kullanılmadı.</span></p><h3>TRUMP KONSENSÜSÜ BOZUYOR</h3><p><span style=\"color: rgb(51, 51, 51);\">Her şey mevcut ABD Başkanı Donald Trump'ın beklenmedik bir şekilde 2016 yılında iktidara gelmesiyle değişti. Amerika'da onun gelişi tamamen olağanüstü bir şeydi. Trump'ın seçim kamanyası, küreselciliğe ve Amerikan elitlerine yönelik eleştiriler üzerine inşa edilmişti. Başka bir deyişle Trump, Cumhuriyetçi partisinin neo-muhafazakar kanadı da dahil olmak üzere iki partili konsensüsa doğrudan meydan okudu ve…. kazandı. Elbette, Trump'ın 4 yıllık başkanlığı, Amerikan politikasını bu kadar beklenmedik bir şekilde tamamen elden geçirmenin imkansız olduğunu gösterdi ve Trump, neo-muhafazakar John Bolton'u Ulusal Güvenlik Danışmanı olarak ataması da dahil olmak üzere birçok taviz vermek zorunda kaldı. Ama ne olursa olsun, en azından kısmen de olsa kendi çizgisini takip etmeye çalışıyordu ve bu küreselcileri öfkelendiriyordu. Böylece Trump, iki ana Amerikan partisi arasındaki ilişkilerin yapısını önemli ölçüde değiştirdi. Onun yönetiminde Cumhuriyetçiler, erken GOP'un karakteristik özelliği olan Amerikan milliyetçiliğine geri döndüler, bu nedenle \"America first! \" veya \"Let’s make America great again!\" sloganları ortaya çıktı. Bu, Trump ile Hillary Clinton arasındaki rekabetten başlayarak, aslında Trump'a ve onu destekleyen herkese gerçek bir savaş (siyasi, ideolojik, medya, ekonomik vb.) ilan eden Demokratların radikalleşmesine neden oldu. 4 yıldır bu savaş bir an bile durmadı ve bugün, yeni seçimlerin arifesinde, doruk noktasına ulaştı. Bu şuralarda kendini gösterdi:&nbsp;</span></p><ul><li>sosyal sistemin geniş bir şekilde istikrarsızlaşmasında,&nbsp;</li><li>Büyük ABD şehirlerinde aşırılık yanlısı unsurların ayaklanmasında (Demokrat Partisinin neredeyse açık bir şekilde Trump karşıtı güçlere desteğiyle),</li><li>Trump ve destekçilerinin doğrudan şeytanlaştırılmasında. Biden'in zaferi durumunda, Trump’ın destekçilerini, hangi konumda olurlarsa olsunlar, arındırmakla tehdit ediyorlar.</li><li>Trump'ı ve tüm Amerikan vatanseverleri ve milliyetçileri faşizmle suçlamada,</li><li>Trump'ı dış güçlerin bir ajanı olarak sunma girişimlerinde (her şeyden önce Vladimir Putin’in ajanı olarak) – vb.</li></ul><p><span style=\"color: rgb(51, 51, 51);\">Tüm Amerikan toplumunun keskin bir kutuplaşmasına yol açan bir partiler arası çatışma ortaya çıktı. Cumhuriyetçilerin içinde de, özellikle de neo-muhafazakarların bir kısmı Trump'a karşı çıktı (örneğin, neo-muhafazakarların baş ideologları Bill Kristol gibi). Ve bugün, 2020 sonbaharında, dinmeyen Covid-19 salgını ve bununla bağlantılı sosyal ve ekonomik sonuçların arka planında seçim yarışı, Versailles’da Woodrow Wilson'un 14 Küreselci Maddesiyle ve CFR'nin kurulmasıyla başlayan ve Amerika tarihinde son 100 yıldır süren seçim yarışından farklı. </span></p><h3>90'LI YILLAR: KÜRESELCİLERİN ZAFER ANI</h3><p><span style=\"color: rgb(51, 51, 51);\">Elbette, Amerikan elitlerinin küreselci konsensüsünü bozup, ABD'yi tam teşekküllü bir İç Savaşın eşiğine getiren şahsen Donald Trump değildi. Trump, 2000'lerin başından beri derin jeopolitik süreçlerin bir belirtisi haline geldi.</span></p><p><span style=\"color: rgb(51, 51, 51);\">Yirminci yüzyılın 90'larında küreselleşme doruk noktasına ulaştı, Sovyet kampı harabeye döndü, ABD'nin ajanları doğrudan Rusya'nın yönetiminde yer alıyorlardı ve Çin kapitalist sistemi itaatkâr bir şekilde kopyalamaya yeni başlıyordu ve bunların hepsi \"tarihin sonu\"nun geldiği yanılsamasını yarattı (F. Fukuyama ). Yalnızca CIA, Suudi Arabistan ve diğer Körfez ülkelerindeki ABD müttefikleri tarafından kontrol edilen İslami radikallerin sınır ötesi yapıları ve kendi başlarına büyük tehdit oluşturmayan Şii İran ve hala komünist Kuzey Kore gibi bazı \"rogue States\" küreselleşmeye açıkça karşı çıktı. Öyle görünüyordu ki, sanki küreselciliğin egemenliği tamdı, liberalizm tüm toplumlara boyun eğdiren tek ideoloji, kapitalizm ise tek ekonomik sistem olarak kalmışlardı. Dünya hükümetinin ilanına (bu küreselcilerin hedefi ve özellikle CFR stratejisinin doruk noktasıdır) bir adım kalmıştı.</span></p><h3>ÇOK KUTUPLULUĞUN İLK İŞARETLERİ</h3><p><span style=\"color: rgb(51, 51, 51);\">Ancak 2000'lerin başından beri bir şeyler ters gitti. Putin, Rusya'nın çöküşünü ve daha da kötüye gitmesini durdurdu. Rusya’nın dünya arenasından nihai olarak ortadan kalkması küreselcilerin zaferi için gerekli bir koşuldu. Egemenliği yeniden kurma yoluna giren Rusya, 20 yıl içinde uzun bir yol kat etti, dünya siyasetinin en önemli kutuplarından biri haline geldi, elbette SSCB'nin ve sosyalist kampın gücünden birkaç kat güçsüz, ancak 90'larda olduğu gibi artık Batı'ya kölece itaat etmiyor.&nbsp;</span></p><p><span style=\"color: rgb(51, 51, 51);\">Buna paralel olarak Çin, ekonomik liberalleşmeyle silahlanarak, siyasi gücü Komünist Partinin elinde tuttu, SSCB'nin kaderinden, çöküşünden, kaosundan, liberal standartlara göre “demokratikleşmeden” kaçındı ve aşama aşama ABD ile kıyaslanabilecek en büyük ekonomik güç haline geldi.</span></p><p><span style=\"color: rgb(51, 51, 51);\">Başka bir deyişle, Batı ile (ABD ve NATO ülkeleri) birlikte en az iki oldukça ağır ve önemli kutbu olan (Putin'in Rusya'sı ve Çin) çok kutuplu bir dünya düzeni için ön koşullar vardı. Ve dahası, liberal küreselci Batı ile birlikte, güçlerinde büyüyen kutuplara dayanan diğer uygarlık türlerinin - komünist Çin ve muhafazakâr Rusya'nın - gittikçe yükseldiği bu alternatif dünya resmi daha açık bir şekilde ortaya çıktı. Kapitalizmin ve liberalizmin unsurları iki yerde de mevcuttur. Bu henüz gerçek bir ideolojik alternatif değil, karşı hegemonya da değil (Gramsci 'ye göre), ama yine de hiç değilse bir şey. Tam anlamıyla çok kutuplu hale gelmeden, 2000'lerde dünya açıkça tek kutuplu olmaktan da çıktı. Küreselleşme, amaçladığı yörüngeden saparak tökezlemeye başladı. Buna Amerika Birleşik Devletleri ile Batı Avrupa arasında ortaya çıkan bölünme eşlik etti. Buna ek olarak, Batı ülkelerinde liberal küreselci elitlerin hegemonyasına karşı toplumun artan hoşnutsuzluğunu gösteren sağ ve sol popülizmin yükselişi başladı. İslam dünyası da İslami değerler için sürdürdüğü mücadeleyi durdurmadı, ancak köktencilikle (şu ya da bu şekilde küreselciler tarafından kontrol edilen) sıkı bir şekilde özdeşleşmekten vazgeçti ve daha net jeopolitik biçimler almaya başladı:&nbsp;</span></p><ul><li>Ortadoğu'da Şiiliğin yükselişi (İran, Irak, Lübnan, kısmen Suriye),&nbsp;</li><li>ABD ve NATO ile çatışmalara varana kadar, Erdoğan’ın Sünni Türkiye’sinin bağımsızlığının büyümesi,</li><li><span style=\"color: rgb(51, 51, 51);\">Körfez ülkelerinin Batı ile diğer güç merkezleri (Rusya, Çin) arasında git-gelleri ve vb.</span></li></ul><h3>TRUMP'IN ANI: BÜYÜK DÖNÜŞ</h3><p><span style=\"color: rgb(51, 51, 51);\">Donald Trump'ın kazandığı 2016 ABD seçimleri, bu bağlamda, küreselleşmenin ve buna bağlı olarak iktidardaki küresel elitlerin ciddi bir kriz döneminde gerçekleşti.</span></p><p><span style=\"color: rgb(51, 51, 51);\">Tam da o zaman, liberal konsensüsün arka planından yeni bir güç kendini ilan etti: iktidardaki küreselci elitlerle kendisini özdeşleştiremeyen Amerikan toplumunun bir kısmı. Trump'ın desteği, küreselleşme stratejisine (hem Demokrat hem Cumhuriyetçi) güvensizlik oyu haline geldi. Böylelikle, bölünme tek kutuplu dünyanın kalesinde, küreselleşmenin karargâhında ortaya çıktı. Aşağılama birikintisinin altından onlar gözüktü: \"deplorables\", susan çoğunluk,&nbsp;dispossessed majority&nbsp;(V. Robertson).&nbsp;Trump, Amerikan popülizminin uyanışının bir sembolü haline geldi.</span></p><p><span style=\"color: rgb(51, 51, 51);\">Gerçek siyaset bu şekilde Amerika Birleşik Devletleri'ne geri döndü, yine ideolojik tartışmalar ortaya çıktı. \"Cancel culture\", \"BLM\" ve Amerikan tarihinin anıtlarının yok edilmesi, Amerikan toplumunda en temel meselelerde derin bir bölünmenin ifadesi haline geldi.</span></p><p><em style=\"color: rgb(51, 51, 51);\">Amerikan konsensüsü çöktü</em><span style=\"color: rgb(51, 51, 51);\">.</span></p><p><span style=\"color: rgb(51, 51, 51);\">Şu andan itibaren seçkinler ve kitleler, küreselciler ve yurtseverler, Demokratlar ve Cumhuriyetçiler, ilericiler ve muhafazakarlar, kendi alternatif stratejileri, programları, görüşleri, değerlendirmeleri, değer sistemleri ile tam ve bağımsız kutuplara dönüştüler. Trump Amerika'yı havaya uçurdu, seçkinlerin fikir birliğini kırdı, küreselleşmeyi raydan çıkardı.</span></p><p><span style=\"color: rgb(51, 51, 51);\">Tabii ki, bunu tek başına yapmadı. Ama cesurca, belki de atipik muhafazakâr ve küreselleşme karşıtı Steve Bannon'un (Avrupa muhafazakarlığına ve hatta Guenon ve Evola'nın gelenekselliğine aşina Amerikan entelektüelinin ender bir örneği) bazı ideolojik etkisi altında, egemen liberal söylemin ötesine geçti ve böylece Amerikan siyasi tarihinde yeni bir sayfa açtı. Bu sayfada bu sefer \"Amerikan seçimlerinin jeopolitiği\" formülünü açıkça okuyoruz.</span></p><h3>2020 ABD SEÇİMLERİ: SONUÇLARI AĞIR OLABİLİR</h3><p><span style=\"color: rgb(51, 51, 51);\">Kasım 2020 seçimlerinin sonucuna göre şunlar belirlenecek:</span></p><ul><li><em>dünya düzeninin mimarisi </em>(Trump’ın seçilmesi durumunda milliyetçiliğe ve fiili çok kutupluluğa geçiş, Biden’ın seçilmesi durumunda küreselleşmenin ızdırabının devamı<em>)</em>,</li><li><em>ABD’nin küresel jeopolitik stratejisi</em>&nbsp;(Trump’ın seçilmesi durumunda \"America first\", Biden’ın seçilmesi durumunda Dünya Hükümetine doğru umutsuz bir sıçrama),</li><li><em>NATO'nun kaderi </em>(Trump’ın seçilmesi durumunda ABD'nin ulusal çıkarlarını daha sıkı bir şekilde yansıtan bir yapı lehine dağılması, bu kez genel olarak küreselleşmenin bir kalesi olarak değil, bir devlet olarak. Ya da Biden’ın seçilmesi durumunda Atlantikçi bloğun uluslar üstü liberal elitlerin bir aracı olarak korunması),</li><li><em>baskın ideoloji </em>(Trump’ın seçilmesi durumunda sağcı muhafazakarlık, Amerikan milliyetçiliği, Biden’ın seçilmesi durumunda sol-liberal küreselcilik, Amerikan kimliğinin nihai olarak ortadan kaldırılması),</li><li><em>Demokratların ve Cumhuriyetçilerin kutuplaşması </em>(Trump’ın seçilmesi durumunda GOP'ta paleo-muhafazakar etkinin büyümeye devam etmesi) veya iki partili konsensüsa dönüş (Biden’ın seçilmesi durumunda GOP'ta neo-muhafazakarların etkisinde yeni bir artış),</li><li><em>ve hatta İkinci Anayasal Değişikliğinin kaderi</em> (Trump’ın seçilmesi durumunda korunması ve Biden’ın seçilmesi durumunda olası iptali).</li></ul><p><span style=\"color: rgb(51, 51, 51);\">Bunlar o kadar önemli ki, \"Healthcare\"in kaderi, Trump’ın Duvarları ve hatta Rusya, Çin ve İran ile ilişkiler ikincil öneme sahip bir şeyler haline geliyorlar. Amerika Birleşik Devletleri o kadar derin ve temelden bölünmüş durumda ki, şimdi soru, ülkenin böylesine görülmemiş bir seçimden sağ çıkıp çıkmayacağı. Bu kez, Demokratlar ve Cumhuriyetçiler, Biden ve Trump arasındaki mücadele, birbirlerine karşı saldırgan bir şekilde kurulmuş iki toplumun mücadelesidir ve eskisi gibi sonuçlarından hiçbir şeyin değişmediği anlamsız bir tiyatro değildir. Amerika geri dönüşü olmayan noktaya geldi. Bu seçimlerin sonucu ne olursa olsun, ABD asla eskisi gibi olmayacak. Geri dönüşü olmayan bir şey değişti.</span></p><p><span style=\"color: rgb(51, 51, 51);\">Bu yüzden \"Amerikan seçimlerinin jeopolitiğinden\" bahsediyoruz ve bu yüzden bu kadar önemli. Birleşik Devletler'in kaderi, birçok yönden tüm günümüz dünyanın kaderidir.</span></p><h3>HEARTLAND FENOMENİ</h3><p><span style=\"color: rgb(51, 51, 51);\">Jeopolitiğin kurucusu olan Mackinder döneminden beri bu disiplinin en önemli kavramı \"Heartland\"dır. \"Deniz gücü\" (Sea Power) ile karşı karşıya gelen \"Kara medeniyetinin\" çekirdeği anlamına gelir (Land Power).&nbsp;</span></p><p><span style=\"color: rgb(51, 51, 51);\">Hem Mackinder'in kendisi hem de fikirlerini ve sezgisini geliştiren Karl Schmitt, sadece güçlerin coğrafi bağlamdaki stratejik konumlarından değil, iki tür medeniyet arasındaki çatışmadan bahsediyor. </span></p><p><span style=\"color: rgb(51, 51, 51);\">\"Deniz Medeniyeti\", genişlemeyi, ticareti, sömürgeleştirmeyi, aynı zamanda \"ilerlemeyi\", \"teknolojiyi\", toplumdaki ve yapılarındaki sürekli değişiklikleri, okyanusun değişken sıvı cismini yansıtıyor (&nbsp;liquid society&nbsp;Z. Bauman).</span></p><p><span style=\"color: rgb(51, 51, 51);\">Bu, kökleri olmayan, hareketli, \"göçebe\" bir uygarlıktır.</span></p><p><span style=\"color: rgb(51, 51, 51);\">\"Kara uygarlığı\" aksine, muhafazakârlık, istikrar, kimlik, devamlılık, meritokrasi ve değişmez değerlerle ilişkilidir, kökleri olan bir kültürdür, \"yerleşimcidir\".</span></p><p><span style=\"color: rgb(51, 51, 51);\">Böylece, \"Heartland\" aynı zamanda medeniyetsel bir anlam da kazanır, bu sadece kıyı ve deniz alanlarından olabildiğince uzak bir bölge değil, aynı zamanda muhafazakâr bir kimlik matrisi, güçlü köklerden oluşan bir alan, kimliğin en yüksek bir şekilde yoğunlaştığı bölge.</span></p><p><span style=\"color: rgb(51, 51, 51);\">Amerika Birleşik Devletleri'nin çağdaş yapısına jeopolitiği uygulayarak, şaşırtıcı derecede net bir resim elde ediyoruz. Amerika Birleşik Devletleri'nin tuhaflığı, ülkenin iki okyanus boşluğu arasında, Atlantik Okyanusu ile Pasifik Okyanusu arasında yer almasıdır. Rusya'dan farklı olarak, Amerika Birleşik Devletleri'nde merkezin kutuplardan birine kesin bir kayması yoktur, ancak Amerika Birleşik Devletleri'nin tarihi Doğu Kıyısından başlayıp yavaş yavaş Batı'ya taşınsa da, bugün her iki kıyı bölgesi de oldukça gelişmiştir ve belirgin bir \"Deniz medeniyeti\"nin iki bölümünü oluşturmaktadır.&nbsp;</span></p><h3>EYALETLER VE SEÇİM POLİTİĞİ</h3><p><span style=\"color: rgb(51, 51, 51);\">En ilgi çekici şey de burada başlıyor. Eyaletlerin siyasi haritasını alır ve her birinde hangi valilerin ve hangi partilerin hakim olduğu ilkesine göre iki ana partinin renklerine boyarsak, o zaman üç çizgi elde ederiz:</span></p><ul><li>Doğu Kıyısı mavi olacak, büyük metropoller burada yoğunlaşmış, dolayısıyla burada Demokratlar daha güçlü;</li><li>ABD'nin orta kesimi, \"fly over zone\", endüstriyel ve tarımsal bölgeler (\"Tek Katlı Amerika\"), yani gerçek \"Heartland\", neredeyse tamamen kırmızıya boyanmış (Cumhuriyetçilerin etki alanı);</li><li>Batı Kıyısı yine mega kentler, yüksek teknolojilerin merkezleri ve dolayısıyla burada yine Demokratların mavi rengi gözüküyor.</li></ul><p><em style=\"color: rgb(51, 51, 51);\">Klasik jeopolitiğe </em><span style=\"color: rgb(51, 51, 51);\">- yani \"kıtaların büyük savaşının\" ön cephesine hoş geldiniz</span><em style=\"color: rgb(51, 51, 51);\">.</em></p><p><span style=\"color: rgb(51, 51, 51);\">ABD 2020, bu nedenle, birkaç değil, tam olarak iki medeniyetsel bölgeden oluşuyor: orta kısmı Heartland'dan ve Heartland'dan keskin bir şekilde farklı olan, aynı sosyo-politik sistemi temsil eder iki kıyı bölgesinden. Kıyı bölgeleri, Demokratların bölgesidir. Demokratlar tarafından Biden lehine ve Trump'a karşı seçim kampanyasında yer alan BLM, LGBT+, feminizm ve solcu aşırılığın (antifa terörist grupları) en aktif protestolarının odaklandığı yer buralardır. Trump'tan önce, ABD'nin sadece kıyı bölgeleri olduğu görülüyordu. Trump, Amerikan Heartland'ına ses verdi. Böylece ABD'nin kırmızı merkezi aktive edildi ve harekete geçirildi. Trump, siyasi seçkinler arasında pratikte hiçbir şekilde temsil edilmeyen ve küreselcilerin gündemiyle neredeyse hiçbir ilgisi olmayan bu \"ikinci Amerika\"nın Başkanıdır. Burası küçük kasabaların, Hıristiyan toplulukların ve mezheplerin, çiftliklerin ve hatta endüstrinin daha ucuz iş gücüne sahip olan alanlara kaymasıyla harap olmuş eski büyük sanayi merkezlerinin Amerika'sıdır. Burası terk edilmiş, ihanete uğramış, unutulmuş ve aşağılanmış Amerika. Bu \"deplorables\"in anavatanı, yani beyaz veya renkli olan, Protestan veya Katolik olan gerçek Amerikan yerlilerin, kökleri olan Amerikalıların anavatanı. Ve bu \"Heartland\" Amerikası, kıyı bölgelerinin baskısı altında hızla yok oluyor.</span></p><h3>AMERİKAN \"HEARTLAND\"IN İDEOLOJİSİ: ESKİ DEMOKRASİ</h3><p><span style=\"color: rgb(51, 51, 51);\">Amerika Birleşik Devletleri'nin bu jeopolitik boyutunu son zamanlarda Amerikalıların kendilerinin keşfetmesi önemlidir. Bu anlamda, Amerika Birleşik Devletleri'nin merkezinde bulunan küçük şehirleri, küçük kasabaları ve sanayi merkezlerini canlandırma planlarına odaklanan bir Ekonomik Kalkınma Enstitüsü oluşturma girişimi bir göstergedir. Enstitünün adı kendisini anlatıyor \"Heartland forward\". Aslında bu, Trump'ın sloganının jeopolitik ve jeoekonomik bir çözümlemesidir: \"Let’s make America great again!\"</span></p><p><span style=\"color: rgb(51, 51, 51);\">Politik analist Joel Kotkin, muhafazakar dergi “American Affairs”da&nbsp;(Ekim 2020. V IV, № 3) \"Heartland'ın yeniden canlanması\" konusuyla ilgili programlık bir makale yayınlıyor: \"The Heartland’s Revival\". Ve tam anlamıyla J. Kotkin, \"Kızıl Eyaletler\"in aslında kıyı bölgelerinden farklı bir medeniyeti temsil ettiği iddiasına henüz ulaşmamış olsa da, pragmatik ve daha ekonomik konumundan bu sonuca yaklaşıyor.</span></p><p><span style=\"color: rgb(51, 51, 51);\">Orta ABD, \"eski demokrasi\", \"eski bireycilik\" ve \"eski\" özgürlük anlayışı ile \"eski Amerika\" paradigmalarının hakim olduğu çok özel bir bölgedir. Bu değer sisteminin yabancı düşmanlığı, ırkçılık, ayrımcılık ya da metropol bölgelerin ve televizyon kanalların kibirli entelektüellerinin ve gazetecilerinin genellikle sıradan Amerikalıları \"ödüllendirdiği\" diğer aşağılayıcı ifadelerle hiçbir ilgisi yoktur. Bu, tüm ayırt edici özellikleriyle Amerika’dır. Sadece eski, geleneksel, kurucu babalar döneminden bireysel özgürlüğe olan orijinal iradesinde donuk kalmış bir Amerika. En açık biçimde Amiş mezhebinde temsil ediliyor, hala 18. yüzyıl tarzında giyiniyorlar, ya da \"Hıristiyanlığı\" çok uzaktan andıran grotesk ama tamamen Amerikan kültü olan Utah Mormonları. Bu eski Amerika'da kişinin her türlü inancı olabilir, ne isterse söyleyip düşünebilir. Amerikan pragmatizminin kökenleri budur: hiçbir şey ne özneyi ne de nesneyi sınırlayamaz ve aralarındaki tüm ilişkiler yalnızca aktif eylem sürecinde açıklığa kavuşur. Böyle bir eylemin bir kriteri vardır: \"it works or it doesn’t work\". Bu kadar. Böyle \"eski liberalizm\"de hiç kimse bir kişinin ne düşünmesi, ne konuşması veya ne yazması gerektiğini dikte edemez. Politik doğruluk burada hiçbir anlam ifade etmiyor.</span></p><p><span style=\"color: rgb(51, 51, 51);\">Teorik olarak ne olursa olsun, sadece düşüncenizi açıkça ifade etmeniz önerilir. Her şeyin özgürlüğü, \"Amerikan Rüyası\"nın özüdür.</span></p><h3>İKİNCİ ANAYASAL DEĞİŞİKLİK: ÖZGÜRLÜK VE ONURUN SİLAHLI SAVUNMASI</h3><p><span style=\"color: rgb(51, 51, 51);\">Amerikan \"Heartland\", ekonomi ve sosyolojiden daha fazlasına sahiptir. Kendi </span><em style=\"color: rgb(51, 51, 51);\">ideolojisine </em><span style=\"color: rgb(51, 51, 51);\">sahiptir. Bu, hakların eşitliğini ve özgürlüklerin dokunulmazlığını kabul eden bir Amerikan yerli ideolojisidir, dahası, bu ideoloji daha cumhuriyetçidir, kısmen Avrupa karşıtıdır (özellikle İngiliz karşıtı). Ve bu yasama bireyselliği, silah bulundurma ve taşıma özgürlüğünde somutlaşmıştır. İkinci Anayasal Değişiklik, böyle bir \"Kırmızı\" (GOP'un rengi anlamında) Amerika'nın tüm ideolojisinin bir özetidir. \"Ben seninkini almıyorum, ama sen de benimkine dokunma.\" Bir bıçak, tabanca, tüfek ve hatta bir saldırı tüfeği veya makineli tüfek özeti bunda. Bu sadece maddi şeyler için geçerli değildir; aynı zamanda inançlar ve düşünce biçimleri, özgür siyasi seçim ve öz saygı için de geçerlidir.</span></p><p><span style=\"color: rgb(51, 51, 51);\">Ama kıyı bölgeleri, \"Deniz Medeniyeti\"nin Amerikan toprakları, mavi eyaletler buna saldırıyor. Böylesi \"eski demokrasi\", \"bireycilik\" ve \"özgürlüğün\", politik doğruluk normlarıyla, giderek daha hoşgörüsüz ve saldırgan \"cancel culture\" ile, İç Savaş kahramanlarının anıtlarının yıkılmasıyla veya Afrikalı Amerikalıların, transseksüellerin ve \"body positive\"&nbsp;ucubelerinin ayaklarının öpülmesiyle hiçbir ilgisi yoktur. \"Deniz Medeniyeti\" \"eski Amerika\"yı bir grup \"deplorables\" (Hillary Clinton'ın sözüyle), bir tür \"faşist\" ve \"insan olmayan\" bir şey olarak görüyor. New York, Seattle, Los Angeles ve San Francisco'da zaten farklı bir Amerika ile yüz yüzeyiz: din, aile ve geleneğe benzeyen her şeyi bölgeden uzaklaştıran liberallerin, küreselcilerin, postmodern profesörlerin, sapkınlığın savunucuların ve saldırgan kuralcı ateizmin mavi Amerikası.</span></p><h3>AMERİKA BİRLEŞİK DEVLETLERİ'NDE KITALARIN BÜYÜK SAVAŞI: ÇÖZÜLÜŞÜN YAKINLIĞI</h3><p><span style=\"color: rgb(51, 51, 51);\">Bu iki Amerika, Kara Amerika’sı ve Deniz Amerika’sı, bugün Başkanlık için uzlaşmaz bir mücadelede karşı karşıya geldi. Dahası, hem Demokratlar hem de Cumhuriyetçiler, karşı taraftan birisinin kazanması durumunda daha şimdiden kabullenmeme niyetindeler. Biden, Trump'ın \"seçim sonuçlarını çoktan tahrif ettiğine\" ve \"arkadaşı\" Putin'in \"GRU,\"Noviçok\", Olga’nın trolleri ve \"Rus propagandasının\" diğer çok kutuplu ekosistemlerinin yardımıyla \"seçimlere çoktan müdahale ettiğine\" inanıyor. Sonuç olarak, Demokratlar Trump'ın zaferini kabul etmeyi düşünmüyorlar. Bu bir zafer değil, sahtekârlık.</span></p><p><span style=\"color: rgb(51, 51, 51);\">En tutarlı Cumhuriyetçiler de neredeyse aynı şekilde düşünüyor. Demokratlar seçim kampanyasında yasadışı yöntemler kullanıyor. Aslında, ABD'nin içinde Trump ve yönetimine yönelik bir \"renkli devrim\" gerçekleşiyor. Bunların arkasında net bir şekilde Trump’ın düşmanı ve en önemli küreselcilerden olan George Soros, Bill Gates ve \"yeni demokrasinin\" diğer fanatikleri de yer almaktadır, yani Amerikan \"Deniz Medeniyeti\"nin en parlak ve en tutarlı temsilcileri. Bu nedenle Cumhuriyetçiler de sonuna kadar gitmeye hazır, son dört yılda Demokratların Trump'a ve onun atadığı kişilere karşı şiddetlenmeleri o kadar yükseldi ki, Biden Beyaz Saray’a geçerse Amerikan egemen çevrelerin bazı kısımlarına (en azından Trump'ın atadığı tüm kişilere karşı) siyasi baskı eşi görülmemiş seviyede olacaktır.</span></p><p><span style=\"color: rgb(51, 51, 51);\">Yani bizim gözümüzün önünde Amerikan çikolatası kırılıyor, kırılma hatları ise gerçek savaşın cepheleri haline geliyor. </span><em style=\"color: rgb(51, 51, 51);\">Bu artık sadece seçim kampanya değil, </em><span style=\"color: rgb(51, 51, 51);\">bu, tam teşekküllü bir İç Savaş'ın</span><em style=\"color: rgb(51, 51, 51);\"> ilk aşaması.</em></p><p><span style=\"color: rgb(51, 51, 51);\">Bu savaşta iki Amerika birbiriyle çarpışıyor: iki ideoloji, iki demokrasi, iki özgürlük, iki kimlik, iki karşılıklı olarak birbirini dışlayan değer sistemi, iki siyaset, iki ekonomi ve iki jeopolitik.</span></p><p><span style=\"color: rgb(51, 51, 51);\">“Amerikan seçimlerinin jeopolitiğinin” şimdi ne kadar önemli olduğunu anlasaydık, dünya nefesini tutup başka hiçbir şeyi düşünmeyecekti, ne Covid-19 salgınını, ne yerel savaşları, ne çatışmaları, ne doğa afetleri. Dünya tarihinin merkezinde, insanlığın geleceğinin kaderini belirlemenin merkezinde, tam olarak \"Amerikan seçimlerinin jeopolitiği\" vardır, yani \"Kıtaların Büyük Savaşı\"nın Amerikan aşaması, Amerikan Karasına karşı Amerikan Denizi.</span></p><blockquote><strong style=\"color: rgb(51, 51, 51);\"><em>Çeviren:  Vatan Partisi Uluslararası İlişkiler Bürosu Başkan Yardımcısı Hüseyin Erman Sülük</em></strong></blockquote>","outro":"","hideAds":false,"createdDate":1603736614076,"updatedDate":1603792993273,"hitCount":9264,"active":true,"lastUpdaterIp":"172.69.55.182","hasEmbeddedTitle":false,"showOnHomePage":false,"currentUrl":"abd-deki-secim-degil-ic-savasin-ilk-asamasi-221713-1"},{"id":199933,"title":"Büyük kıtalar savaşının yeni coğrafyası","contentType":"CORNER_POST","coverImage":"","coverCode":"","publicationDate":1579677420000,"tags":[],"intro":"","spot":"","body":"<p>İslami Devrim Muhafız Birlikleri’nin Kudüs Özel Kuvvetleri Komutanı General Kasım Süleymani’nin 3 Ocak 2020’de Amerikan füzeleri ile öldürülmesi, Orta Doğu’daki dengelerin şekillenmesinde tamamen yeni bir durum olduğunu işaret eden önemli bir andı.</p><p>Orta Doğu’nun, dünya jeopolitiğindeki küresel yönelmelerin aynası olmasıyla aynı ölçüde , bu olay da bütün olarak dünya düzenini etkileyen daha da büyük bir boyuta sahipti. Birçok gözlemcinin, Suriye ve Irak’ta IŞİD’e karşı verilen mücadelenin kahramanı olan General Süleymani’nin ölümünü, Üçüncü Dünya Savaşı’nın ya da en azından ABD’nin İran’a karşı vereceği savaşın başlangıcı olarak yorumlaması bir tesadüf değildir. İran’ın 8 Ocak 2020’de Irak’taki iki Amerikan askeri üssüne düzenlediği füze saldırısı da bu analizi doğrulamaktadır: Süleymani’nin ölümü “son savaşın” başlangıç noktasıdır.</p><p>2020’nin daha en başında meydana gelen bu olayların büyüklüğünün önemini göz önünde bulundurarak, analizlerine daha geniş bağlamdan bakarak başlamak önemlidir. Bu bağlam, dünya sisteminin, 20. yüzyılın sonlarında Batı’nın (özellikle de ABD’nin) belirsiz bir egemenliği altında şekillenen tek kutuplu dünyasından, ana hatları, Putin’in Rusya’sının egemen ve bağımsız bir güç olarak tarihe geri dönmesi ve Amerikan-Çin ilişkilerinin ticaret savaşı noktasına kadar yükselmesi ile, giderek daha belirgin hale gelen çok kutuplu bir dünyaya geçişiyle tanımlanabilir.</p><p>Başkan Trump seçim öncesi kampanyasında, seçmenlerine, çok kutupluluğa barışçıl bir geçişin potansiyel destekçisi bir nokta olacak, ülkelere dış müdahale reddini ve Neo-emperyalizm ve küreselleşme politikalarına kısıtlamalarını vaat etti. Ancak Süleymani’ye suikast kararıyla Trump, bu olasılığı tamamen yok saydı ve ABD’nin tek kutuplu dünyayı korumak için umutsuzca savaşacak olan bu güçlerin kampındaki yerini bir kez daha kesinleştirdi. Bu son savaşa doğru sürüklenen olaylarda, Trump’ın arkasına saklanıp izleyen Amerikan Neo-Muhafazakarları ve Hıristiyan Siyonistler öne çıkıyor. Ama -şimdi ya da daha sonra başlayacak olan- bu savaş, yeni koşullarda ortaya çıkacak: Rusya’nın uluslararası siyasetteki başarıları, Çin ekonomisinin etkileyici yükselişi, Moskova ve Pekin arasındaki git gide ilerleyen yakınlaşma, çok kutuplu dünyayı bir gerçeğe dönüştürdü, ve böylece Hindistan gibi büyük ülkelerin yanı sıra İran, Türkiye, Pakistan gibi bölge lideri ülkeler, Arap dünyası, Latin Amerika ve Afrika ülkeleri de dahil olmak üzere tüm diğer ülke ve uygarlıklara bu düşmanca yapı karşısında yerlerini seçme imkanını sundu: ya Batı’nın uyduları olarak devam etmek (yani can çekişen tek kutupluluğa sadakat yeminini devam ettirmek) ya da çok kutuplu dünyanın yanında durup, geleceğini bu bağlam içerisinde aramak.</p><p><strong>TRUMP’IN İNTİHARI</strong></p><p>3 Ocak 2020’de Irak’ta yaşanan trajik olaylar etrafında, temelde yeni bir durum oluştu: Amerikalılar tarafından öldürülen General Süleymani, çok kutuplu dünyanın organik bir parçasıydı ve sadece İslami Devrim Muhafızları’nın, hatta tüm İran’ın değil, bütün çok kutupluluk destekçilerinin, güç dengelerini temsil ediyordu. Onun yerinde, ABD tarafından Kırım’la yeniden birleşmeye veya Donbass’taki çatışmaya katılmakla suçlanan bir Rus askeri, Kürtçü teröristlerle mücadelede kendini kanıtlamış bir Türk generali ya da Amerikan finansal sistemine önemli zararlar veren Çinli bir bankacı da olabilirdi. Süleymani, uluslararası hukukun tüm normlarını yok sayan tek kutupluluk savunucuları tarafından öldürülen, çok kutupluluğun sembolik bir figürüydü.</p><p>Trump, Süleymani’yi ortadan kaldırmaya karar vererek, katlanacağı sonuçları, savaş riskini veya diğer tarafların protestolarını düşünmeden, tamamen tek kutuplu bir güç konumundan hareketle -böyle karar verdim, öyle de olacak- mantığıyla yola çıktı. Tıpkı önceki ABD başkanları gibi, Trump da şu mantıkla uyumlu hareket etti: Yanlızca ABD “kötü adamların” ya da “iyi adamların” kim olduğuna karar verebilir ve uygun gördüğü şekilde “kötü”ye karşı hamlelerde bulunabilir. Teoride, Putin, Xi Jinping veya Erdoğan da “kötü adamlar” olarak mimlenebilirdi ve bu durumda tek soru, darbelere karşı (Erdoğan’ın karşı karşıya kaldığı durum gibi) veya “renk devrimlerine” karşı (İran’ın sürekli karşı karşıya kaldığı ve, “beşinci kol” liberallerinin de yardımıyla, Batı’nın sürekli Rusya’da kışkırtmaya çalıştığı) da dahil olmak üzere, mevcut savunma araçlarıyla kendilerini savunup savunamayacaklarıdır. Trump, önceki hem Cumhuriyetçi hem de Demokrat yönetimlerin bu tür politikalarını kesin ve sert bir şekilde eleştirdiyse de, Süleymani’yi öldürmeye karar verdiğinde, onlardan çok da farklı olmadığını gösterdi.</p><p>Bu an, tek kutupluluktan çok kutuplululuğa geçiş adına, çok önemli bir andır. Trump, bu geçişin barışçıl bir şekilde gerçekleşebileceği umudunu temsil ediyordu, fakat bu durumda ABD’nin bir düşman olarak değil, bir tam katılımcı olarak ve teorik olarak çok kutupluluk bağlamında lider bir güç olarak konumunu önemli bir ölçüde güçlendirmesine olanak sağlayacak bir pozisyonda, bütünüyle çok kutuplu kulübün ayrıcalıklı bir üyesi olarak yerini güvence altına alarak. Bu umutlar 3 Ocak 2020’de yitirildi ve Trump da diğerleri gibi sıradan bir Amerikan başkanı oldu -daha kötü değil, ancak daha iyi de değil. ABD’nin aklını kaçırmış, kötü niyetli ve hala tehlikeli, ancak “son savaştan” kaçma şansı olmayan can çekişen bir emperyalist ejderha olarak statüsünü netleştirdi. Bununla birlikte Trump hem kendininkinin, hem de çok kutuplu dünyada bir kutup olarak ABD’nin geleceğinin üstünü karalamıştır. Bunu yaparak da, gelecekte Amerika’nın ölüm fermanını imzalamıştır.</p><p>Gücü giderek büyüyen çok kutuplu dünya için, ABD artık sürecin bir öznesi değil, bir nesne, tıpkı Trump’ın Süleymani’ye suikast düzenleyerek, sadece Tahran’a değil, Bağdat’a, Ankara’ya, Moskova’ya ve Pekin’e de yalnızca engelleri temsil eden “nesneler” muamelesi yaptığı gibi bir nesne. Amerikan hegemonyasının güçlendirilmesi. Bu savaş anlamına gelmektedir, çünkü zaten tek kutupluluk ve çok kutupluluk çatışması, özne olabilme statüsü için verilen bir savaştır. Bugünün dünyasında iki özne olamaz; ya Trump’ın ısrar etmeye çalıştığı gibi, sadece bir tane olabilir, ya da Rusya, Çin, İran, Türkiye ve çok kutupluluğu kabul eden diğer tüm ülkelerin stratejilerinin temelini oluşturduğu gibi ikiden fazla olabilir.</p><p><strong>ÇOK KUTUPLU GÜÇLERİN BAŞARISI: AMERİKA’NIN SONU</strong></p><p>Küresel güçler dengesinin bu analizi, dünya siyasetinin tüm yapısını önemli ölçüde keskinleştirmektedir, çünkü şu anki durumu George W. Bush, Obama ve Hillary Clinton’ın iktidarlarının ruhundaki siyasete geri götürmektedir. İğneleyici bir şekilde Hillary ile alay eden Trump, bugün tıpkı o eli kanlı küreselci cadı görünümüyle ortaya çıktı. Ancak son yıllarda yaşanan olaylar -Rusya’nın Ortadoğu’daki konumunun güçlenmesi, özellikle de Suriye’deki çarpıcı başarıları, Rusya ve Çin’in yakınlaşması ve Putin’in Avrasya stratejisi ile Bir Kuşak Bir Yol birleştirme projesinin bir araya gelmesi ve hatta Akdeniz’de çok kutuplu güçlerin kuvvetlenmesine olanak sağlayan, Trump’ın direkt bir çatışmadan kaçınma yolunda attığı önceki adımları (ki buradaki en önemli rolü Putin ile Erdoğan arasındaki yeniden yakınlaşma oynamıştır.)- güçler dengesini çoktan geri dönülmez bir şekilde değiştirdi. Her şeyden önce, bu bölgenin Kıyamet’in yaşanacağı diyarlara sınır komşusu olması oybirliğiyle, farklı alametler ile de olsa, her türlü siyasi kıyametçiler tarafından kabul edilmiş bir durumdur.</p><p>General Süleymani’nin öldürülmesinden sonra kaçınılmaz olayların gelişmesi, bir yandan ABD ve Batı’nın İsrail, Suudi Arabistan ve bazı Körfez ülkeleri gibi bölgesel vekillerini, bir yandan ise Rusya, Çin, İran, Türkiye ve diğer çok kutuplu güçleri yeni bir seviyeye taşıdı. ABD, muhaliflerine karşı yaptırımlarını ve ticaret savaşı politikasını kullanıyor ve insanlığın git gide daha büyük bir yüzdesi, yalnızca Asya’da değil, Avrupalı şirketler de (özellikle de Alman şirketlerinin) Kuzey Akımı projesine katıldığı için yaptırımlara tabi tutuluyor. Bu, “destekçilerine” uşak muamelesi yapan ve onları fiziksel cezalarla yöneten Amerikan hegemonyasının küstahlığının bir tezahürüdür. ABD’nin bir dostu yoktur, yalnızca köleleri ve düşmanları vardır. Bu durumda, “dünyadaki tek süper güç” çatışmaya doğru ilerliyor, bu sefer neredeyse dünyanın geri kalanının tamamı ile. Herhangi bir fırsatta, günümüzün “köleleri” hiç şüphesiz, tek kutuplu işbirlikçiliklerinden kaçmaya çalışacaklardır.</p><p>Washington, Trump’ı seçen Amerikan halkının iradesinden hiçbir ders almamıştır. Halk, Bush ve Obama’nın politikalarının devam ettirilmesi için değil, bu politikaları radikal bir şekilde reddettikleri için oylarını verdi. Amerikalı (ve daha geniş açıdan, küresel) elitler bunu hesaba katmadılar, onun yerine her şeyi “Rus hackerlar” ve “blog yazarlarının” entrikaları olarak gördüler. Ve şimdi, Trump’ın bir kere daha tüm mantık duygusunu kaybetmiş agresif küreselci elit kesime elini uzatmasıyla, Amerikan “sessiz çoğunluğunun” yapabileceği tek bir seçeneği kaldı: Amerikan hükümetinden tamamen uzaklaşmak. Eğer Trump bile küreselcilerin elinde bir oyuncak haline geldiyse, bu durum siyasi mücadelenin yasal yollarının tükendiği anlamına gelir. Orta vadede, General Süleymani’nin öldürülmesi, ABD’deki topyekûn bir iç savaşın başlamasında hissedilecektir. Eğer kimse toplumun iradesini dile getirmezse, toplumun kendisi özel bir pasif sabotaj yöntemine geçer. ABD’de beklenen şey tam olarak budur. Eğer Trump seçmese bile, Amerikan halkı, tamamen kendi kültürel ve siyasi geleneklerinin ruhuyla, çok kutupluluğu seçecektir, fakat o zaman bu devlet ile değil, Beyaz Saray’daki bir numaralı ismin bile karşı durmadığı, küreselci elitler tarafınfan “ele geçirilmiş” bir devlete karşı olacaktır. Süleymani’nin öldürülmesi, Amerika’nın sonu demektir.</p><p><strong>TEK KUTUPLU CEPHE KRİZDE</strong></p><p>ABD’nin Avrupalı ortakları, çok kutuplular kulübüyle olacak herhangi bir keskin çatışmaya hazır değil. Ne Kuzey Akımı’ndan dolayı bir tokat daha yiyen Merkel, ne de Sarı Yelekliler tarafından kuşatılmış ve şimdi ise popülizm ile karşı karşıya kalmak zorunda olduğunu anlamış olan (Rusya ve Avrupa Ordusu’nu yaratma meselelerindeki “özel konumu” ile) Macron ne de liberal AB’nin boğucu bataklığından Britanya’yı kurtarmayı başaran Boris Johnson (ki gerçekçilik duygusunu kaybetmiş Amerikalı kaçıklara, göreceli olsa da, zor kazanılmış egemenliğinden, yeni bir kölelik için bu kadar çabuk vazgeçmesi pek de olası değildir), Washington tarafından körüklenen bir Üçüncü Dünya Savaşı’nın ateşine atlamak ve o ateşte kül olup gitme arzusu ile yanmıyor. NATO, artık Orta Doğu’da ya da (Türklerin “Mavi Vatan” olarak adlandırdığı) kendi egemen kontrol alanı olan Doğu Akdeniz’de, ABD’yi desteklemeyen Türkiye’nin etrafında, gözümüzün önünde parçalanıyor. Ayrıca mutlak suretle ve tamamen mantıksızca -veya umutsuz ve hatta kışkırtıcı bir tavırla da denebilir- olan şey Arap Dünyası’yla ve daha geniş açıdan, İslam Dünyası’yla olan ilişkilerini baltalamak için İsrail’e Washington’un verdiği destektir. Aynı zamanda Trump, ABD’nin Suudi Arabistan ile olan ittifakını, ABD’nin yapısı gereği tamamen yetersiz olduğu tam bir ittifak için umut verici bir temel teşkil etmeyecek, bir mali anlaşmaya indirgemektedir.</p><p>Böylece, ABD can çekişen tek kutupluluk ve sürekli güçlenen çok kutupluluk arasındaki, bir önceki yönetiminkine göre çok daha kötü koşullarda bir Üçüncü Dünya Savaşı içine giriyor. Bu şartlar altında, Trump’ın yeniden seçilmesi gerekiyor, çünkü her zamanki gibi onu Süleymani’yi öldürmeye zorlayanlar, yine onu alaşağı etmeye çalışacaklardır. Süleymani’nin öldürülmesinden sonra hem savaş hem de barış, Trump’ın konumunu zedeler. Süleymani suikastı, onun sonunu getirecek ölümcül bir karardı. Trump’ın bu intihar hamlesini destekleyen Avrupalı sağ-popülistlerin konumları da önemli ölçüde zedelendi. Mesele, Amerika’nın tarafını seçmiş olmaları bile değil, mesele tek kutuplulukta yok olup gitmek için bir tavır takınmaları ve bu durumun herkesi mahvedebilmesidir.</p><p><strong>ÇOK KUTUPLU DÜNYANIN YENİ UMUTLARI</strong></p><p>General Süleymani suikastının bazı sonuçları zaten ortadadır. İran, Pentagon’u IŞİD ile birlikte bir terör örgütü ilan etti ve bu da General Süleymani’nin başına gelenin, her Amerikan askerinin başına da gelebileceği anlamına geliyor. ABD, Irak’taki Amerikan üslerine yapılan füze saldırılarına yanıt vermediği için, İran savaş kabiliyetinden tamamen emin bir hale gelecek ve Rusya’ya daha çok güvenerek canlılıkla yeniden silah geliştirmeye başlayacaktır. Bu koşullar altında, İran’ın nükleer silah geliştirme anlaşmasından çekilmesini çoktan ilan etmiş olması önemlidir -çünkü ne de olsa kaybedecek bir şeyi yoktur. Başka bir İslam devleti olan Pakistan, halihazırda nükleer silahlara sahip durumdadır. İran’ın bir diğer bölgesel rakibi olan İsrail de öyle. Tahran’ın artık resmi olarak “terörist” olarak gördüğü taraflarla anlaşma yapması için hiçbir sebebi yoktur.</p><p>Şiilerin nüfusunun çoğunluğunu oluşturduğu Irak’ın konumu da burada önem taşıyor. Tüm Şii dünyasının gözünde General Kasım Süleymani, tartışmasız şekilde bir kahramandı. Bu nedenle Irak parlamentosu, tüm Amerikan güçlerinin Irak topraklarından derhal çekilmesini talep etti. Tabii ki, demokratik bir meclisten çıkan bu karar, kesinlikle ciddiyetsiz Amerikan katilleri için yeterli değildir -çünkü onlar gerekli gördükleri ve kar edebilecekleri her yerde bulunacaklardır. Ama bu, sadece Şiilerin değil, radikal bir şekilde Amerikan karşıtı olan sünnilerin de (bu yüzden Saddam Hüseyin’in Sünni destekçileri, Şiilerin anlaşma yapmak zorunda kaldığı Amerikalılara karşı IŞİD’e katıldı). Şimdi Iraklı olan herkes, hem Şiiler hem de Sünniler Amerikan askerlerinin geri çekilmesini talep ediyor, çünkü şu anda, ABD’nin son zamanlarda alaycı bir şekilde ihanet ettiği bazı Kürtler hariç, Irak nüfusunun neredeyse tamamı, işgalcilere karşı silahlı bir mücadeleye başlamaya hazır. Bu zaten yeterince fazla, ama Irak, Amerikanlara karşı savaşında, İran ve Türkiye’den aldığı destek gibi, birlikte çok kutupluluğun sütunlarını temsil eden Rusya’dan ve kısmen Çin’den de destek alabilir.</p><p>Bu durumda, Rusya’nın konumu çok önemlidir: bir yandan Rusya devletler konumunun tarafsızlığını, barış arzusunu ve Irak’ın egemenliğinin yeniden kurulması isteğini samimi ve tutarlı gösteren, etnik gruplar ve dini akımlar arasında gerçekleşen bölgesel çatışmalara dahil değilken; öte yandan da, Irak’ın özgürlük ve bağımsızlık savaşını desteklemek için önemli düzeyde silahlı destekte bulunuyor (Rusya’nın tüm etkinliğini gösterdiği Suriye’de, ya da şu anda Libya’da olduğu gibi). Irak şimdi bütün dünya siyasetinin ana platformu haline geliyor, ve bir kez daha Orta Doğu’nun kalbinde dünyanın en eski uygarlığı ile, İncil’in coğrafyasına göre, bir zamanlar “yeryüzündeki cennet” olan ve bugün tam tersine dönüştürülmüş olan topraklardayız.</p><p>Bu şartlar altında en önemli şey, küresel bir açıdan Trump’ın “ölümcül hatası” olarak kabul edilmesi gereken şeyden istifade etmektir. General Süleymani suikastı, ABD’nin konumunu güçlendirmedi, bundan ziyade çok kutupluluğa doğru barışçıl bir geçiş senaryosundan dışladı ve Amerikan siyasetinin başarılı ve uzun vadeli bir reformu için her türlü şansı, Trump’ın elinden aldı. Tüm çevre halklara karşı tam bir nefretle rehin tutulan İsrail’in durumu son derece sorunlu hale geliyor. İsrail’in, tek kutuplu dünya düzeninin ölümüyle birlikte yitip gitmesi muhtemeldir ve bunun için onu bu tür intihar adımlarına iten Trump’a ve İsrail aşırı sağına “teşekkür etmesi” gerekiyor...</p><p><strong>RUSYA AZMEDİYOR VE KAZANIYOR</strong></p><p>Peki ya Rusya? Rusya açık bir şekilde İran’ın tarafını seçmek için acele etmemişken, İran elitlerinden bir kesim, ABD ile müzakere etmeyi tercih etti ve Moskova ile yakınlaşmayı önlemek istedi. Her iki güç Rusya ve İran’da da, “altıncı kol”, Moskova-Tahran eksenini kırmaya ve her şeye rağmen İranlıların ve Rusların, tek kutuplu dünyanın kontrolündeki aşırılık yanlılarına karşı yan yana savaştığı Suriye’de (General Süleymani döneminde) şekillenmeye başlayan sıkı bir Rus-Şii ittifakını önlemeye çalıştı. Bu tür girişimler kesinlikle devam edecektir ve küreselciler, muhafazakarları devirmek ve İran’ı bir iç savaşın kaosuna sürüklemek için, İran’daki “beşinci kolu” “renk devrimi” stratejilerinde kullanmaya çalışacaklardır. Batı, kesinlikle Rusya için de aynı senaryoyu başlatmaya hazır ve Rusya’nın bağımsızlıkçı ve çok kutuplu siyasetinin ana güvencesini temsil eden Putin’in, son iktidar döneminin sonuna yaklaşıldıkça, bu durum daha da önemli hale gelmektedir.</p><p>Tek kutuplu dünyanın sonu geldi, ama savaşmadan pes edeceğini düşünmek ahmaklık olur. Dahası, General Süleymani’nin öldürülmesi gelecek için barışçıl bir senaryoyu ortadan kaldırmaktadır, zira Trump’tan ve Washington’dan artık dünya düzenindeki bu değişimi gönüllü olarak kabul etmesi ve ABD dışındaki herhangi bir gücün varlığını tanımayı kabul etmesi beklenemez. Çok kutuplu dünyanın güçleri -Rusya, Çin, İran, Türkiye, Irak ve diğerleri- için geriye kalan tek şey, çok kutupluluğa karşı çıkan herkesi, çok kutupluluğu kabul etmeye zorlamaktır. Sonuçta bu, kimseyi Rus ya da Çin hakimiyetini kabul etmeye zorlamak değildir. Bu, çok kutupluluğun tek kutupluluktan farkıdır. Çok kutuplu dünya, herkese kendi seçtikleri değerlerle, istedikleri toplum şeklini inşa etme hakkını verir. Burada evrensel bir kriter yok; hiç kimsenin kimseye, kendi ulusal kimliğini güçlendirme, kendi medeniyetini kurma (başkalarının hoşuna gitse de gitmese de) ve (başkasının değil) kendi geleceğinde yaşaması haklarına saygı duymaktan başka borcu yoktur. Çok kutupluluğa doğru yönelme, sadece tek kutuplu dünyayı, Amerikan hegemonyasını ve kapitalist sistemi evrensel bir gerçek olarak kabul eden totaliter liberal ideolojiyi feda eder. Batı istediği kadar liberal ve kapitalist kalabilir, ancak diğer kültürler için çok zehirli olan bu ideolojinin ve ekonomik sistemin sınırları kesin bir şekilde belirlenmelidir. Bu, uğruna can verdiği, çok kutuplu dünyanın şehidi, direnişin kahramanı, büyük İranlı General Kasım Süleymani’nin, mücadelesinin verilme sebebidir.</p>","outro":"","hideAds":false,"createdDate":1579677791351,"updatedDate":1579677791351,"hitCount":5907,"active":true,"lastUpdaterIp":"141.101.77.216","hasEmbeddedTitle":false,"showOnHomePage":false,"currentUrl":"buyuk-kitalar-savasinin-yeni-cografyasi-199933"},{"id":199950,"title":"Büyük kıtalar savaşının yeni coğrafyası","contentType":"CORNER_POST","coverImage":"","coverCode":"","publicationDate":1579674300000,"tags":[],"intro":"","spot":"","body":"<p>İslami Devrim Muhafız Birlikleri’nin Kudüs Özel Kuvvetleri Komutanı General Kasım Süleymani’nin 3 Ocak 2020’de Amerikan füzeleri ile öldürülmesi, Orta Doğu’daki dengelerin şekillenmesinde tamamen yeni bir durum olduğunu işaret eden önemli bir andı.</p><p>Orta Doğu’nun, dünya jeopolitiğindeki küresel yönelmelerin aynası olmasıyla aynı ölçüde , bu olay da bütün olarak dünya düzenini etkileyen daha da büyük bir boyuta sahipti. Birçok gözlemcinin, Suriye ve Irak’ta IŞİD’e karşı verilen mücadelenin kahramanı olan General Süleymani’nin ölümünü, Üçüncü Dünya Savaşı’nın ya da en azından ABD’nin İran’a karşı vereceği savaşın başlangıcı olarak yorumlaması bir tesadüf değildir. İran’ın 8 Ocak 2020’de Irak’taki iki Amerikan askeri üssüne düzenlediği füze saldırısı da bu analizi doğrulamaktadır: Süleymani’nin ölümü “son savaşın” başlangıç noktasıdır.</p><p>2020’nin daha en başında meydana gelen bu olayların büyüklüğünün önemini göz önünde bulundurarak, analizlerine daha geniş bağlamdan bakarak başlamak önemlidir. Bu bağlam, dünya sisteminin, 20. yüzyılın sonlarında Batı’nın (özellikle de ABD’nin) belirsiz bir egemenliği altında şekillenen tek kutuplu dünyasından, ana hatları, Putin’in Rusya’sının egemen ve bağımsız bir güç olarak tarihe geri dönmesi ve Amerikan-Çin ilişkilerinin ticaret savaşı noktasına kadar yükselmesi ile, giderek daha belirgin hale gelen çok kutuplu bir dünyaya geçişiyle tanımlanabilir.</p><p>Başkan Trump seçim öncesi kampanyasında, seçmenlerine, çok kutupluluğa barışçıl bir geçişin potansiyel destekçisi bir nokta olacak, ülkelere dış müdahale reddini ve Neo-emperyalizm ve küreselleşme politikalarına kısıtlamalarını vaat etti. Ancak Süleymani’ye suikast kararıyla Trump, bu olasılığı tamamen yok saydı ve ABD’nin tek kutuplu dünyayı korumak için umutsuzca savaşacak olan bu güçlerin kampındaki yerini bir kez daha kesinleştirdi. Bu son savaşa doğru sürüklenen olaylarda, Trump’ın arkasına saklanıp izleyen Amerikan Neo-Muhafazakarları ve Hıristiyan Siyonistler öne çıkıyor. Ama -şimdi ya da daha sonra başlayacak olan- bu savaş, yeni koşullarda ortaya çıkacak: Rusya’nın uluslararası siyasetteki başarıları, Çin ekonomisinin etkileyici yükselişi, Moskova ve Pekin arasındaki git gide ilerleyen yakınlaşma, çok kutuplu dünyayı bir gerçeğe dönüştürdü, ve böylece Hindistan gibi büyük ülkelerin yanı sıra İran, Türkiye, Pakistan gibi bölge lideri ülkeler, Arap dünyası, Latin Amerika ve Afrika ülkeleri de dahil olmak üzere tüm diğer ülke ve uygarlıklara bu düşmanca yapı karşısında yerlerini seçme imkanını sundu: ya Batı’nın uyduları olarak devam etmek (yani can çekişen tek kutupluluğa sadakat yeminini devam ettirmek) ya da çok kutuplu dünyanın yanında durup, geleceğini bu bağlam içerisinde aramak.</p><p><strong>TRUMP’IN İNTİHARI</strong></p><p>3 Ocak 2020’de Irak’ta yaşanan trajik olaylar etrafında, temelde yeni bir durum oluştu: Amerikalılar tarafından öldürülen General Süleymani, çok kutuplu dünyanın organik bir parçasıydı ve sadece İslami Devrim Muhafızları’nın, hatta tüm İran’ın değil, bütün çok kutupluluk destekçilerinin, güç dengelerini temsil ediyordu. Onun yerinde, ABD tarafından Kırım’la yeniden birleşmeye veya Donbass’taki çatışmaya katılmakla suçlanan bir Rus askeri, Kürtçü teröristlerle mücadelede kendini kanıtlamış bir Türk generali ya da Amerikan finansal sistemine önemli zararlar veren Çinli bir bankacı da olabilirdi. Süleymani, uluslararası hukukun tüm normlarını yok sayan tek kutupluluk savunucuları tarafından öldürülen, çok kutupluluğun sembolik bir figürüydü.</p><p>Trump, Süleymani’yi ortadan kaldırmaya karar vererek, katlanacağı sonuçları, savaş riskini veya diğer tarafların protestolarını düşünmeden, tamamen tek kutuplu bir güç konumundan hareketle -böyle karar verdim, öyle de olacak- mantığıyla yola çıktı. Tıpkı önceki ABD başkanları gibi, Trump da şu mantıkla uyumlu hareket etti: Yanlızca ABD “kötü adamların” ya da “iyi adamların” kim olduğuna karar verebilir ve uygun gördüğü şekilde “kötü”ye karşı hamlelerde bulunabilir. Teoride, Putin, Xi Jinping veya Erdoğan da “kötü adamlar” olarak mimlenebilirdi ve bu durumda tek soru, darbelere karşı (Erdoğan’ın karşı karşıya kaldığı durum gibi) veya “renk devrimlerine” karşı (İran’ın sürekli karşı karşıya kaldığı ve, “beşinci kol” liberallerinin de yardımıyla, Batı’nın sürekli Rusya’da kışkırtmaya çalıştığı) da dahil olmak üzere, mevcut savunma araçlarıyla kendilerini savunup savunamayacaklarıdır. Trump, önceki hem Cumhuriyetçi hem de Demokrat yönetimlerin bu tür politikalarını kesin ve sert bir şekilde eleştirdiyse de, Süleymani’yi öldürmeye karar verdiğinde, onlardan çok da farklı olmadığını gösterdi.</p><p>Bu an, tek kutupluluktan çok kutuplululuğa geçiş adına, çok önemli bir andır. Trump, bu geçişin barışçıl bir şekilde gerçekleşebileceği umudunu temsil ediyordu, fakat bu durumda ABD’nin bir düşman olarak değil, bir tam katılımcı olarak ve teorik olarak çok kutupluluk bağlamında lider bir güç olarak konumunu önemli bir ölçüde güçlendirmesine olanak sağlayacak bir pozisyonda, bütünüyle çok kutuplu kulübün ayrıcalıklı bir üyesi olarak yerini güvence altına alarak. Bu umutlar 3 Ocak 2020’de yitirildi ve Trump da diğerleri gibi sıradan bir Amerikan başkanı oldu -daha kötü değil, ancak daha iyi de değil. ABD’nin aklını kaçırmış, kötü niyetli ve hala tehlikeli, ancak “son savaştan” kaçma şansı olmayan can çekişen bir emperyalist ejderha olarak statüsünü netleştirdi. Bununla birlikte Trump hem kendininkinin, hem de çok kutuplu dünyada bir kutup olarak ABD’nin geleceğinin üstünü karalamıştır. Bunu yaparak da, gelecekte Amerika’nın ölüm fermanını imzalamıştır.</p><p>Gücü giderek büyüyen çok kutuplu dünya için, ABD artık sürecin bir öznesi değil, bir nesne, tıpkı Trump’ın Süleymani’ye suikast düzenleyerek, sadece Tahran’a değil, Bağdat’a, Ankara’ya, Moskova’ya ve Pekin’e de yalnızca engelleri temsil eden “nesneler” muamelesi yaptığı gibi bir nesne. Amerikan hegemonyasının güçlendirilmesi. Bu savaş anlamına gelmektedir, çünkü zaten tek kutupluluk ve çok kutupluluk çatışması, özne olabilme statüsü için verilen bir savaştır. Bugünün dünyasında iki özne olamaz; ya Trump’ın ısrar etmeye çalıştığı gibi, sadece bir tane olabilir, ya da Rusya, Çin, İran, Türkiye ve çok kutupluluğu kabul eden diğer tüm ülkelerin stratejilerinin temelini oluşturduğu gibi ikiden fazla olabilir.</p><p><strong>ÇOK KUTUPLU GÜÇLERİN BAŞARISI: AMERİKA’NIN SONU</strong></p><p>Küresel güçler dengesinin bu analizi, dünya siyasetinin tüm yapısını önemli ölçüde keskinleştirmektedir, çünkü şu anki durumu George W. Bush, Obama ve Hillary Clinton’ın iktidarlarının ruhundaki siyasete geri götürmektedir. İğneleyici bir şekilde Hillary ile alay eden Trump, bugün tıpkı o eli kanlı küreselci cadı görünümüyle ortaya çıktı. Ancak son yıllarda yaşanan olaylar -Rusya’nın Ortadoğu’daki konumunun güçlenmesi, özellikle de Suriye’deki çarpıcı başarıları, Rusya ve Çin’in yakınlaşması ve Putin’in Avrasya stratejisi ile Bir Kuşak Bir Yol birleştirme projesinin bir araya gelmesi ve hatta Akdeniz’de çok kutuplu güçlerin kuvvetlenmesine olanak sağlayan, Trump’ın direkt bir çatışmadan kaçınma yolunda attığı önceki adımları (ki buradaki en önemli rolü Putin ile Erdoğan arasındaki yeniden yakınlaşma oynamıştır.)- güçler dengesini çoktan geri dönülmez bir şekilde değiştirdi. Her şeyden önce, bu bölgenin Kıyamet’in yaşanacağı diyarlara sınır komşusu olması oybirliğiyle, farklı alametler ile de olsa, her türlü siyasi kıyametçiler tarafından kabul edilmiş bir durumdur.</p><p>General Süleymani’nin öldürülmesinden sonra kaçınılmaz olayların gelişmesi, bir yandan ABD ve Batı’nın İsrail, Suudi Arabistan ve bazı Körfez ülkeleri gibi bölgesel vekillerini, bir yandan ise Rusya, Çin, İran, Türkiye ve diğer çok kutuplu güçleri yeni bir seviyeye taşıdı. ABD, muhaliflerine karşı yaptırımlarını ve ticaret savaşı politikasını kullanıyor ve insanlığın git gide daha büyük bir yüzdesi, yalnızca Asya’da değil, Avrupalı şirketler de (özellikle de Alman şirketlerinin) Kuzey Akımı projesine katıldığı için yaptırımlara tabi tutuluyor. Bu, “destekçilerine” uşak muamelesi yapan ve onları fiziksel cezalarla yöneten Amerikan hegemonyasının küstahlığının bir tezahürüdür. ABD’nin bir dostu yoktur, yalnızca köleleri ve düşmanları vardır. Bu durumda, “dünyadaki tek süper güç” çatışmaya doğru ilerliyor, bu sefer neredeyse dünyanın geri kalanının tamamı ile. Herhangi bir fırsatta, günümüzün “köleleri” hiç şüphesiz, tek kutuplu işbirlikçiliklerinden kaçmaya çalışacaklardır.</p><p>Washington, Trump’ı seçen Amerikan halkının iradesinden hiçbir ders almamıştır. Halk, Bush ve Obama’nın politikalarının devam ettirilmesi için değil, bu politikaları radikal bir şekilde reddettikleri için oylarını verdi. Amerikalı (ve daha geniş açıdan, küresel) elitler bunu hesaba katmadılar, onun yerine her şeyi “Rus hackerlar” ve “blog yazarlarının” entrikaları olarak gördüler. Ve şimdi, Trump’ın bir kere daha tüm mantık duygusunu kaybetmiş agresif küreselci elit kesime elini uzatmasıyla, Amerikan “sessiz çoğunluğunun” yapabileceği tek bir seçeneği kaldı: Amerikan hükümetinden tamamen uzaklaşmak. Eğer Trump bile küreselcilerin elinde bir oyuncak haline geldiyse, bu durum siyasi mücadelenin yasal yollarının tükendiği anlamına gelir. Orta vadede, General Süleymani’nin öldürülmesi, ABD’deki topyekûn bir iç savaşın başlamasında hissedilecektir. Eğer kimse toplumun iradesini dile getirmezse, toplumun kendisi özel bir pasif sabotaj yöntemine geçer. ABD’de beklenen şey tam olarak budur. Eğer Trump seçmese bile, Amerikan halkı, tamamen kendi kültürel ve siyasi geleneklerinin ruhuyla, çok kutupluluğu seçecektir, fakat o zaman bu devlet ile değil, Beyaz Saray’daki bir numaralı ismin bile karşı durmadığı, küreselci elitler tarafınfan “ele geçirilmiş” bir devlete karşı olacaktır. Süleymani’nin öldürülmesi, Amerika’nın sonu demektir.</p><p><strong>TEK KUTUPLU CEPHE KRİZDE</strong></p><p>ABD’nin Avrupalı ortakları, çok kutuplular kulübüyle olacak herhangi bir keskin çatışmaya hazır değil. Ne Kuzey Akımı’ndan dolayı bir tokat daha yiyen Merkel, ne de Sarı Yelekliler tarafından kuşatılmış ve şimdi ise popülizm ile karşı karşıya kalmak zorunda olduğunu anlamış olan (Rusya ve Avrupa Ordusu’nu yaratma meselelerindeki “özel konumu” ile) Macron ne de liberal AB’nin boğucu bataklığından Britanya’yı kurtarmayı başaran Boris Johnson (ki gerçekçilik duygusunu kaybetmiş Amerikalı kaçıklara, göreceli olsa da, zor kazanılmış egemenliğinden, yeni bir kölelik için bu kadar çabuk vazgeçmesi pek de olası değildir), Washington tarafından körüklenen bir Üçüncü Dünya Savaşı’nın ateşine atlamak ve o ateşte kül olup gitme arzusu ile yanmıyor. NATO, artık Orta Doğu’da ya da (Türklerin “Mavi Vatan” olarak adlandırdığı) kendi egemen kontrol alanı olan Doğu Akdeniz’de, ABD’yi desteklemeyen Türkiye’nin etrafında, gözümüzün önünde parçalanıyor. Ayrıca mutlak suretle ve tamamen mantıksızca -veya umutsuz ve hatta kışkırtıcı bir tavırla da denebilir- olan şey Arap Dünyası’yla ve daha geniş açıdan, İslam Dünyası’yla olan ilişkilerini baltalamak için İsrail’e Washington’un verdiği destektir. Aynı zamanda Trump, ABD’nin Suudi Arabistan ile olan ittifakını, ABD’nin yapısı gereği tamamen yetersiz olduğu tam bir ittifak için umut verici bir temel teşkil etmeyecek, bir mali anlaşmaya indirgemektedir.</p><p>Böylece, ABD can çekişen tek kutupluluk ve sürekli güçlenen çok kutupluluk arasındaki, bir önceki yönetiminkine göre çok daha kötü koşullarda bir Üçüncü Dünya Savaşı içine giriyor. Bu şartlar altında, Trump’ın yeniden seçilmesi gerekiyor, çünkü her zamanki gibi onu Süleymani’yi öldürmeye zorlayanlar, yine onu alaşağı etmeye çalışacaklardır. Süleymani’nin öldürülmesinden sonra hem savaş hem de barış, Trump’ın konumunu zedeler. Süleymani suikastı, onun sonunu getirecek ölümcül bir karardı. Trump’ın bu intihar hamlesini destekleyen Avrupalı sağ-popülistlerin konumları da önemli ölçüde zedelendi. Mesele, Amerika’nın tarafını seçmiş olmaları bile değil, mesele tek kutuplulukta yok olup gitmek için bir tavır takınmaları ve bu durumun herkesi mahvedebilmesidir.</p><p><strong>ÇOK KUTUPLU DÜNYANIN YENİ UMUTLARI</strong></p><p>General Süleymani suikastının bazı sonuçları zaten ortadadır. İran, Pentagon’u IŞİD ile birlikte bir terör örgütü ilan etti ve bu da General Süleymani’nin başına gelenin, her Amerikan askerinin başına da gelebileceği anlamına geliyor. ABD, Irak’taki Amerikan üslerine yapılan füze saldırılarına yanıt vermediği için, İran savaş kabiliyetinden tamamen emin bir hale gelecek ve Rusya’ya daha çok güvenerek canlılıkla yeniden silah geliştirmeye başlayacaktır. Bu koşullar altında, İran’ın nükleer silah geliştirme anlaşmasından çekilmesini çoktan ilan etmiş olması önemlidir -çünkü ne de olsa kaybedecek bir şeyi yoktur. Başka bir İslam devleti olan Pakistan, halihazırda nükleer silahlara sahip durumdadır. İran’ın bir diğer bölgesel rakibi olan İsrail de öyle. Tahran’ın artık resmi olarak “terörist” olarak gördüğü taraflarla anlaşma yapması için hiçbir sebebi yoktur.</p><p>Şiilerin nüfusunun çoğunluğunu oluşturduğu Irak’ın konumu da burada önem taşıyor. Tüm Şii dünyasının gözünde General Kasım Süleymani, tartışmasız şekilde bir kahramandı. Bu nedenle Irak parlamentosu, tüm Amerikan güçlerinin Irak topraklarından derhal çekilmesini talep etti. Tabii ki, demokratik bir meclisten çıkan bu karar, kesinlikle ciddiyetsiz Amerikan katilleri için yeterli değildir -çünkü onlar gerekli gördükleri ve kar edebilecekleri her yerde bulunacaklardır. Ama bu, sadece Şiilerin değil, radikal bir şekilde Amerikan karşıtı olan sünnilerin de (bu yüzden Saddam Hüseyin’in Sünni destekçileri, Şiilerin anlaşma yapmak zorunda kaldığı Amerikalılara karşı IŞİD’e katıldı). Şimdi Iraklı olan herkes, hem Şiiler hem de Sünniler Amerikan askerlerinin geri çekilmesini talep ediyor, çünkü şu anda, ABD’nin son zamanlarda alaycı bir şekilde ihanet ettiği bazı Kürtler hariç, Irak nüfusunun neredeyse tamamı, işgalcilere karşı silahlı bir mücadeleye başlamaya hazır. Bu zaten yeterince fazla, ama Irak, Amerikanlara karşı savaşında, İran ve Türkiye’den aldığı destek gibi, birlikte çok kutupluluğun sütunlarını temsil eden Rusya’dan ve kısmen Çin’den de destek alabilir.</p><p>Bu durumda, Rusya’nın konumu çok önemlidir: bir yandan Rusya devletler konumunun tarafsızlığını, barış arzusunu ve Irak’ın egemenliğinin yeniden kurulması isteğini samimi ve tutarlı gösteren, etnik gruplar ve dini akımlar arasında gerçekleşen bölgesel çatışmalara dahil değilken; öte yandan da, Irak’ın özgürlük ve bağımsızlık savaşını desteklemek için önemli düzeyde silahlı destekte bulunuyor (Rusya’nın tüm etkinliğini gösterdiği Suriye’de, ya da şu anda Libya’da olduğu gibi). Irak şimdi bütün dünya siyasetinin ana platformu haline geliyor, ve bir kez daha Orta Doğu’nun kalbinde dünyanın en eski uygarlığı ile, İncil’in coğrafyasına göre, bir zamanlar “yeryüzündeki cennet” olan ve bugün tam tersine dönüştürülmüş olan topraklardayız.</p><p>Bu şartlar altında en önemli şey, küresel bir açıdan Trump’ın “ölümcül hatası” olarak kabul edilmesi gereken şeyden istifade etmektir. General Süleymani suikastı, ABD’nin konumunu güçlendirmedi, bundan ziyade çok kutupluluğa doğru barışçıl bir geçiş senaryosundan dışladı ve Amerikan siyasetinin başarılı ve uzun vadeli bir reformu için her türlü şansı, Trump’ın elinden aldı. Tüm çevre halklara karşı tam bir nefretle rehin tutulan İsrail’in durumu son derece sorunlu hale geliyor. İsrail’in, tek kutuplu dünya düzeninin ölümüyle birlikte yitip gitmesi muhtemeldir ve bunun için onu bu tür intihar adımlarına iten Trump’a ve İsrail aşırı sağına “teşekkür etmesi” gerekiyor...</p><p><strong>RUSYA AZMEDİYOR VE KAZANIYOR</strong></p><p>Peki ya Rusya? Rusya açık bir şekilde İran’ın tarafını seçmek için acele etmemişken, İran elitlerinden bir kesim, ABD ile müzakere etmeyi tercih etti ve Moskova ile yakınlaşmayı önlemek istedi. Her iki güç Rusya ve İran’da da, “altıncı kol”, Moskova-Tahran eksenini kırmaya ve her şeye rağmen İranlıların ve Rusların, tek kutuplu dünyanın kontrolündeki aşırılık yanlılarına karşı yan yana savaştığı Suriye’de (General Süleymani döneminde) şekillenmeye başlayan sıkı bir Rus-Şii ittifakını önlemeye çalıştı. Bu tür girişimler kesinlikle devam edecektir ve küreselciler, muhafazakarları devirmek ve İran’ı bir iç savaşın kaosuna sürüklemek için, İran’daki “beşinci kolu” “renk devrimi” stratejilerinde kullanmaya çalışacaklardır. Batı, kesinlikle Rusya için de aynı senaryoyu başlatmaya hazır ve Rusya’nın bağımsızlıkçı ve çok kutuplu siyasetinin ana güvencesini temsil eden Putin’in, son iktidar döneminin sonuna yaklaşıldıkça, bu durum daha da önemli hale gelmektedir.</p><p>Tek kutuplu dünyanın sonu geldi, ama savaşmadan pes edeceğini düşünmek ahmaklık olur. Dahası, General Süleymani’nin öldürülmesi gelecek için barışçıl bir senaryoyu ortadan kaldırmaktadır, zira Trump’tan ve Washington’dan artık dünya düzenindeki bu değişimi gönüllü olarak kabul etmesi ve ABD dışındaki herhangi bir gücün varlığını tanımayı kabul etmesi beklenemez. Çok kutuplu dünyanın güçleri -Rusya, Çin, İran, Türkiye, Irak ve diğerleri- için geriye kalan tek şey, çok kutupluluğa karşı çıkan herkesi, çok kutupluluğu kabul etmeye zorlamaktır. Sonuçta bu, kimseyi Rus ya da Çin hakimiyetini kabul etmeye zorlamak değildir. Bu, çok kutupluluğun tek kutupluluktan farkıdır. Çok kutuplu dünya, herkese kendi seçtikleri değerlerle, istedikleri toplum şeklini inşa etme hakkını verir. Burada evrensel bir kriter yok; hiç kimsenin kimseye, kendi ulusal kimliğini güçlendirme, kendi medeniyetini kurma (başkalarının hoşuna gitse de gitmese de) ve (başkasının değil) kendi geleceğinde yaşaması haklarına saygı duymaktan başka borcu yoktur. Çok kutupluluğa doğru yönelme, sadece tek kutuplu dünyayı, Amerikan hegemonyasını ve kapitalist sistemi evrensel bir gerçek olarak kabul eden totaliter liberal ideolojiyi feda eder. Batı istediği kadar liberal ve kapitalist kalabilir, ancak diğer kültürler için çok zehirli olan bu ideolojinin ve ekonomik sistemin sınırları kesin bir şekilde belirlenmelidir. Bu, uğruna can verdiği, çok kutuplu dünyanın şehidi, direnişin kahramanı, büyük İranlı General Kasım Süleymani’nin, mücadelesinin verilme sebebidir.</p>","outro":"","hideAds":false,"createdDate":1580192794741,"updatedDate":1580192794741,"hitCount":1634,"active":true,"lastUpdaterIp":"162.158.22.212","hasEmbeddedTitle":false,"showOnHomePage":false,"currentUrl":"buyuk-kitalar-savasinin-yeni-cografyasi-199950"},{"id":127262,"title":"Çok kutuplu dünya yapısı içinde Türkiye","contentType":"CORNER_POST","coverImage":"","socialMediaImage":"","publicationDate":1558911720000,"tags":[],"spot":"","body":"<p>Bug&uuml;n, g&uuml;n&uuml;m&uuml;z Rusya&rsquo;sının da &ouml;nc&uuml;l&uuml;k ettiği &ccedil;ok kutuplu d&uuml;nya anlayışı, t&uuml;m halkları, &ouml;zellikle de T&uuml;rkiye halkını yakından ilgilendiriyor. &Ccedil;ok kutupluluk ve onun jeopolitikası, 21. y&uuml;zyılın stratejik fikir hayatının temel konusundur.</p>\r\n\r\n<p>&Ccedil;ok kutupluluk oluşma evresindedir. Daha tamamlanmış bir s&uuml;re&ccedil; değildir ama bu doğrultuda ilerlemektedir. Tarihteki her eğilim gibi &ccedil;ok kutupluluk da ortaya &ccedil;ıkabilir, ama akim de kalabilir. Kaderde yazılı değildir, bu bir imk&acirc;ndır ve bu imk&acirc;nın hayat bulması da b&uuml;t&uuml;n &uuml;lkelere ve halklara bağlıdır.</p>\r\n\r\n<p>Vladimir Putin d&ouml;neminde Rusya, &ccedil;ok kutuplu d&uuml;nyanın inşasını temel alan bir politika izlemektedir. Bu stratejinin Avrasyacılığın bir yansıması olduğunu s&ouml;yleyebiliriz. Avrasyacılık da 21. y&uuml;zyılda değişmekte, yeni anlayışlara ihtiya&ccedil; duymaktadır. Daha net ifadeyle Avrasyacılık, &ccedil;ok kutupluluk bağlamında anlamını kazanacaktır. Bu sebeple yazımızda bunun &uuml;zerinde durmak istiyorum.</p>\r\n\r\n<p><strong>&Ccedil;OK KUTUPLULUK &Ouml;NCESİ SİSTEMLER</strong><br />\r\n&Ccedil;ok kutupluluk ilkesel olarak şunlardan ayrışmaktadır:<br />\r\n-Her ayrı milli devletin mutlak egemenliğine dayanan Westfalya Sistemi.<br />\r\n-Soğuk Savaş d&ouml;neminde oluşan iki kutuplu sistem.<br />\r\n-SSCB&rsquo;nin ve sosyalist kampın dağılması sonrasında ortaya &ccedil;ıkan tek kutuplu d&uuml;nya.</p>\r\n\r\n<p>Westfalya Sistemi, 1648&rsquo;den sonra ortaya &ccedil;ıktı ve milli devletler temelinde inşa edildi. 20. y&uuml;zyıla doğru ve &ouml;zellikle de Birinci D&uuml;nya Savaşı&rsquo;nın bitimiyle Avrupa&rsquo;nın, &ouml;zellikle de d&uuml;nyanın diğer b&ouml;lgelerinin birbirinden tamamen ayrı milli devletlerinin tek başına egemenliklerini savunmasının m&uuml;mk&uuml;n olmadığı a&ccedil;ık bir şekilde g&ouml;r&uuml;ld&uuml;. Bu, ilk başta &uuml;&ccedil; blokun oluşmasına yol a&ccedil;mıştır: Kapitalist, sosyalist ve faşist. Bunun doruğu da İkinci D&uuml;nya Savaşı&rsquo;dır. Mihver Devletlerin yenilgisi sonrasında iki kutuplu d&uuml;nya meydana gelmiş, bu d&uuml;nyada sadece iki s&uuml;per g&uuml;&ccedil; ABD ve SSCB, ger&ccedil;ek anlamda egemenliğe sahip olmuş, geriye kalan &uuml;lkeler ise iki kamptan birine katılmak zorunda kalmıştır. Bu mantıkla T&uuml;rkiye, NATO&rsquo;ya girmiş, kapitalist Batı&rsquo;nın tarafında yer almıştır.</p>\r\n\r\n<p><strong>K&Uuml;RESELEŞMENİN BAŞLANGICI</strong><br />\r\nSSCB&rsquo;nin ve Varşova Paktı&rsquo;nın dağılmasından sonra tek kutuplu d&uuml;nyanın oluşmasıyla Batı, d&uuml;nyanın tek egemen g&uuml;c&uuml; olma noktasına geldi. Bu, h&acirc;kim ideoloji olarak k&uuml;reselleşmenin başlangıcı oldu. Fukuyama, &ldquo;tarihin sonu&rdquo;, yani Batı&rsquo;nın d&uuml;nyanın diğer kalanları &uuml;zerindeki kesin zaferi tezini ortaya attı. Ger&ccedil;ek egemenlik, sadece ABD ve m&uuml;ttefiklerinin tekeline girdi.<br />\r\nAncak neredeyse bunun hemen ardından karşıt s&uuml;re&ccedil;ler de kendini g&ouml;sterdi. &Ccedil;in ve Hindistan&rsquo;ın ayrı medeniyetler olarak bağımsız y&uuml;kselişleri, İslam d&uuml;nyasında Batı&rsquo;nın mutlak hegemonyasını reddi gibi. Son olarak, &ccedil;ok kutupluluk i&ccedil;in &ouml;n şartlar, ABD&rsquo;nin ve m&uuml;ttefiklerinin İslam devletlerine karşı fiili savaşına yol a&ccedil;an 9/11&rsquo;deki ter&ouml;r eylemlerinden sonra ve ayrıca &Ccedil;in&rsquo;in keskin y&uuml;kselişine ve Putin&rsquo;in Rusya&rsquo;da bağımsız bir politika geliştirmesi ve &uuml;lkenin egemenliğini yeniden tesis etmesine bağlı olarak ortaya &ccedil;ıktı. B&ouml;ylece &Ccedil;in, Rusya ve İslam &uuml;lkeleri tek kutupluluğa meydan okudular.&nbsp;</p>\r\n\r\n<p>Huntington, olayların gelişimini 90&rsquo;ların başında &ldquo;medeniyetler &ccedil;atışması&rdquo; olarak &ouml;ng&ouml;rd&uuml; ve bu, 2000&rsquo;lerde bir olgu gibi kabul edildi. Ancak medeniyetlerin tarih sahnesine yeniden &ccedil;ıkışı, aralarındaki ka&ccedil;ınılmaz &ccedil;atışma anlamına gelmiyordu. Aksine, &ccedil;atışma giderek artan bir şekilde Batı hegemonyası ve tek kutuplu bir d&uuml;nya d&uuml;zeni ile her uygarlığın yerini bulabileceği ve diğer uygarlıklarla barış i&ccedil;inde var olabileceği &ccedil;ok kutuplu bir d&uuml;nya arasında belirmeye başladı.</p>\r\n\r\n<p><strong>MEDENİYET KAVRAMI</strong><br />\r\nMedeniyet kavramı, &ccedil;ok kutupluluğun şifresini &ccedil;&ouml;zmede en &ouml;nemli anahtardır. Bu, ne Westfalya Sistemi&rsquo;ndeki milli devlettir, ne iki kutuplu d&uuml;nyanın siyasal ideolojisidir, ne de k&uuml;reselcilerin teorilerindeki tek d&uuml;nya devletidir. Medeniyet, entegre edilmesi gereken geniş bir alandır. Rusya &ouml;zelinde Avrasya&rsquo;dır, &Ccedil;in &ouml;zelinde &uuml;lkenin kendisi ve de kendisine komşu &uuml;lke ve devletlerden oluşan b&ouml;lgedir. İslam d&uuml;nyası da i&ccedil;inde farklı b&uuml;y&uuml;k alanları (Şii, T&uuml;rki, Arap, Malay vd.) barındırsa da bir medeniyettir. Bunlara kadim devlet geleneği ve k&uuml;lt&uuml;r birikimiyle T&uuml;rk medeniyetini de ekleyebiliriz.</p>\r\n\r\n<p>&Uuml;lkelerimizin dar anlamda Avrasya projeleri olabilir: Rusya a&ccedil;ısından &ccedil;evresindeki devasa alanın birleştirilmesi, T&uuml;rkiye a&ccedil;ısından T&uuml;rk d&uuml;nyasının bir araya getirilmesi gibi. B&uuml;y&uuml;k Avrasya, Rusya ve &Ccedil;in&rsquo;in stratejik ortaklığıdır, Moskova-Ankara-Tahran Avrasya &uuml;&ccedil;geni, bunun olmazsa olmazıdır. &Ccedil;in&rsquo;in Tek Yol Tek Kuşak Projesi, daha da geniştir ve Avrupa d&acirc;hil t&uuml;m Avrasya kıtasının ekonomik ve ulaşım entegrasyonunu i&ccedil;erir.</p>\r\n\r\n<p>Ancak b&uuml;t&uuml;n bu &ccedil;ok kutupluluk projeleri ve Avrasyacılığın farklı versiyonları, Batı&rsquo;nın tekelci hegemonyasını ve onların değerlerinin evrenselliğini reddetmektedir. Bu sebeple &ccedil;ok kutupluluğun b&uuml;t&uuml;n projeleri, tek kutupluluğa ve liberal k&uuml;reselleşmeye karşı y&ouml;nelmiştir. &Ccedil;in, Rus, T&uuml;rk, Hint, İslam k&uuml;lt&uuml;rleri t&uuml;m farklılıklarıyla kendilerine hastır ve Batı bireyciliğinden, hiper-kapitalizmden, LGBT&rsquo;lerin y&uuml;kselişte olduğu Batı toplumlardan keskin bir şekilde ayrışmaktadır. Bu da &ccedil;ok kutupluluğun temel bağlamlarındandır.</p>\r\n\r\n<p><strong>BATI İKİYE B&Ouml;L&Uuml;ND&Uuml;</strong><br />\r\nAncak Batı ve k&uuml;reselcilerin, bizzat Batı&rsquo;da her ge&ccedil;en g&uuml;n k&uuml;reselleşme karşıtı protestolar artmasına rağmen savaşmadan geri &ccedil;ekilmeye niyeti yok. K&uuml;reselcilere karşı bu tepkiyi Trump ve Avrupa&rsquo;daki pop&uuml;lizm (sağ ve sol) &ouml;rneğinde g&ouml;r&uuml;yoruz. Bu nedenle, Huntington&rsquo;un bu sorunu form&uuml;le ettiği gibi, artık her şeyi &ldquo;the West against the Rest&rdquo; (Batı gerisine karşı) d&uuml;alizmine indirgemek m&uuml;mk&uuml;n değil.&nbsp;</p>\r\n\r\n<p>Batı&rsquo;nın kendisi ikiye b&ouml;l&uuml;nm&uuml;ş durumda: Bir kısmı, tek kutupluluk ve k&uuml;reselleşmede ısrar etmeye devam ederken; &ouml;b&uuml;r kısmı, Batı&rsquo;yı diğerleriyle birlikte uygarlıklardan biri olarak g&ouml;r&uuml;yor, yapay karışımı engelleyerek kimliğini ve k&uuml;lt&uuml;r&uuml;n&uuml; korumaya &ccedil;alışıyor. Bu analiz g&ouml;stermektedir ki, &ccedil;ok kutuplu d&uuml;nyaya y&ouml;nelim g&uuml;&ccedil;leniyor, tek kutupluluk ise h&acirc;l&acirc; olduk&ccedil;a g&uuml;&ccedil;l&uuml; olsa da adım adım yıkılıyor.</p>\r\n\r\n<p>Tek kutupluluğun ve k&uuml;reselcilerin &ouml;nde gelen temsilcileri ise renkli devrimlerin sponsoru multimilyarder George Soros, Amerikanlıların &ccedil;oğunluğu tarafından reddedilen klasik liberal-k&uuml;reselci ideolojide ısrarıyla Trump karşısında rezil bir şekilde se&ccedil;imi kaybeden Hillary Clinton gibi isimlerdir.</p>\r\n\r\n<p><strong>T&Uuml;RKİYE&rsquo;NİN YERİ</strong><br />\r\nŞimdi netleştirilmesi gereken şu: T&uuml;rkiye, &ccedil;ok kutuplu d&uuml;nyada nerede duracak? Bu sorunun cevabı h&acirc;l&acirc; tam verilmiş değil. Bir taraftan T&uuml;rkiye, NATO &uuml;yesi ve Batı&rsquo;nın stratejik yapısının bir par&ccedil;ası. Bu, Soğuk Savaş&rsquo;ın ve iki kutuplu d&uuml;nyanın kalıntısı ve ataletidir.&nbsp;</p>\r\n\r\n<p>Ancak bu konum, ge&ccedil;erliliğini kaybediyor, &ouml;yle ki, Rusya T&uuml;rkiye i&ccedil;in fiili bir tehdit oluşturmuyor, tam tersine ABD, T&uuml;rkiye&rsquo;nin kendi egemenliğini tekrardan tesis etmesi y&ouml;n&uuml;ndeki adımlarından rahatsız. Bunun haricinde T&uuml;rk toplumu, k&uuml;resel liberal ideoloji ile T&uuml;rkiye&rsquo;nin kurucu ideolojisi ve tarihsel-dini değerlerinin &ccedil;eliştiğini &ccedil;ok daha net bir şekilde g&ouml;r&uuml;yor. Buradan hareketle mantıksal şu &ccedil;ıkarımı yapabiliriz: T&uuml;rkiye&rsquo;nin yeri &ccedil;ok kutuplu d&uuml;nya taraftarlarının kampındadır.</p>\r\n\r\n<p><strong>&Ccedil;OK KUTUPLU D&Uuml;NYADA T&Uuml;RKİYE&rsquo;NİN ROL&Uuml;</strong><br />\r\nN&uuml;fusunun &ccedil;oğunluğu M&uuml;sl&uuml;man bir &uuml;lke olan T&uuml;rkiye, Arap ve İran k&uuml;lt&uuml;r&uuml;nden ayrışıyor. T&uuml;rkiye, kendine &ouml;zg&uuml; geniş bir medeniyet alanı olarak birka&ccedil; geleneği b&uuml;nyesinde toplamış durumda: İlk G&ouml;kt&uuml;rk Kağanlığı&rsquo;ndan G&ouml;k Orda&rsquo;ya kadar T&uuml;rk Turan devletleri, İslam halifeliği, Bizans İmparatorluğu, Osmanlı İmparatorluğu ve Kemalist Devrim. Bu geleneklerin kesişmesi T&uuml;rkiye&rsquo;yi yarattı.&nbsp;</p>\r\n\r\n<p>Bu sebeple &ccedil;ok kutupluluk bağlamında T&uuml;rkiye, &ccedil;ok &ouml;nemli bir rol oynayabilir, &ouml;yle ki, kısmen Avrasya uygarlığına, kısmen İslam uygarlığına, kısmen de Avrupa uygarlığına aittir. Bu, Ankara&rsquo;ya &ccedil;ok geniş imk&acirc;nlar sunuyor, Avrasya ittifakının ve İslam d&uuml;nyasının &ouml;nde gelen kutuplarından biri olma şansını veriyor. Bununla birlikte T&uuml;rk-Rus ittifakı, Batı karşısında T&uuml;rkiye&rsquo;nin konumunu sağlamlaştırıyor. Suriye krizi sırasında Rusya&rsquo;yla sağlanan koordinasyon, iki &uuml;lkenin ortak hareket ettiği zaman yakalayabileceği başarıları g&ouml;steriyor. Avrasya&rsquo;nın ekonomik a&ccedil;ıdan sunduğu fırsatlar da T&uuml;rkiye a&ccedil;ısından hayati &ouml;nem taşıyor. Bu sebeple &ccedil;ok kutuplu d&uuml;nya T&uuml;rkiye i&ccedil;in her anlamda bir g&uuml;vencedir.<br />\r\n&nbsp;</p>\r\n","hideAds":false,"createdDate":1558911373000,"updatedDate":1558943169000,"hitCount":18797,"active":true,"lastUpdaterIp":"162.158.91.20","hasEmbeddedTitle":false,"showOnHomePage":false,"currentUrl":"cok-kutuplu-dunya-yapisi-icinde-turkiye-aleksandr-dugin-kose-yazilari-mayis-2019"}]},"success":true}