{"data":{"totalCount":6,"author":{"id":167,"name":"Beyazıt Karataş","image":"2020/1/15/5e7b07d7-a639-475b-904d-a2a0e9f42fef.jpg","authorType":"OLD","emailAddress":"beyazitkaratas@yahoo.com","twitter":"","facebook":"","background":"","active":true,"socialImage":"2020/1/15/905990e4-2f6f-4b2e-8e11-0973261ded89.jpg","slugUrl":"beyazit-karatas"},"contents":[{"id":199761,"title":"Shanahan'ın mektubu paçavra hükmünde","contentType":"CORNER_POST","coverImage":"","coverCode":"","publicationDate":1575634980000,"tags":[],"intro":"","spot":"","body":"<p><strong>1) ABD Savunma Bakan Vekili Patrick Shanahan tarafından Milli Savunma Bakanı Hulusi Akar’a gönderilen ve ikinci Johnson mektubu olarak görülen gelişmelere ilişkin değerlendirmeleriniz nelerdir?</strong></p><p>06 Haziran 2019 tarihinde ABD Savunma Bakan Vekili Patrick Shanahan tarafından Milli Savunma Bakanı Hulusi Akar’a bir mektup gönderilmiştir. Gönderilen mektup, ABD tarafından daha önce devamlı olarak dile getirilen S-400 alırsanız F-35 programından çıkarılması başta olmak üzere Türkiye’ye yönelik bir dizi tehdit, şantaj ve yaptırımları içermektedir.</p><p>ABD Savunma Bakan Vekili Patrick Shanahan’ın mektubu özetle; politik, askeri ve ekonomik olarak Türkiye karşı yaptırımların uygulanacağını kaba ve terbiyesizce bir lisanla ortaya koymaktadır. Mektupla ilgili düşüncelerimi çok net olarak ifade etmek istiyorum. Bu bir ültimatomdur. Ültimatom, farklı kullanımları olan bir sözcüktür. Ültimatom uluslararası ilişkilerde; Bir devletin başka bir devlete verdiği ve hiçbir tartışma veya karşı koymaya yer bırakmaksızın, tanıdığı sürede isteklerinin yerine getirilmesini istediği&nbsp;<strong>NOTA</strong>'dır. Ayrıca günlük kullanımda; uyulması gereken kuralları kesin ve mutlak bir lisan ile anlatmaya da ültimatom denir.</p><p>ABD Kongresinin her iki kanadı tarafından neredeyse haftada bir Türkiye’ye baskı uygulamak için aldığı kararlara, çıkardığı veya çıkaracağı yasalara, şımarık ve hukuk tanımaz davranışlara cevabımızın, daha sert bir şekilde verilmesinin gerektiğini sade bir vatandaş olarak tekrar vurgulamak istiyorum. Benim için&nbsp;<strong>paçavra hükmündeki</strong>&nbsp;son mektuba değil, ABD Senatosunda yaklaşık iki yıldır Rum, Ermeni, FETÖ ve PKK lobilerince desteklenen senatörler tarafından özellikle bütçe kanunları içerisine yerleştirilen Türkiye aleyhine kanunlar ve kanun tasarılarına, özetle Türkiye’nin S-400’leri almasını bahane göstererek aslında politik, ekonomik, F-35, CH-47F Chinook helikopterleri, UH-60 Black Hawk helikopterleri ve F-16 uçakları başta olmak üzere silah, malzeme teçhizatı kapsayan geniş kapsamlı silah ambargosunu içeren askeri yaptırımların hazırlıklarına da artık daha ciddi tepkilerin verilmesini bekliyorum.</p><p><strong>TÜRKİYE'NİN YAPTIRIMI S-400</strong></p><p>Türkiye’ye yönelik bu saldırılar devam ederken ABD bırakın boy aynasına bakmayı, sudaki yansımasına bile bakmaktan uzaktadır. Biz o zaman Türkiye’nin S-400 füzeleri için neden ısrarcı olduğunu bir kez daha ifade edelim, öğrenelim, etrafımızla paylaşalım. ABD ve bazı Batı ülkeleri, PKK/KCK, PYD/YPG ve FETÖ/PDY ile mücadelede Türkiye’ye karşı iki yüzlü bir politika uygulamakta ve terör örgütlerini destekleyerek ülke güvenliğimizi yıllardır tehdit etmektedir. ABD’nin çeşitli bahanelerle yüksek teknoloji ürünü silahları, son yıllarda ise daha düşük kapasiteli silahları, bırakın Patriot satmayı tabanca bile satmaktan vazgeçmesi üzerine Türkiye farklı kaynaklara ve işbirliği yapacağı ülkelere yönelmiştir. Türkiye elbette PKK/KCK ve PYD/YPG’ye kara gücüm diyen, 21 Mart 1999’dan beri FETÖ elebaşına ev sahipliği yapan, 15 Temmuz darbe girişiminin arkasında olan ülke ve ülkelere karşı bazı yaptırımlar uygulayacaktır. Bunlardan birisi de siyasi karar gerektiren Rusya’dan S-400 alımı örnek olarak gösterilebilir.</p><p>Öncelikle S-400 alırsan F-35 vermem tartışmalarını ABD başlatmıştır. S-400’lere ilişkin tartışmayı başlatıp yanlış zemine çeken ve Türkiye’ye tehditler savurmaya kalkan ABD’dir. ABD, F-35’leri tartışmaya açarak uçakların eksikliklerinin ortaya çıkmasına ve kamuoyu tarafından yakından takip edilmesine imkan tanımıştır. ABD tam da bunu yapmış, tekrarlıyorum çok da iyi olmuştur. O zaman ABD’nin kesin olarak içerisinde yer aldığı ve/veya destekledikleri olmak üzere son 60 yılda Türkiye-ABD arasındaki krizlere ilişkin bir kısmı unutturulan, bir kısmı ise hiç konuşulmayan tüm krizlere ait düşüncelerimi genişletilmiş şekliyle paylaşmak ve tartışmaya açmak istiyorum.</p><p><strong>Son 60 yılda Türkiye-ABD arasındaki krizler:</strong></p><p>- 1960 İncirlik Kalkışlı U-2 Casus Uçağı Krizi.</p><p>- 1962 Jüpiter Füzeleri Krizi.</p><p>- 1964 Lyndon B. Johnson Mektubu Krizi.</p><p>- 1974 Haşhaş Ekimi Krizi.</p><p>- 1974 Kıbrıs Barış Harekatı Krizi.</p><p>- 1975 ABD Silah Ambargosu Krizi.</p><p>- 1975 Türkiye’nin 21 Üs/Tesisi ABD Kullanımına Kapatması Krizi.</p><p>- 1975 Ermeni ASALA Terör Örgütünün Desteklenmesi Krizi.</p><p>- 1984 ABD’nin PKK Terör Örgütüne Desteği Krizi.</p><p>- 1992 TCG Muavenet Muhribi’nin Vurulması Krizi.</p><p>- 2001 Birinci Körfez Harbi ve Çekiç Güç Krizi.</p><p>- 2003 Irak Tezkeresi’nin Reddi Krizi.</p><p>- 2003 Birinci Körfez Harbi ve Irak’ın İşgali, Irak’ın Kuzeyi ile PKK Desteği Krizi.</p><p>- 2003 Süleymaniye Olayı (Çuval) Krizi.</p><p>- 2011 Suriye İç Savaşı ve PKK/KCK, PYD/YPG Desteği Krizi.</p><p>- 2013 Çin FD-2000 Hava Savunma Sistemi Tedariği Krizi.</p><p>- 2016 15 Temmuz Darbe Girişimi ve FETÖ/PDY Krizi.</p><p>- 2016-Pastör Andrew Craig Brunson’ın Tutuklanması Krizi.</p><p>- 2017 ABD Büyükelçilik/Konsolosluk Çalışanlarının Tutuklanması Krizi.</p><p>- 2017 Halk Bankası Genel Müdür Yardımcısı Mehmet Hakan Atilla’nın Tutuklanması Krizi.</p><p>- 2017 Türk Vatandaşlarına Uygulanan Vize Krizi.</p><p>- 2017 Rus S-400 Hava Savunma Sistemi Tedariği Krizi.</p><p>-2019 ABD Savunma Bakan Vekili Patrick Shanahan Mektubu Krizi.</p><p><strong>2) F-35 projesindeki mevcut anlaşmalar dikkate alındığında, ABD’nin S-400 alınması halinde F-35 programından Türkiye’yi çıkarma tehdidini nasıl yorumluyorsunuz?</strong></p><p>ABD ile 25 Ocak 2007 tarihinde Milli Savunma Bakanı tarafından imzalanan tüm ortak ülkeler için 45 yıl yani Türkiye için 2052 yılına kadar geçerli F-35 Mutabakat Muhtırası ile Savunma Sanayii Müsteşar Yardımcısı tarafından imzalanan F-35 Mali Yönetim Esasları Dökümanları’na ait F-35 Mutabakat Muhtırası’nda yer alan ve katılımcı 9 ülke için geçerli bazı belgeleri daha önceki yazı/yazılarımda paylaşmıştım.</p><p>F-35’lerin ABD’nin lideri olduğu “Küresel Sermayenin, Küresel Silah Gücüdür” veya “ABD’nin Saadet Zinciridir” açıklamasını yapmış, ABD’nin “saadet zincirinin” halkasının kopmasına izin vermemek için hırçınlaştığını, tehdit ve şantajlarını sürdüreceğini ve sürdürmeye devam edeceğini ifade etmiştim. F-35 Projesine ortak 9 ülke dışında halen F-35 uçaklarını teslim almaya devam eden İsrail, Japonya ve Güney Kore dahil 8 ülke ile toplamda 17 ülke F-35’ler için şimdilik öngörülen pazar olarak projelendirilmiştir.</p><p><img src=\"2020/1/29/97ca5021-4544-4004-9bcd-7d9612d48210.png\"></p><p>06 Haziran 2019 tarihinde ABD Savunma Bakan Vekili Patrick Shanahan tarafından Milli Savunma Bakanı Hulusi Akar’a gönderilen mektup, Türkiye’yi F-35 programından çıkaracağız tehdidi, F-35 için imzalanan anlaşmaları yeniden tartışma konusu yapmıştır. F-35 Mutabakat Muhtırası, 19 Bölüm ve 6 EK’den oluşmaktadır. 10 maddeden oluşan sadece fikir vermesi açısından 1’inci maddesini paylaştığım “Değiştirme, Çekilme, Feshetme, Yürürlüğe Girme ve Geçerlilik Süresi” olarak isimlendirilen 19’uncu bölüm ile F-35 Mali Yönetim Esasları Dökümanları içerisinde yer alan maddelerde 'S-400 alırsanız F-35 programından çıkartılırsınız' diye bir madde yoktur.</p><p><img src=\"2020/1/29/3d61cdb1-8dd6-4e60-95d1-970d322565cb.png\"></p><p>Fakat haklarımızın aranması sırasında sorun çıkartacak gibi görünen F-35 Projesi Mutabakat Muhtırası Bölüm 17’de yer alan Anlaşmazlıkların Çözümü Maddesi 17.1’dir. 17.1 Maddesi; Katılımcılar arasında işbu MM bünyesinde ya da bununla ilişkili olarak ortaya çıkan anlaşmazlıklar, yalnızca katılımcılar arasında görüş alışverişi yoluyla çözülecek ve sorunun çözümü için bir kişiye, bir ulusal mahkemeye, bir uluslararası mahkemeye, ya da başka herhangi bir kişi yada kuruluşa başvurulmayacaktır.</p><p><img src=\"2020/1/29/6dd9223d-8050-4d69-b54b-763b42d6d45d.png\"></p><p>ABD’nin, Türkiye’ye yönelik S-400 alırsan F-35 Programından çıkartırım tehdidini yerine getirilebilmesi için F-35 Mutabakat Muhtırası yerine CAATSA (Countering America's Adversaries Through Sanctions Act) Yasasını uygulama oranının, açıkladığım özet nedenlerden dolayı daha güçlü olduğu anlaşılmaktadır.</p><p>CAATSA, ABD Temsilciler Meclisi ve Senatosu’nun çıkarttığı, 02 Ağustos 2017’de Başkan Donald Trump tarafından onaylanan İran, Kuzey Kore ve Rusya’ya uygulanan yaptırımları güçlendiren bir yasadır. Başkana, yasa kapsamına giren kişi veya kurumlara karşı yasada yer alan 12 yaptırımdan en az beşini uygulamaya koyma yetkisi vermektedir. Türkiye’yi ilgilendiren tarafıysa sadece bu üç ülkeye karşı değil bu ülkelerle ticaret yapan şirketlere, şahıslara, dolayısıyla da ülkelere karşı uygulanabilecek olmasıdır. Uygulama yetkisi büyük ölçüde yürütmenin başı olan Başkan’a bırakılmış ama içeriği Türkiye de dahil pek çok devleti rahatsız edebilecek mahiyettedir. Her şeyden önce yasa ABD’nin egemenlik alanının genişletilmesi anlamına gelmektedir. ABD kendi tercihlerini bu yasayla da bir kez daha diğer devletlere dayatmaktadır. Yani insan hakları ve demokrasiden söz eden ABD’nin haydutluğunun resmidir.</p><p>Türkiye’nin, S-400 alımı ile birlikte karşılaşacağı yaptırımlar dikkate alınarak başta 25 Ocak 2007 tarihinde Milli Savunma Bakanı tarafından imzalanan tüm ortak ülkeler için 45 yıl geçerli F-35 Mutabakat Muhtırası ve Savunma Sanayii Müsteşar Yardımcısı tarafından imzalanan F-35 Mali Yönetim Esasları Dökümanları ile CAATSA yasasının dikkatlice konusunda uzman hukukçulara inceletilmesi zorunluluk halini almıştır. Bu konuda gerekli adımların başta Milli Savunma Bakanlığı ve Savunma Sanayii Başkanlığı tarafından atıldığını umuyorum. Bu yazımda eski tecrübelerime dayanarak bir öneride bulunmak istiyorum. ABD ile ilişkilerde Devlet yerine yetkisi olmayan ticari kafayla düşünen üçüncü şahısları kullanarak diplomasi açısından yeni bir tabir olacak ama “Merdiven Altı” diplomasilerinin uygulanmasının geçmişte Türkiye’ye çok büyük zararlar verdiği dikkate alındığında bundan kaçınmak gerektiğini öneriyorum.</p><p><strong>3) Yazılarınıza başladığınızda TSK’da görev yaparken yaşadıklarınız ile silah arkadaşlarınızın sorunlarına yeri geldikçe dikkat çekmek istediğinizi ifade etmiştiniz. Basına yansıyan ve bizlere de ulaşan emekli binbaşıların çözüm bekleyen sorunları nelerdir?</strong></p><p>TSK İç Hizmet Kanunu 3.ve 11. Maddelerine göre Binbaşı Rütbesi, Yarbay ve Albaylar gibi üst subay statüsündedir. Binbaşı ve Yarbay, görev anlamında birbirine çok yakın rütbeler olup ikisi de üst subay statüsündedir. Binbaşı-Yarbay olarak düzenlenen Tabur Komutanlığına ya da Şube Müdürlüğüne “Tabur Komutan Vekili ya da Şube Müdür Vekili” olarak ataması yapılmaktadır. Anılan bu görevlere atanan bir Binbaşı, Tabur Komutanlığı ya da Şube Müdürlüğü makamının bütün görev, yetki ve sorumlulukları ile donatılmasına, Yarbay gibi aynı görevleri yapmasına rağmen, “Makam ve Görev Tazminatlarından” istifade edememektedir.</p><p>Sözkonusu durum, hem hukukun genel ilkelerine, hem de anayasanın eşitlik ilkelerine aykırılık teşkil etmektedir. Mevcut yasada “Makam ve Görev Tazminatları” olarak isimlendirilmesine rağmen, “Makam ve Göreve değil” adeta “ Rütbe Tazminatı” gibi nitelendirilip resmen “Rütbeye” ödenmektedir. Daha önce “Makam ve Görev Tazminatları” ile ilgili çıkarılan kanunlar, küçük rütbelerde, erken emekli olunmasını önlemek ve daha üst rütbelere teşviği artırmayı amaçlamıştır. Ancak, daha sonra yasalarda yapılan değişikliklerle ve yaş sınırı nedeniyle, zaten Binbaşı rütbesinde emekli olmak, imkansız hale getirilmiş olup, gerekçenin de bir önemi kalmamıştır.</p><p>Yarbaylarla aynı, eşit ve tabur komutanlığı seviyesinde görevleri yapan, aynı kadrolara atanan Binbaşılara “Makam ve Görev Tazminatının” verilmemesi, bir hak ihlali sorunu yaratmıştır. Emekli Binbaşılar yaklaşık 25-30 yıldır haklarını aramak için ilgili makamlara dilekçeler vermiş, İdari Mahkemelere başvurmuşlar sorunlarına çözüm bulamamışlardır. Yasama, Yürütme, Yargı, MSB ve TSK’ya başvuran emekli binbaşıların aldıkları gerekçeli karar ve yanıtlarda, “926 sayılı TSK Kanunu V sayılı cetvel” ile “568 Sayılı KHK’nde “Binbaşı görev ve rütbesi“ zikredilmediği için, binbaşılara “makam tazminatı” ödemesi uygulanamadığı ve bu doğrultuda bir Bakanlar Kurulu kararı olmadığı için de binbaşılara “görev tazminatının” verilemeyeceği cevabı ile karşılaşılmıştır.</p><p>Son dönemlerde yapılan kanun değişiklikleri ile makam ve görev tazminatlarının, çeşitli nedenlerle TSK’dan ihraç edilenler dahil uygun görülen ama aralarında emekli binbaşıların olmadığı meslek gruplarına da verilmesi “60-80” yaş aralığında olan emekli binbaşıları ve varislerini derinden üzmüş, gururlarını incitmiştir. Bunun üzerine 15 Ekim 2015 tarihinde TESUD Konak Şubesi Lokalinde İzmir’de bir araya gelen emekli binbaşılar ve onların temsilcileri ile benim de rahmetli binbaşı bacanağımın ailesi adına katıldığım toplantıda, seslerini daha iyi duyurabilmek için “Emekli Binbaşılar Platformu” oluşturulmasına karar vermişlerdir.</p><p><img src=\"2020/1/29/388b9115-b4bd-4807-9834-2101d1400f56.png\"></p><p>Emekli Binbaşılar Platformunun yaptığı planlı ve yoğun çalışmalar sonucu, Cumhurbaşkanlığı Makamına ve CİMER’e mağduriyetlerini ve önerilerini yazı ile göndermişler, TBMM’de bu işi destekleyen bazı milletvekilleri ile görüşmüşler ve soru önergesi vermek dahil desteklerini almışlar, Milli Savunma Bakanı, Genelkurmay Başkanı, Kuvvet Komutanları ve TESUD ile görüşerek sorunlarını anlatmışlar, kabul görmüşler ve tüm makamlara hazırlamış oldukları bilgi ve belgeleri takdim etmişlerdir. Emekli binbaşıların sorunlarını özetle yetkili makamlardan “duymayan” kalmamıştır.</p><p>Sonuç olarak; görevde iken ve daha sonra emekli olan binbaşıların zamanında önem verilmeyen aslında günü kurtarmaya yönelik fakat yıllar içinde birikerek bir kartopu haline gelen sorunlarını çözmek devletimizin asli görevidir. 'Türkiye yeteri kadar iç ve dış sorunlarla uğraşırken bu da şimdi nereden çıktı?' anlayışı ile yaklaşmak isteyenler için bir kere daha tekrarlamak istiyorum, aileleri ile birlikte 25 bin-30 bine ulaşan yaklaşık 5 bin emekli binbaşının asıl istekleri maaş artışı ve iyileştirme değil, yarbaylarla aynı makam ve sorumlulukları üstlenmeleri dikkate alınarak “hak ihlallerinin ve mağduriyetlerinin” daha fazla geciktirilmeden 20’inci yüzyıldan 21’inci yüzyıla, oradan da 22’inci yüzyıla kalmadan hayırlısıyla giderilmesidir.</p>","outro":"","hideAds":false,"createdDate":1578399918809,"updatedDate":1580283026389,"hitCount":1248,"active":true,"lastUpdaterIp":"141.101.99.15","hasEmbeddedTitle":false,"showOnHomePage":false,"currentUrl":"shanahan-in-mektubu-pacavra-hukmun199761-1"},{"id":199765,"title":"ABD'liler S-400'leri uydudan izleyecek, etraftaki tarlalar satın alınacak","contentType":"CORNER_POST","coverImage":"","coverCode":"","publicationDate":1570451820000,"tags":[],"intro":"","spot":"","body":"<p><strong>Soru-1) ABD’ nin tüm tehdit ve şantajlarına rağmen S-400’lerin Türkiye’ye getirileceği tarih yaklaştı. Son gelişmeleri dikkate alarak değerlendirmeleriniz nelerdir?</strong></p><p>2017'nin Aralık ayında Türkiye’nin S-400’leri almaya karar vermesinden sonra gelişmeler iç kamuoyunun yanısıra ABD ve NATO başta olmak üzere dünyada da yakından takip edilmeye başlandı. Sovyetler Birliği içerisinde ve Varşova Paktı’nda yer alıp daha sonra NATO üyesi olan Bulgaristan ve Slovakya ile NATO üyesi Yunanistan’ın bünyesinde Rus yapımı S-300’ler bulunduğu bilinmektedir. İlk kez bir NATO üyesi ülke Türkiye, tüm baskılara karşılık Rusya’dan S-400’leri tedarik etmeye karar verince, ABD’nin S-400 rahatsızlığı bırakın diplomasi sınırını, terbiyesizlik sınırlarını bile aşmış, tehdit ve şantajların dozu artmıştır.</p><p><strong>DİĞER ÜLKELERE ÖRNEK TUTUM</strong></p><p>NATO içerisinde bırakın Rus hava savunma sistemlerini, uçak ve diğer askeri teçhizata sahip ülkeler bulunmasına karşın, neden Türkiye Rus hava savunma sistemi almaya karar verince şiddetle engellenmeye çalışılıyor? Merak edilen bu sorunun cevabını net bir şekilde verelim, “Türkiye’nin coğrafi konumu ile kendi farkında olmasa bile mevcut ‘milli gücü’ diğer ülkelerle kıyaslanmayacak kadar farklıdır”.</p><p>Bu karşı çıkışı üç ana başlıkta toplayabiliriz:</p><p>Birincisi NATO’da çatlak oluşması, ikincisi Türkiye’nin Avrasya’ya daha fazla yakınlaşması, üçüncüsü Türkiye’nin bu cesur tutumunun diğer ülkelere de örnek olmasıdır. Yetkililer tarafından yapılan son resmi açıklamalar ile gelişmelere bakıldığında, Aydınlık Gazetesi'ndeki yazımın yayımlanacağı hafta S-400’lerin ilk partisinin 08-12/14 Temmuz 2019 tarihleri arasında Türkiye’ye geleceği anlaşılmaktadır. ABD’nin S-400’lere ilişkin uyguladığı baskı politikalarını bir egemenlik sorunu olarak gören Türk halkının büyük bölümünün tutumu ve düşüncesi, ABD destekli algılara rağmen S-400’lerin bir an önce Türkiye’ye getirilmesi şeklindedir.</p><p>Geçmişte ABD ile yaşanan krizlerde Türkiye’yi yönetenlerin çok onurlu politikalarının yanısıra genelde uyguladıkları yetersiz politikalar ile ABD’nin algı operasyonları dikkate alındığında S-400’lerin gelip/gelmemesi, gelse bile zaten hangarlarda muhafaza edileceği iddiaları, Türk halkının düşüncelerinde soru işaretlerinin oluşmasına neden olmuştur.</p><p>Hatta bu düşünceler o dereceye ulaşmıştır ki, S-400’lere ilişkin Türk yetkililerinin açıklamaları yerine başta ABD ve Batı kaynaklı özellikle büyük bir kısmı&nbsp;<strong>“algı”</strong>&nbsp;içeren açıklamaların bilerek/bilmeyerek tercih edildiği görülmüştür.</p><p><strong>AKINCI ÜSSÜ ELVERİŞLİ</strong></p><p>S-400’ler Hava Meydan Komutanlığı-Mürted/Ankara’ya büyük nakliye uçakları ile gelecektir. Mürted (Akıncı) Üssü, S-400’ler için elverişli bir yer konumundadır. Özellikle 15 Temmuz darbe girişimi sonrası ana üs konumundan yedek meydan durumuna getirilen Mürted, S-400’lerin ana komutanlığı olacaktır. Mürted, S-400’ler için personel eğitimleri, sistemlerin muhafaza ve bakımlarının yapılması, hava ve kara ulaşımı kolaylığının yanısıra personel ve ailelerinin iskan edilmesi açılarından, özetle her yönü ile uygun bir seçimdir.</p><p><img src=\"2020/1/29/916863e4-aad7-4103-906a-1428973e3792.png\"></p><p>15 Temmuz darbe girişimi sonrası internette çok sorgulandığı için arama motoru Google, Akıncı Üssü'ne “özel bir önem” vermiş, genelde yıllık aralıklarla çekip yayımlanan bölge fotoğraflarında bir öncelik yaparak Temmuz-Ekim 2016 arasında Akıncı Üssü'nün fotoğraflarını haftalık ve aylık olarak çekip yayımlamıştır. Örneğin; 28 Temmuz 2016 tarihli uydu görüntüsünde darbe girişimine katılan uçak ve helikopterlerin bir kısmı rahatlıkla görülmektedir.</p><p><img src=\"2020/1/29/7c15a39f-772d-43bd-9694-ddedf8cac12e.png\"></p><p><strong>ABD UYDULARLA İZLEYECEK</strong></p><p>Sonuç olarak; S-400’lerin gelişi öncesi ve sonrası başta ABD ve İsrail olmak üzere burayı uydularla her gün özel olarak izleyecekler ve istihbarat raporları hazırlayacaklardır. Ayrıca üs etrafındaki&nbsp;<strong>“tarla satın almalar”</strong>&nbsp;için bölgesel ziyaretler artacaktır.</p><p><strong>Soru-2) S-400’ler Türkiye’ye geldikten sonra nasıl bir teşkilat yapısı içerisinde görev yapacak? Kamuoyunda en çok merak edilen konulardan birisi de faal olarak kullanılıp kullanılmayacağı... Gerektiğinde intikal yerleri nereleri olacak?</strong></p><p>Türk Hava Kuvvetleri teşkilat yapısı içerisinde soğuk savaş süresince ve sonrasında 1959-2000 yılları arasında kullandığımız uzun menzilli yüksek irtifa “Nike-Hercules” hava savunma füzeleri, sistem dışı kalana kadar 15’inci Füze Üs Komutanlığı-Alemdağ/İstanbul teşkilat yapısı içerisindeki Füze Üs Komutanlıkları bünyesinde kalmıştır. 2014 yılındaki teşkilat değişikliği ile Eskişehir ve Diyarbakır’da bulunan Hava Kuvveti Komutanlıkları'ndan 2’nci Hava Kuvveti Komutanlığı-Diyarbakır kapatılmış, Eskişehir’de Muharip Hava Kuvveti ve Hava Savunma Komutanlığı olarak tek bir komutanlık kurulmuştur. Yine Eskişehir’de Muharip Hava Kuvveti Komutanlığı'na direkt bağlı Hava Savunma Komutanlığı teşkil edilmiştir. 15’inci Füze Üs Komutanlığı-Alemdağ/İstanbul yeni kurulan Hava Savunma Komutanlığı’na bağlanmıştır. Bu özet bilgiyi vermemin nedeni, S-400’ler 15’inci Füze Üs Komutanlığı’na bağlı S400 Grup Komutanlığı-Mürted/Ankara bünyesinde görev yapacaktır.</p><p><img src=\"2020/1/29/3cc72832-b717-494c-b488-f4a953bf7870.png\"></p><p><strong>DİĞERLERİNDEN DAHA İYİ</strong></p><p>S-400’lere ilişkin yaklaşık 2 yıldır detaylı bilgileri paylaşmaya devam ediyorum. Fakat yine de hatırlatmak açısından özet bilgileri tekrar paylaşacağım. S-400’ler bir hava savunma sistemi olup, saldırı silahı değildir. Türkiye’nin özellikle 1990’lı yıllardan itibaren eksikliğini hissettiği uzun menzilli yüksek irtifa hava savunma sisteminde önemli bir boşluğu dolduracaktır. S-400 Uzun Menzilli Yüksek İrtifa Hava Savunma Sistemi, Türkiye’nin gündemine giren diğer uzun menzilli yüksek irtifa hava savunma sistemlerinden imkan ve kabiliyetleri açısından mukayese tablosunda görüldüğü gibi genel olarak 2 ila 5 kat daha iyi özelliklere sahiptir.</p><p><img src=\"2020/1/29/925d65d0-9e9f-4eba-a804-c2e7ba8d46f2.png\"></p><p>Kısa, orta ve uzun menzillerde füzeleri aynı anda kullanabilen S-400’ler, radarı ile 600 kilometre uzaklıktaki hedefi algılama özelliğine sahiptirler. S-400’ler;</p><p>- Çok uzun menzilli 40N6 model füzeyle 400 kilometre,</p><p>- Uzun menzilli 48N6 model füzeyle 250 kilometre,</p><p>- Orta menzilli 9M96E2 model füzeyle 120 kilometre,</p><p>- Kısa menzilli 9M96E model füzeyle de 40 kilometredeki hedefleri vurabilmektedir. Türkiye’nin sahip olacağı füze adedi ve tipi veya tiplerinin hangi menzilleri kapsayacağı ve diğer ayrıntılar henüz açık kaynaklara yansımamakla beraber şu an “en iyi menzile sahip” füzelerin de içinde olduğu karma menzillere sahip füzelerden satın alınacağı değerlendirilmektedir.</p><p><strong>KARŞI PROPAGANDA</strong></p><p>S-400’lerin alınmasına yönelik ABD/NATO destekli karşı propaganda başlıkları ve iddiaları özetle şu şekilde olmuş/olacaktır;</p><p>- S-400’leri alamazsınız.</p><p>- S-400’leri alırsanız yaptırım uygularım.</p><p>- S-400’leri alırsanız F-35 programından çıkartırım.</p><p>- S-400’leri alırsınız ama Türkiye'ye getiremezsiniz.</p><p>- S- 400’ler gelse bile radarları kapalı olsun, aktif edilmesin.</p><p>- S-400’leri NATO savunma ağına bağlayamadığınız için etkili olmayacaktır.</p><p>- S-400’ler geldi ama intikal yerlerine gitmesin/gidemezsiniz.</p><p>- S-400’ler ve Rus personel sırlarımızı çaldılar/çalacaklar.</p><p>- S-400’ler yüzünden artık Rusya’ya bağımlı olacaksınız.</p><p>- S-400’ler NATO’dan kopuşu hızlandıracak. Bu iddiaların sonu gelmeyeceği gibi mutlaka yenileri de eklenecektir. Fazla beklemeye gerek kalmadan çok yakında S-400’lerin Türkiye’ye gelmesiyle birlikte gelişmeleri daha yakından takip edeceğiz.</p><p>Ama iddia sahiplerinin herhangi bir gerekçe göstermeden yaptıkları açıklamalarının Hava Kuvvetleri’nin çalışmalarını engelleyemediğini aksine hızlandırdığını ifade etmek istiyorum.</p><p>Türk Hava Kuvvetleri soğuk savaş döneminden günümüze kadar olan süreç içerisinde hava savunma ve füze sistemi konusunda zaten bir tecrübeye ve kültüre sahiptir. Kumpas Davalar ve 15 Temmuz darbe girişimi sonrası ağır yara alan TSK’nın her kesiminde olduğu gibi S-400 Projesi de etkilenmiş fakat proje ve hazırlıklar daha sonra yeniden hız kazanmış ve halen planlamalara uygun sürdürülmektedir.</p><p>Açık kaynaklarda yer aldığı şekliyle S-400 Grup Komutanlığı-Mürted alay seviyesinde kurulmuştur. S-400 Grup Komutanı albaydır. Alay, tabur, bölük teşkilatına uygun personel atamaları yapılmıştır. Rusya’daki eğitimlere bu personelin bazıları ilk grup olarak katılmış, bundan sonra da eğitimlere katılım yenilerle birlikte devam edecektir.</p><p>S-400’lerin ilk partisi Mürted’e getirildikten sonra zaten önceden yapılmış hazırlıklara uygun olarak üsse yerleştirilecektir.</p><p>Rusya’da eğitim gören ilk Türk personel kafilesinin katılımı ile uygun zamanda Türkiye’deki eğitimlere başlanacaktır.</p><p>Şimdilik iki sistem dört batarya olarak açıklanan S-400’lerin tamamlanması ve sonrasında da Rusya’da ve Türkiye’deki eğitimlere ihtiyaç kadar devam edilecektir.</p><p>Türkiye’deki eğitimler esnasında yeteri kadar Rus teknik ve askeri personelin eğitmen ve danışman olarak bulunacağı kesindir.</p><p>S400’lerin tamamı Türkiye’ye getirilse bile anlaşmaya uygun ihtiyaç olduğunda Rusya’ya eğitim için Türk personel gönderilmesi mümkün olacaktır.</p><p><strong>DOSTLARI TANIYACAK</strong></p><p>Milli Dost Düşman Tanıma (IFF) sistemi ile donatılacak S-400’lerin sistem ve personel açısından harbe hazırlıkları için test atışlarının Şile veya Sinop’taki atış sahalarında yapılması beklenmektedir.</p><p>Yeteri kadar personelin eğitim görmesi, sistem altyapılarının hazır hale gelmesiyle S400’ler asli veya yedek mevzilerine intikal edecek hale gelecektir.</p><p>“Bu ne kadar süre alacaktır?” sorusuna cevabım, tecrübelerime göre sistemlerin gelişi ve harbe hazırlık eğitim sürecinin başlamasından sonra yaklaşık 6 ay sürecektir. Bu açıklamalarımdan anlaşıldığı şekilde “S-400’ler faal olarak” kullanılacaktır.</p><p><img src=\"2020/1/29/a342295d-f28a-4904-ab91-a40f2fefb299.png\"></p><p>S-400’ler,&nbsp;<strong>“nokta hava savunma”</strong>&nbsp;silahı değil,&nbsp;<strong>“bölge hava savunma”</strong>&nbsp;silah sistemi olup, Türkiye’nin öncelikle stratejik askeri ve sivil hedef olabilecek unsurların korunmasında kullanılacak şekilde konuşlandırılacaktır. Yani tehdit değerlendirilmesine uygun olarak Türkiye’nin başkentine, doğu-batı, güney-kuzey her bölgesine konuşlandırılabilir.</p><p>Sistemlerin hareketli (mobil) olması Türkiye’ye bu harekat elastikiyetini kazandıracaktır. S-400’lerin harekat planlarına göre asli ve yedek mevzileri, gerginlik durumuna ve bölgesel gelişmelere uygun intikal yerleri planlanması yapılmış/yapılmaktadır.</p><p>Türk Hava Kuvvetleri’nin mevcut tecrübesi yanında S-400 sistemlerinin hareketli (mobil) ve kurulumunun kolay olması dikkate alındığında büyük bir sorunla karşılaşılacağını düşünmüyorum. Türkiye’nin coğrafi özellikleri nedeniyle her sistemin yerleştirildiği yer ve coğrafi şartlar, S-400’lerin başlangıçta açıklanan fabrika teknik değerlerinin arazi şartlarına göre yeniden hesaplanmasını zorunlu kılmaktadır. S-400 mevzii seçiminde yani konuşlandırılmasında zaten bu işlemler yapılmak zorundadır.</p><p><strong>İLAVE RADAR VE FÜZE TEDARİK EDİLMELİ</strong></p><p>Yalnız unutulmaması gereken bir diğer konu, S400’lerinin kendi öz savunması için başka füze ve uçaksavarlara da ihtiyaç vardır.</p><p>Yani bu şu demektir; S-400’lerle uyumlu, onların orta ve alçak irtifa hava savunma ihtiyacını karşılayacak ilave hava savunma radar ve füze sistemlerinin tedarik edilmesi ve milli olarak üretilmesi hedef olarak öncelikli olmalıdır.</p><p>Bu arada S-400’lerin yanısıra Milli Havadan İhbar Kontrol Uçaklarımız (HİK) önemli bir kuvvet çarpanıdır. Hiçbir zaman S-400 gibi bir hava savunma sistemi tek başına çözüm olmayacaktır. Çünkü hava savunma sistemlerinin etkili olabilmesi için alçak, orta ve uzun menzilli hava savunma unsurlarından katmanlardan oluşmasına ihtiyaç vardır.</p><p>Caydırıcılık unsuru olarak öne çıkacak S-400’ler, hava sahamızın korunmasına yönelik önemli bir adım olup, bu konudaki eksikliklerin ve mimarinin tamamlanmasına yönelik faaliyetlere dinamiklik kazandıracaktır.</p><p>2019 yılından itibaren envantere girecek S-400’ler, yapılacak anlaşmaya uygun olarak Türkiye için gelecekte uzun menzilli yüksek irtifa milli hava savunma sistemimizin üretilmesi tecrübesine önemli bir katkı sağlayacak ve Türkiye-Rusya ilişkilerinin siyasi, askeri, ekonomik boyutunun yanı sıra savunma sanayii yönüyle de gelişmesine katkı sağlayacaktır.</p><p>Sonuç olarak; ABD ve NATO, S-400 anlaşmasının sulandırılması için Türkiye’ye karşı her türlü iç ve dış baskı unsurlarını son ana kadar kullanacaklarını açıkça ifade etmektedirler. Türkiye ve Rusya arasında S-400 tedariğine ilişkin imzalanan anlaşmanın uygulanması bu anlamda Türkiye’nin güvenilirliği, güvenliği, uluslararası alanda saygınlığı ve komşu ülkelerle işbirliği açısından büyük önem içermektedir.</p><p><strong>Soru-3) 2015 yılında büyük bir rüzgarla Başbakan olan Aleksis Çipras’ın erken genel seçimleri kaybetmesini nasıl değerlendiriyorsunuz? Tek başına iktidar olan Kyriakos Miçotakis’in Türkiye ile ilişkileri nasıl olacaktır?</strong></p><p>26 Mayıs'ta yapılan Avrupa Parlamentosu (AP) seçimlerinde aldığı ağır yenilgiden sonra Yunanistan Cumhurbaşkanı Prokopis Pavlopulos'u ziyaret eden Yunanistan Başbakanı Aleksis Çipras, Ekim 2019'da yapılması gereken genel seçimlerin, parlamentonun feshedilerek erkene çekilmesini ve 7 Temmuz 2019’da yapılması kararını sunmuştu.</p><p>Buna gerekçe olarak Çipras, \"4 aylık bir seçim havasının Yunan ekonomisine zarar vereceğine” işaret etmiştir.</p><p>Bu arada Yunanistan Cumhurbaşkanı Prokopis Pavlopulos'da Yeni Demokrasi Partisi (ND) kökenlidir.</p><p>7 Temmuz 2019 tarihinde Yunanistan’da yapılan erken genel seçim sonuçlarına göre, ana muhalefetteki muhafazakar Yeni Demokrasi Partisi (ND) lideri Kiryakos Miçotakis, kesin olmayan sonuçlara göre yaklaşık yüzde 38-42 oy alarak 300 sandalyeli Yunan Parlamentosu'nda 155-167 sandalye kazanıp tek başına iktidar olacaktır.</p><p>İktidardaki Radikal Sol Koalisyon Partisi (SYRİZA) yüzde 26,5-30,5 arası oyla ikinci olup, 77-82 sandalye kazanacaktır. Böylece 2015 yılından beri iktidarda olan sol görüşlü Aleksis Çipras koltuğu eski başbakanlardan Kostandinos Miçotakis´in oğlu sağ görüşlü Kiryakos Miçotakis'e devredecektir.</p><p><img src=\"2020/1/29/d8bc5499-102c-4917-a80e-5bdef375de4d.png\"></p><p>Çok fazla ayrıntılara girmeden biraz geçmişte yolculuk yaparak özet bilgiler vermeye çalışacağım. Yunanistan’ın ekonomik iflasa gittiği dönemin baş sorumluları iki ana parti Panhelenik Sosyalist Hareket (PASOK) ve görevi bırakıp kaçan ana sorumlu Yeni Demokrasi Partisi (ND)’dir. Enkazın altına elini koyan ise Radikal Sol Koalisyon Parti (SYRİZA) Lideri Aleksis Çipras’dır.</p><p>2015-2019 yıllarında yaptığı başbakanlık görevi sırasında Yunanistan’ın iflasını kurtarmaya yönelik planları yönetmeye çalışan Çipras, fırtınalı günlerde görev yapmış yıpranmış ve seçimi kaybetmiştir.</p><p>Çipras’ın iktidara geldiği dönemde yapılan Yunanistan’daki seçimler ve liderler ile Türkiye’deki seçimler ve liderleri karşılaştırmanın uygun örnek değil sadece güzel bir&nbsp;<strong>“istatistik anı”</strong>&nbsp;olduğunu tecrübelerime göre hatırlatmak istiyorum.</p><p><strong>DEĞİŞİM BEKLEMEK HAYAL</strong></p><p>Dinlenip gömlek değiştirdikten sonra aslında ekonomik iflasın hazırlanmasına katkı sağlayan partinin başka bir yüz, yeni bir liderle seçime girerek kazandığı görülmektedir.</p><p>Yunan halkı zaten yıllar sürecek borç sarmalı altında çaresizce değişim için sandığa gitmiş, aslında yeni umutlar beklentisi ile sadece yeni bir lider seçebilmiş görülmektedir.</p><p>Yani Ege’nin öbür tarafında ne iç politikada, ne de dış politikada değişim veya Türkiye ile ilişkilerin geliştirilmesini beklemek hayalden öteye geçmeyecektir.</p><p>ABD ve AB zaten bu girişimleri baltalayacaktır. Yunanistan sıkıştığında Türkiye’yi şikayet etmek için yine ABD ve AB’yi yardıma çağıracaktır.</p><p>Sonuç olarak; Türkiye’de son günlerde yeni bir parti kurup farklı politikalar uygulayarak Türkiye’yi düzlüğe çıkarmayı vaat edenler bana Yunanistan’daki son örneği ve meşhur atasözümüzü hatırlattı:&nbsp;<strong>“Eski tas, eski hamam.”</strong>&nbsp;Gömlek değiştirip, biraz dinlenip veya saklanıp, zamanı geldiğinde fırsatçılık yapmaya soyunanlardan komşuda olduğu gibi Türkiye’de de başarı beklemek mümkün değildir.</p>","outro":"","hideAds":false,"createdDate":1578400724066,"updatedDate":1580283807806,"hitCount":1118,"active":true,"lastUpdaterIp":"141.101.99.15","hasEmbeddedTitle":false,"showOnHomePage":false,"currentUrl":"abd-liler-s-400-leri-uydudan-izleyecek-etraftatarlalar-satin-alinacak-199765-1"},{"id":199757,"title":"ABD'ye çuvalı geçirdik, sırada işbirliği var","contentType":"CORNER_POST","coverImage":"","coverCode":"","publicationDate":1563538020000,"tags":[],"intro":"","spot":"","body":"<p><strong>SORU-1) S-400 sistemine ait parçaları taşıyan nakliye uçakları Mürted/Ankara’ya inmeye başladı. Bu aşamadan sonra Türkiye-ABD ilişkilerinde neler bekliyorsunuz?</strong></p><p>ABD Yönetimi'nde ağırlıkla 2015 yılında Çin Hava Savunma Sistemleri'ni almaktan vazgeçtiği gibi S-400’ler konusunda da Türkiye’nin tehdit ve şantajlara boyun eğeceği beklentisinin yüksek olduğunu düşünmek hayalcilik olmaz. ABD Yönetimi ve Kongre içerisinde S-400’ler konusunda Türkiye’ye karşı uygulanan politikalarda, çoğunlukta olmamakta birlikte fikir ayrılıklarının olduğu da görülmektedir. Kongre'de Türkiye aleyhine geçen yasalarda yapılan oylama sonuçlarına bakıldığında, ABD’nin tehdit ve şantaj içeren politikalarının geri tepeceğini düşünenlerin sayısı azınsanmayacak kadardır. Türkiye düşmanlığını asli politika olarak kabul etmiş, ABD politikalarını esir almış başta Ermeni, Rum, FETÖ, PKK lobilerinin ve bunlara artık açık destek veren Yahudi lobisinin girişimleri görüldüğü gibi başarılı olamamış ve S-400’ler Türkiye’ye gelmiştir.</p><p>Bu arada 10 Temmuz 2019 tarihli yazımda, “S-400’lerin gelişi, öncesi ve sonrası, başta ABD ve İsrail olmak üzere Mürted’i uydularla her gün özel olarak izleyecekler ve istihbarat raporları hazırlayacaklar. Ayrıca üs etrafındaki tarlaları satın almak için bölgesel ziyaretler artacaktır” açıklamasını yapmıştım. 12 Temmuz 2019 tarihinde S-400’lerin Mürted/Ankara’ya gelmeye başlamasıyla uydu takipleri de başlamış, İsrail merkezli ImageSat International Şirketi Türkiye’ye nakledilen S-400’lere ait uydu görüntülerini yayımlayarak bizi yanıltmamıştır.</p><p><img src=\"2020/1/29/6a0a27fc-017d-4ebc-8e95-d99204d8292f.jpeg\"></p><p>ABD Savunma Bakanlığı (Pentagon), Türkiye’ye S-400’lerin gelmesine ilişkin yapmayı planladığı basın toplantısını iki kez ertelemiş ve muhtemelen ABD Başkanı'nın açıklamasını beklemeyi tercih etmiş ve daha sonra 17 Temmuz 2019 tarihinde basın toplantısı yapmıştır. Yapılan ilk resmi açıklama; Amerika Birleşik Devletleri (ABD) Başkanı Donald Trump tarafından Savunma Bakanlığı'na aday gösterilen ve ABD senatörleri tarafından sorulan soruları yanıtlayan Mark Esper, \"Türkiye eski ve önemli bir müttefik ama S-400 satın alınması Ankara ve NATO’nun güvenliğini bozuyor. S-400 almak yanlış bir karardı ve hayal kırıklığına uğrattı. S-400 alımı, F-35’in yeteneklerini ve gelecekteki hava üstünlüğümüzü koruma yeteneğimizi temelden zayıflatıyor\" demiştir. Adaylığı önce Senato Hizmetler Komitesi’nde, daha sonra Senato Genel Kurulu'nda oylanacak olan Esper, yeterli oyu alması halinda Ocak 2020 ayında James Mattis’in istifasının ardından ABD’nin Savunma Bakanı olacaktır.</p><p><strong>'BİZ DE ZOR DURUMDA KALDIK'</strong></p><p>16 Temmuz 2019 tarihinde Türkiye'nin Rusya'dan S-400 hava savunma sistemlerini teslim almaya başlamasına ilişkin olarak Beyaz Saray'daki kabine toplantısında Türkiye ve F-35'lerle ilgili değerlendirmesinde Türkiye'nin içinde bulunduğu durumu anladıklarını vurgulayan ABD Başkanı Donald Trump, \"İçinde bulunduğu çok zor bir durum ve biz de ABD olarak zor bir durumda kaldık ancak şunu ifade edeyim; ABD, Rusya'dan füze sistemi satın aldığı için NATO müttefiki Türkiye'ye F-35 savaş uçaklarını satmayacak. Çok zor bir durum fakat üzerinde çalışıyoruz. Neler olacağını göreceğiz fakat bu gerçekten adil değil\" açıklamasını yapmıştır. Ayrıca Trump, bu durumdan dolayı F-35 uçaklarının üreticisi Lockheed Martin'in memnun olmadığını çünkü firma için bunun binlerce istihdam anlamına geldiğini söylemiştir.</p><p><img src=\"2020/1/29/c329564f-9bb5-4377-b7d3-2ed050b0cf0a.jpeg\"></p><p>16 Temmuz 2019 tarihinde ABD Başkanı Trump’ın arkasından Türkiye'ye yönelik S-400 yaptırımlarına ilişkin olarak yaptığı basın toplantısında Dışişleri Bakanı Mike Pompeo ve Başkan Donald Trump'ın konuyu değerlendirdiğini belirten ABD Dışişleri Bakanlığı Sözcüsü Morgan Ortagus, \"Bakan ve Başkan, ABD'nin Hasımlarına/Düşmanlarına Yaptırımlarla Karşı Koyma Yasası (CAATSA-Countering America's Adversaries Through Sanctions Act) yaptırımları konusunda tüm seçenekleri değerlendiriyor. Sonuçlarının ne olacağını buradan oldukça açık bir şekilde belirttik. Türkiye'nin F-35'leri alamayacağına ilişkin sonuçları da bugün Başkan Trump'ın konuşmasında gördünüz. Nasıl bir yaptırım uygulanacağı konusunda henüz bir değerlendirmemiz yok ve önceden de belirtemiyoruz. Bakan ve Başkan ABD yasaları kapsamında durumu değerlendirerek gerekli kararı alacaktır” açıklamasını yapmıştır.</p><p>17 Temmuz 2019 tarihinde daha önce iki kez ertelenen Pentagon basın toplantısı, Pentagon Satın Alma ve İdame İşlerinden Sorumlu Müsteşar Yardımcısı Ellen Lord tarafından yapılmıştır. Lord, \"Türkiye'nin F-35 programına katılımını askıya alma sürecini başlatıyoruz. F-35 programı için eğitim gören Türk personel 31 Temmuz'a kadar ülkeden ayrılacak. Türkiye bu kararından dolayı iş imkanlarını ve ekonomik fırsatları kaybedecek. F-35 programıyla bağlantılı 9 milyar dolarlık bir kayıp olacak. Kaçınmak için çok çaba sarf ettiğimiz bir konuydu. İşlerin bu noktaya gelmesinden üzüntü duyuyoruz. Ama Türkiye'yi F-35 programından çıkarma kararımız sürpriz değil\" dedi. Pentagon yetkilileri, Türkiye'nin F-35 programından çıkarılması nedeniyle tedarik zincirinde yapılacak değişikliklerin yaklaşık 500-600 milyon dolara mal olacağını belirtti. \"Türkiye yakın bir NATO müttefiki olmaya devam ediyor ve askeri ilişkimiz güçlü. Türkiye ile ilişkimiz çok katmanlı ve F-35 ortaklığının ötesine uzanıyor\" denilen açıklamada, \"Şu an Türkiye’nin programdan çıkarılması ile oluşan parça açığını doldurmaya odaklanmış durumdayız\" ifadeleri kullanıldı.</p><p><img src=\"2020/1/29/93ab82bd-a578-4031-8486-ea7ffbc37d8a.jpeg\"></p><p>ABD’nin Türkiye’yi F-35 programından çıkartmakla kalmayıp politik, ekonomik ve askeri yaptırımlarla silah ambargosu uygulamakla tehdit etmesine yönelik gelişmeleri, yaklaşık 2.5 yıldır anlatıyor ve yazıyoruz. F-35 Mutabakat Muhtırası ile F-35 Mali Yönetim Esasları Dökümanları içinde 'S-400 alırsanız F-35 programından çıkartılırsınız' diye bir madde yoktur. ABD’nin bu tehditlerini uygulayabilmesi için F-35 Mutabakat Muhtırası yerine öncelikle ABD'nin Hasımlarına/Düşmanlarına Yaptırımlarla Karşı Koyma Yasası (CAATSA)’nı uygulayacağını ifade etmiştik.</p><p>CAATSA, ABD Temsilciler Meclisi'nde ve Kongresi'nde kabul edilmiş ve 02 Ağustos 2017’de Başkan Donald Trump tarafından imzalanarak uygulamaya girmiştir. Üç ana başlık ve 334 bölümden oluşan CAATSA, özetle ABD tarafından çeşitli tarihlerde İran, Rusya ve Kuzey Kore’ye yaptırımlar için hazırlanan farklı yasaları tek bir yasada toplamayı ve yaptırımlarını güçlendirmeyi hedeflemiştir.</p><p>CAATSA, ABD Başkanı'na yasa kapsamına giren kişi veya kurumlara karşı yasada yer alan 12 yaptırımdan en az beşini uygulamaya koyma yetkisi vermektedir. CAATSA sadece İran, Rusya ve Kuzey Kore’ye değil, bu ülkelerle ticaret yapan şirketlere, şahıslara, dolayısıyla da Türkiye’ye karşı da uygulanabilir. Uygulama yetkisi büyük ölçüde yürütmenin başı olan Başkan’a bırakılmış ama içeriği Türkiye dahil pek çok devleti etkileyecek mahiyettedir.</p><p><strong>TERCİHLERİNİ DAYATMA YASASI: CAATSA</strong></p><p>Her şeyden önce CAATSA, ABD’nin egemenlik alanının keyfi olarak genişletilmesi anlamına gelmektedir. CAATSA, İran, Rusya ve Kuzey Kore için başta siyasi, ekonomik ve askeri yaptırımların tamamını kapsamakta olup, yasa içerisinde hemen hemen olmayan madde yoktur. ABD kendi tercihlerini bu yasayla da bir kez daha diğer devletlere dayatmaktadır. Yani insan hakları ve demokrasiden söz eden ABD yemeden, içmeden, uyumadan, her gün yeni bir yaptırım yasası çıkarmaktadır. ABD önceden yaptığı açıklamalarla kendisini diplomatik olarak S-400 konusunda bağlamış, Türkiye’yi ve Rusya’yı küçümsemiştir. Bu yüzden ABD, başta F-35 uçaklarının Türkiye’ye satışının durdurulması dahil söylediklerinin arkasında durmak zorundadır.</p><p>ABD’nin özetle; 2020 Başkanlık seçimlerini göz önüne alarak S-400’ler konusunu sindirmekte zorlanacağı, Türkiye-Rusya-İran ilişkilerinin özellikle Suriye üzerinden bozulması için yeni politikalar geliştireceği, PKK ve türevlerine desteği artıracağı, NATO ve AB ülkelerinin desteği ile Türkiye’ye politik, ekonomik ve askeri baskıyı sürdüreceği, Türkiye iç politikasında daha önceden FETÖ örneğinde olduğu gibi yeni ortaklar arayacağı beklenmektedir.</p><p>Sonuç olarak, aslında ABD’nin hangi yasasını hangi yaptırımlarını uygulayacağını beklemek yanlıştır. Türkiye zaten S-400’ler ile ABD’nin başına çuvalı geçirmiştir. ABD başındaki çuvalı çıkarmak ve sarsılan otoritesini yeniden tesis etmek için kararlar alırken Türkiye; Rusya, İran, Çin, Mısır, Irak, Lübnan, Ürdün ile işbirliği olanaklarını daha da geliştirmeli, tekrar tekrar bıkmadan usanmadan vurgulamak istiyorum Suriye ile diplomatik ilişkilerini başlatmalıdır.</p><p><strong>SORU-2) 20 Temmuz 1974 Kıbrış Barış Harekatı’nın 45’inci yıldönümünde Doğu Akdeniz ve Kıbrıs bağlamındaki gelişmeleri nasıl görüyorsunuz?</strong></p><p>13 Ekim 1997 tarihinde dönemin Yunanistan Savunma Bakanı Akis Çohacopulos, kendisine eşlik eden gazetecilerle birlikte C-130 askeri nakliye uçağıyla Nikiforos-97 Tatbikatı'na katılmak üzere GKRY’e gidiyordu. Yunanistan-GKRY Tatbikatları Nikiforos-Toksotis-97’yi izlemek üzere Dalaman’a intikal eden Türk Hava Kuvvetleri’ne ait 2 Türk F-16 uçağı, teşhis önlemesi yapmak üzere kalkış yaptı. Yunan C-130 uçağına uluslararası kurallara göre teşhis önlemesi yapan Türk F-16’ları raporlarını verdikten sonra tekrar Dalaman’a iniş yaptı. Yunan Bakan'ın yanısıra içerisinde gazetecilerin de bulunduğu C-130 nakliye uçağına yapılan teşhis önlemesini bahane eden Yunanistan ve GKRY, Türkiye’yi saldırganlıkla suçladı.</p><p><img src=\"2020/1/29/a3351cd1-a953-4248-b47a-5e0f899c2c01.jpeg\"></p><p>16 Ekim 1997 tarihinde GKRY’den “korkarak” geri dönen ve Atina’da alay konusu olan Yunan Bakan'a bu sefer Yunan Mirage uçakları eşlik etti. Atina’ya dönüşte önce Girit’e inen Yunan Bakan'a soru sormak isteyen gazeteciler karşılarında Bakan'a eşlik eden eşini buldular. Türk savaş uçaklarının önleme yapmasına ilişkin bir soru üzerine Yunan Bakan'ın eşi, “Türk savaş uçakları bizi önlemek için yaklaşıyorlardı, bu sefer bizim çocuklar geldi ve onları kovdu” dedi.</p><p>Tatbikatlardan yaklaşık 1.5 ay sonra Yunan Genelkurmay Başkanlığı’nda Atina’da görevli Askeri Ataşeler için bir brifing verileceği açıklandı. 1996 Kardak Krizi'nden bu yana hiç özel brifinglere davet edilmeyen Türk Askeri Ataşeleri de bu brifinge davet edildi. Brifingde, Yunan Savunma Bakanı’nın GKRY’e gidiş ve dönüşündeki Türk savaş uçaklarının uluslararası havacılık kurallarına uygun yaptıkları teşhis önlemesini bahane ederek Türkiye’yi suçlayacaklarını bildiğimiz için toplantıya hazırlık yapmak maksadıyla Türk Genelkurmay Başkanlığı’ndan görüş istedik. İstediğimiz görüş kısa sürede geldi. Belirtilen gün ve saatte Yunan Genelkurmayı’nda hazır bulunduk.</p><p>Yunan Genelkurmay İkinci Başkanı'nın yönettiği toplantıda sıra tahmin ettiğimiz gibi Yunan Savunma Bakanı'nın içinde bulunduğu C-130 uçağının teşhis önlenmesine geldi. Yunan savaş uçaklarının videolarından alınan ne olduğu tam anlaşılamayan görüntüleri kullanan Yunanlılar, sözüm ona Türkiye’yi askeri ataşelere şikayet etmek istiyorlardı. Brifing sonu soru-cevap periyodunda söz alan ve Genelkurmay Başkanlığı’ndan gelen bilgi notunu okuyan Kıdemli Türk Askeri Ataşesi özetle, metin içerisinde geçen&nbsp;“…1974 yılında icra edilen Kıbrıs Barış Harekatı'nda Kıbrıs’ın yüzde 37’sini değil, tamamını alabilirdik…”&nbsp;cümlesini okuyunca tahmin ettiğiniz gibi salondaki hava birden değişti. Yunan medyası bütün gün bu olayın üzerine giderek “Türk Askeri Ataşeleri evimizde Atina’da&nbsp;'Kıbrıs’ın yüzde 37’sini değil, tamamını alabilirdik'&nbsp;diyerek tehdit ettiler” başlıkları ile yayınlarını sürdürdüler.</p><p>Bu arada konu edilen PASOK Partisi'nin kurucusu eski başbakanlardan Andreas Papandreu'nun yakın arkadaşı olan ve PASOK'un önemli isimleri arasında yer alan, Kardak Krizi sonrası Türkiye ile Yunanistan arasındaki silahlanma yarışını başlatan eski Savunma Bakanı Akis Çohacopulos, kara para aklamaktan ve rüşvetten 20 yıl hapis cezasına çarptırıldı. Akis Çohacopulos, 2012 yılında 5 ay süren davanın sonunda 20 yıl hapis cezasına çarptırıldı. 2017 yılında 5 yıl hapis sonrası yaşı ve sağlık nedenleriyle kefaletle serbest kaldı. Mahkumiyetine itiraz eden ve tahliyesini isteyen Çohacopulos’un bu talebi, Temmuz 2019'da Yunan Yüksek Mahkemesi tarafından reddedildi ve yeniden hapis yolu gözüktü.</p><p><img src=\"2020/1/29/ae257508-3068-48fd-9a27-a133a837639c.jpeg\"></p><p>Yine bir Temmuz ayı ve 13 Temmuz 2019, ABD Temsilciler Meclisi, Kıbrıs’ı silahlanma yarışının içine sokacak GKRY’e uygulanan silah ambargosunun kaldırılmasını düzenleyen yasayı kabul ediyor, ABD Senatosu'nda da onaylanan yasa imza için ABD Başkanı Donald Trump'a gönderiliyor. ABD Senatosu ile ABD Temsilciler Meclisi´nde onaylanan yasa, GKRY’ye belli ön koşullar çerçevesinde silah ambargosunun kaldırılmasını öngörmektedir. Yasaya göre GKRY Rusya’ya ait savaş gemilerinin limanlarını kullanmasına izin vermeyecektir.</p><p>20 Temmuz 1974 Kıbrıs Barış Harekatı'nın 45’inci yıldönümde bu hatırlatmaları neden yaptığıma gelince yine Yunan-Rum ikilisi ateşle oynamaya devam ediyorlar. Yunan-Rum ikilisinin Kıbrıs Adası'nda ve Doğu Akdeniz’de sırtlarının sıvazlanmasının nedeni sevgiden değil öncelikle doğalgaz ve petroldendir. Bir GKRY’li yetkilinin dediği gibi “Hiçkimse bizim için savaşmaz.” 1997 yılında Yunan Genelkurmayı’nda okuduğumuz nottaki cümleyi Yunan-Rum ikilisine ve destekçilerine hatırlatıyorum&nbsp;“…1974 yılında icra edilen Kıbrıs Barış Harekatı'nda Kıbrıs’ın yüzde 37’sini değil, tamamını alabilirdik…”&nbsp;Kuzey Kıbrıs Türk Cumhuriyeti (KKTC) yerine artık Kıbrıs Türk Cumhuriyeti (KTC) adının kullanılmasını destekleyerek ve tekrarlayarak KTC’de deniz ve hava üssü kurulması konuları görüşülürken önerim, “Hiçkimse Türkiye’yi hafife almasın, tarih tekerrürden ibarettir.” Şehitlerimize Allah’tan rahmet, Gazilerimize uzun ömürler diliyorum.</p><p><strong>SORU-3) 12 Ekim 2018 tarihinde tutuklu bulunan ABD’li Pastör Andrew Craig Brunson tahliye edilmişti. Brunson’ın tahliyesi sırasında yapılan televizyon yayınlarında ABD’nin Uluslararası Dinler Özgürlüğü politikasından söz etmiştiniz. Konuyu biraz daha açar mısınız?</strong></p><p>12 Ekim 2018 tarihinde Türkiye'de yaklaşık 23 yıl görev yaptıktan sonra 15 Temmuz 2016 darbe girişiminin ardından terör suçlaması nedeniyle tutuklanan ve 2 yıl hapis yatan ABD'li Evanjelik din adamı Pastör Andrew Craig Brunson, 4’üncü celsesi görülen davada tahliye edilmiştir. Tahliye sonrası en kısa süre içerisinde ABD’ne götürülen Brunson, Beyaz Saray Oval Ofis'te ABD Başkanı Donald Trump tarafından kabulü sırasında Başkan Trump için dua etmiştir.</p><p>Hatırlanacağı gibi Temmuz-Ağustos 2018'de Pastör Brunson’ın serbest bırakılması için ABD Başkanı, Yardımcısı ve Dışişleri Bakanı, Türkiye’yi tehdit etmek için sıraya girmişlerdir. Pastör Andrew Craig Brunson üzerinden Türkiye’ye yaptırımlar uygulamaya başlamışlardır. Neden böyle bir gerginlik olmuştur? Daha sonraki yazılarımda tekrar ele alacağım için şimdilik sadece özet bilgi vereceğim.</p><p>27 Ekim 1998 tarihinde ABD Başkanı Bill Clinton tarafından imzalanan Uluslararası Dinler Özgürlüğü Yasası-1998 (The International Religious Freedom Act 1998)’ı hatırlatmam gerekiyor. Bu yasaya göre ABD Başkanı başka ülkelerde dini özgürlüklerin kısıtlanmasını gerekçe göstererek 21 konuda yaptırım yetkisine sahip kılınmıştır.</p><p>Sonuç olarak; 1998 yılında ABD, din konusunu başka ülkelerin içişlerine karışmak için kullanmayı resmi hale getirmiştir. BOP ve Ilımlı İslam Projelerini bu şekilde okumak gerekmektedir.</p><p><img src=\"2020/1/29/558d9cfb-0780-4122-bbd5-1a10d4e06d95.jpeg\"></p>","outro":"","hideAds":false,"createdDate":1578399155281,"updatedDate":1580284143488,"hitCount":838,"active":true,"lastUpdaterIp":"141.101.99.15","hasEmbeddedTitle":false,"showOnHomePage":false,"currentUrl":"abd-ye-cuvali-gecirdik-sirada-isbirligi-var-199757-1"},{"id":199759,"title":"Çuvalın yıldönümüne S-400 yakışır","contentType":"CORNER_POST","coverImage":"","coverCode":"","publicationDate":1562156340000,"tags":[],"intro":"","spot":"","body":"<p><strong>Soru-1) 4 Temmuz 2003'teki 'Süleymaniye/Çuval Olayı' sözde müttefikimiz ABD ile yaşanan kırılma noktalarından biriydi. Daha önce hep gündeme getirdiğiniz ve hatırlattığınız bu kabul edilemez olayın 16’ncı yıldönümünde, değerlendirmeleriniz nelerdir?</strong></p><p>4 Temmuz 2003 tarihindeki “Süleymaniye/Çuval Olayı” sonrası ilgili makamlara çektiği telgraf içeriğinde ABD’nin Ankara Büyükelçisi, “Bunun acısı bir kuşak geçmez” demişti. Cevabımı daha önce vermiştim şimdide de net bir şekilde tekrarlıyorum: “Unutmadık, unutturmayacağız nesilden nesile, kuşaktan kuşağa yaptığınız hainliği ve ikiyüzlülüğü anlatmaya hatırlatmaya devam edeceğiz.”</p><p><strong>BİR MADALYA REDDETME ÖYKÜSÜ</strong></p><p>2003-2005 yılları arasında Tuğgeneral rütbesi ile görev yaptığım ABD’deki Silahlı Kuvvetler Ataşeliği ve Hava Ataşeliği görevine önemli olaylar ve gelişmeler sonrası gittim. Özetle;</p><p>- 01 Mart 2003: Irak Tezkeresinin reddedilmesi,</p><p>- 20 Mart 2003: ABD’nin Irak’a saldırısı,</p><p>- 06 Nisan 2003: Irak’ın ABD tarafından işgali,</p><p>- 04 Temmuz 2003: Süleymaniye/Çuval olayıdır.</p><p>Türkiye ve ABD arasındaki ilişkilerin sıkıntılı bir süreçten geçtiği, 01 Mart 2003 Tezkeresi'nin TBMM’den geçmemesinden TSK’nın sorumlu tutulduğu bu dönemde Washington DC’deki görevime başladım. ABD’deki görevime başladığım Ağustos 2003'ten yaklaşık üç ay sonra Kasım 2003'te, Pentagon’da ABD Genelkurmay Başkanlığı’nın Türkiye’den sorumlu proje subayı ile bazı konuları görüşmek üzere bir araya geldik. Pentagon’da proje subaylarının ofislerinin diğer ülke proje subayları ile ortak kullanılması nedeniyle kişilere düşen kullanım alanı bazen kısıtlı olabilmektedir. Bu nedenle ABD’li proje subayı rahat konuşabilmek için daha büyük bir yere geçmeyi, “Tank” adı verilen bilgilendirme (brifing) odasına gitmeyi önerdi. “Tank” adı verilen odalar, dışarıdan dinlemeye karşı her türlü izolasyonu sağlanmış, güvenlikli Pentagon’daki bilgilendirme odalarıdır. Sayıları ihtiyaca göre değişiklik göstermektedir.</p><p>ABD’li proje subayı ile birlikte bilgilendirme odasındaki masanın etrafında karşılıklı oturup konularımızı görüşmeye başlamadan önce içeriye girerken dikkatimi çeken, odada bulunan toplantı masasını ortadan tepeden gören kameranın kayıtta olduğuydu. Konuşmamızı yarıda keserek “Yanılmıyorsam kamera kayıtta” diye proje subayına sordum. Şaşıran ABD’li proje subayı, \"Hayır, \"Haberim yok\" veya 'Bilmiyorum' cevabı veremeyince, “madem öyle, hazır kamera kayıttayken şahsi düşüncem olan birkaç konuyu ABD’deki görevimin başlangıcında belirtmek istediğimi” proje subayına söyledim.</p><p>04 Temmuz 2003 Süleymaniye/Çuval Olayının üzerinden yaklaşık beş ay geçmiş olduğunu, ABD tarafından yapılan bu davranışın çirkin ve müttefik ülkelerden birinin diğerine düşmanca yaklaşımı olduğunu, olayın üzerimizde derin bir iz bıraktığını, başta ben olmak üzere “Türk Halkının bunu asla unutmayacağını” ifade ettim.</p><p>Diğer bir konu ise, ABD’deki Kıdemli Askeri Ataşelik görevinden Türkiye’ye dönen Türk Askeri Ataşelerine yurda döndükten yaklaşık 1-2 yıl sonra iki ülke arasındaki ilişkilerin geliştirilmesine yaptıkları katkılarından dolayı Ankara’daki ABD Büyükelçiliği’nde düzenlenen bir törenle geleneksel olarak ABD Başkanı tarafından imzalanan belge ile birlikte “Liyakat Madalyası/Nişanı” verilmektedir. ABD’li proje subayına, “Süleymaniye’de düşmanca davranan bir müttefikten böyle bir madalyayı istemediğimi şimdiden belirtmek istiyorum, benim için planlama yapmalarına gerek olmadığını, ileride Türk milletine, aileme, arkadaşlarıma bunu izah edemeyeceğimi” söyledim.</p><p>Türkiye’ye döndükten sonra beklediğim gibi “not alma” konusunda kendini tek yetkili gören ABD tarafından bana herhangi bir madalya teklifi yapılmadı. Zaten çok da umrumdaydı! ABD dönüşümden yaklaşık 3 yıl sonra 2008 yılında dönemin Genelkurmay İkinci Başkanı Orgeneral Ergin Saygun’un “ABD’nin bir personelimize madalya teklifi olduğunu, yine daha önce askeri ataşe olan Karataş’a böyle bir teklifin yapılıp yapılmadığının” sorulmasını istediği Şube Müdürü'ne, ABD’lilerin şahsıma neden teklif yapmamış olabileceklerinin sebebini anlattım. Benim düşünce ve tavırlarımın kendisine aktarılmasından sonra Orgeneral Ergin Saygun’un, ABD’lilerin madalya teklifini geri çevirdiği haberi gelmiştir.</p><p>Daha sonra bilindiği gibi “Türk Ordusuna Balyoz” adlı kitabı yazarak ABD’nin bu tertiplerdeki rolünü net biçimde anlatan en üst düzey bir komutan olan Emekli Orgeneral Ergin Saygun ve diğer yurtseverlerle birlikte Balyoz Kumpasında yargılandık. Ben bu yazıyı hazırladığım saatlerde sözde Balyoz mahkemesi başkanı, “şimdilik” sadece FETÖ/PDY terör örgütü üyeliğinden yargılandığı davadan 13 yıl 4 ay hapis cezası alıyordu. Unutmadık, Unutturmayacağız.</p><p><strong>BİR MADALYA VERİLMESİ ÖYKÜSÜ</strong></p><p>2010 yılında Türk Hava Kuvvetleri Karargâhında yapılan bir törenle, Türkiye’yi ziyaret eden dönemin ABD Hava Kuvvetleri Komutanı’na madalya verilmiştir. Bu olay bana 2004 yılında ABD’de görevli olduğum dönemde kendisi o zaman Korgeneral olan ve son olarak ABD Hava Kuvvetleri Komutanı olarak Türkiye’den madalya alan aynı generalle yaptığım bir konuşmayı hatırlattı. ABD’li general; “1991 yılında yapılan Irak Harekâtı sonrası oluşturulan Kuzeyden Keşif/Çekiç Güç kapsamında helikopter pilotu olarak görev yaptığını, Türkiye’nin o zaman kendilerine çok ağır suçlamalar yönelterek PKK terör örgütüne havadan yardım malzemeleri atmakla suçladığını” söylemiştir.</p><p>Bilindiği gibi o dönem bu iddialar çok sık gündeme gelmiş, Orgeneral Eşref Bitlis ABD’lilerin bu faaliyetlerini tespit etmiş ve gerekli tedbirlerin alınması için yetkililerin uyarılmasını sağlamıştır. ABD’li generale havadan attıkları yardım malzemelerinin kimlerin eline geçtiği hakkında bir fikri olup, olmadığını sorduğumda kendisi bana “sadece insani yardım malzemesi olarak havadan attıklarını” söylemiş terör örgütünün eline geçip, geçmediği konusuna cevap verememiştir.</p><p>2004 yılında Korgeneral rütbesiyle ABD Genelkurmay Başkanlığı’nda Harekât Başkanı olan Orgeneral Norton A. Schwartz’a, bu sefer ABD Hava Kuvvetleri Komutanı olarak hem de Süleymaniye Olayı’nın 7’inci yılında 19 Temmuz 2010 tarihinde ”TSK Liyakat Madalyası/Nişanı” verilmiştir. Bu programı öğrendiğimde Hava Kuvvetleri Kurmay Başkanı’nı arayarak düşüncelerimi paylaştığımda kendisi bana “artık çok geç olduğunu gerekli planlamaların yapıldığını Genelkurmay Başkanlığının emri olduğunu” söyledi.</p><p>Her fırsatta kriz çıkaran, TSK’nın değil Türkiye’nin başına çuval geçiren, PKK/KCK/PYD/YPG ve FETÖ/PDY’na yardım eden, S-400 alırsanız F-35 programından çıkartırım bir de üstüne üstlük yaptırım uygularım diyen ABD’den madalya veya nişan alanlara hep olduğu gibi tekrar hatırlatıyorum: “başınıza çuval geçirenlerin madalyasını hiçbir yerde öğünerek sergileyemezsiniz. Bu olayı izah etmek önümüzde yıllarda daha da zorlaşacaktır. Kapının önüne atın kurtulun.”</p><p>Sonuç olarak; S-400’lerin ilk partisi planlandığı gibi Temmuz 2019 ayı içerisinde Türkiye’ye gelmeye başlarsa mükemmel bir zamanlama olacaktır. Diplomatik açıklama yapmaya ihtiyacı olmayan sade bir vatandaş olarak düşüncem, “Türkiye işte o zaman ABD’nin başına çuvalı geçirmiş olacaktır.”</p><p><strong>Soru-2) Türkiye’nin hak ve menfaatlerinin korunmasına yönelik olarak Türk Hava Kuvvetleri’nin Doğu Akdeniz ve Kıbrıs’taki geçmiş faaliyetleri hakkında bilgi verir misiniz?</strong></p><p>1999-2001 yılları arasında 2’nci Hava Kuvveti Komutanlığı-Diyarbakır’da Kurmay Albay rütbesi ile Kuvvet Harekat Başkanı olarak görev yaptım. Daha sonra Tuğgeneral ve Tümgeneral rütbelerim dahil farklı zamanlarda üç kez Diyarbakır’a tayin olarak altı yıl süreyle dört farklı görev yaptım. Yeri geldikçe bu anlamlı görevlere ilişkin tarihi bilgileri, “bilmesi gereken konseptine” uygun paylaşmaya çalışacağım. Bu örneklerden birisi, Doğu Akdeniz ve Kıbrıs’taki Türk Hava Kuvvetleri’nin faaliyetlerine ilişkindir.</p><p>Doğu Akdeniz’deki petrol ve doğalgaz mücadelesi kapsamında Türk Hava Kuvvetleri ve yabancı hava kuvvetleri unsurlarına ait faaliyetleri, son 10 yıl içerisindeki gelişmelere göre değil en az 20 yıl öncesine taşıyarak hatırlatmak gerekmektedir. Yaklaşık 20 yıl önce 1999-2000 yıllarında bir bakıyorsunuz Fransız keşif uçağı, bir bakıyorsunuz İtalyan keşif uçağı, bir bakıyorsunuz ABD keşif uçağı Doğu Akdeniz ve Kıbrıs etrafında uçuş yapıyor. TSK’nın ilgili üniteleri tarafından yakından takip edilen keşif uçaklarının ait olduğu ülke sayıları ile faaliyetlerinin yıllar içerisinde Doğu Akdeniz ve Kıbrıs bölgesinde artış göstermesi, takip ettikleri uçuş rotaları ve uçakların teknik özellikleri, Rum tarafının MEB ilan etme hazırlıkları ve yabancı petrol şirketleri ile görüşmeleri sonucunda amaçlarının, petrol ve doğalgaz olduğu çok açık tespit edilmiştir.</p><p><strong>KUMPASLARIN HEDEF ALDIKLARI</strong></p><p>2003-2004 yıllarından itibaren tanımadığımız şimdiki sözde GKRY ruhsat bölgeleri hava sahası üzerinde ve tüm Kıbrıs’ın etrafında Türk Deniz Kuvvetleri ile koordineli Türk Hava Kuvvetleri tarafından savaş uçakları ile arama-kurtarma uçak ve helikopterleri desteğinde özel görevler icra edilmeye başlanmıştır. Ege ve Karadeniz’de olduğu gibi Doğu Akdeniz’deki tatbikat sayısı ile hava faaliyetleri de artırılmıştır. AB Raporlarında da eleştirilen bu faaliyetler sonrası kumpas davalar ile yapılan tutuklamalarda Türkiye’nin hak ve menfaatlerini koruyan ve savunanların sayısal olarak ön planda olduğu bir rastlantı değildir.</p><p>29 Haziran 2019 tarihinde Türk F-16 savaş uçaklarının Doğu Akdeniz'de faaliyette bulunan Fatih Sondaj Gemisi ile ona refakat eden TCG Barbaros Fırkateyni'ni alçak uçuşla selamlaması olarak yorumlanan fotoğrafı görünce eski bir Hava Kuvvetleri personeli olarak gurur duydum ve Türk Hava Kuvvetleri’nin geçmiş bu tür faaliyetlerine ilişkin özet bilgi vererek bu desteğin yeni olmadığını ve en az 20 yıldır devam ettiğini hatırlatmak istedim.</p><p>Sonuç olarak; Akdeniz’de en uzun kıyısı olan ülkelerden birisi olarak Türkiye’nin, jeostratejik konumu açısından Doğu Akdeniz’deki hak ve menfaatlerinden vazgeçmesi, kumpas davalar sürecinde olduğu gibi engellenmesi ve oyun dışında bırakılması istenilse de artık mümkün değildir. Öncelikle Türk Halkı bu oldu bittilere zaten müsaade etmeyecektir. Uçan, uçuran ve onları destekleyen çelik kanatlara emniyetli uçuşlar diliyorum.</p><p><strong>Soru-3) 1 Temmuz 2019 tarihinde Balyoz Kumpası mahkeme başkanı, İzmir’de yargılanmakta olduğu Ağır Ceza Mahkemesi tarafından silahlı terör örgütü FETÖ/PDY üyesi olmaktan 13 yıl 4 ay hapis cezasına çarptırıldı. Sizin de yargılandığınız bu süreçle ilgili bilgi verir misiniz?</strong></p><p>2010 yılında başlayan Balyoz Kumpası’nda, 2014 yılında Anayasa Mahkemesi hak ihlali kararı vermiş ve 2015 yılında yeniden yargılama sonucu tüm sanıklar beraat etmiştir. Fakat bu kararın arkasından ne maksatla yapıldığı çok net olan yedi komutan ve arkadaşımın beraat kararının bozulması için Yargıtay’a temyiz başvurusu yapılmıştır. 01 Temmuz 2019 tarihinde Balyoz Kumpası mahkeme başkanının silahlı terör örgütü FETÖ/PDY üyesi olmaktan yargılanıp “şimdilik” 13 yıl 4 ay ceza almasından sonra yaklaşık 4 yıldır Yargıtay’da bekleyen yedi komutan ve arkadaşımın temyiz dosyası kararının beraat şeklinde hemen onaylanması artık yakıcı bir önceliktir. Çok net olarak ifade etmek gerekirse bu gecikmenin izah edilir bir yanı artık kalmamış olup, yargıya güvenin yeniden kazanılmasına yönelik önemli bir aşamadır. Bütün bu ifade ettiklerim, yargılaması daha önce biten ve her ne hikmetse FETÖ/PDY kumpası olduğu bilinen başta 28 Şubat olmak üzere hâlâ inatla sürdürülen kumpas davalar ile en son 01 Temmuz 2019 tarihinde beraatle sonuçlanan Ergenekon Kumpası için de örnek teşkil etmesi açısından önemlidir.</p><p><strong>ADİL BİR İÇTİHAT</strong></p><p>Yeri gelmişken çok sorulduğu için beraat kararı sonrası açılan Balyoz Kumpası tazminat davalarına ilişkin özet bilgi vermek istiyorum. 2014-2015 yıllarında açılan tazminat davaları ilk derece mahkemeler ve istinaf mahkemesine gidenler dahil tamamlanmış ve Yargıtay’ın ilgili dairesine gönderilmiştir. Yargıtay’da halen bildiğim kadarıyla yaklaşık 10 tazminat dosyası karara bağlanmış olup, yüzlerce dosya burada beklemektedir. Bazı önemsiz tazminat davalarının 1-2 yıl gibi kısa sürede sonuçlandığı dikkate alındığında Yargıtay’ın artık adaletli bir içtihat oluşturmasının zamanı gelipte geçmektedir. Kamuoyunun her kesimi tarafından yakından takip edilen hayatların karartıldığı, insanlık suçlarının işlendiği ve düşman hukukunun uygulandığı bu sürecin adil bir şekilde “21’inci yüzyıl bitmeden” tamamlanmasını umuyorum.</p>","outro":"","hideAds":false,"createdDate":1578399629974,"updatedDate":1578399629974,"hitCount":584,"active":true,"lastUpdaterIp":"141.101.104.117","hasEmbeddedTitle":false,"showOnHomePage":false,"currentUrl":"cuvalin-yildonumune-s-400-yakisir-199759"},{"id":199763,"title":"ABD'nin yaptırımlarını komşularımızla aşarız","contentType":"CORNER_POST","coverImage":"","coverCode":"","publicationDate":1560947580000,"tags":[],"intro":"","spot":"","body":"<p><strong>1) ABD, Rusya’dan S-400 Uzun Menzilli Yüksek İrtifa Hava Savunma Sistemi alması durumunda Türkiye'yi F-35 programından çıkartmakla ve CAATSA yaptırımlarıyla tehdit etmektedir. CAATSA nedir, neleri kapsamaktadır?</strong></p><p>Türkiye’nin Rusya’dan Uzun Menzilli Yüksek İrtifa Hava Savunma Sistemi almasına karar vermesi ve S-400’lerin teslim tarihinin yaklaşması, ABD’nin şantaj ve tehditlerini daha sıkça dile getirmesine neden olmuştur. ABD’nin Türkiye’yi F-35 programından çıkartmakla kalmayıp politik, ekonomik ve askeri yaptırımlarla silah ambargosu uygulamakla tehdit etmesine yönelik gelişmeleri, yaklaşık 2.5 yıldır anlatıyor ve yazıyoruz. 06 Haziran 2019 tarihinde ABD Savunma Bakan Vekili Patrick Shanahan tarafından Milli Savunma Bakanı Hulusi Akar’a gönderilen “paçavra hükmündeki” son mektup içeriğinde, S-400 alması durumunda Türkiye’nin F-35 programından çıkartılacağı “ültimatom” verilerek tekrarlanmıştır.</p><p>F-35 Mutabakat Muhtırası ile F-35 Mali Yönetim Esasları Dökümanları içerisinde yer alan maddelerde S-400 alırsanız F-35 programından çıkartılırsınız diye bir madde yoktur. ABD’nin bu tehditlerini uygulayabilmesi için F-35 Mutabakat Muhtırası yerine ABD'nin Düşmanlarına Yaptırımlarla Karşı Koyma Yasasını (CAATSA-Countering America's Adversaries Through Sanctions Act) uygulayacağı çok net olarak görülmektedir. Bu nedenle CAATSA’ya daha yakından bakarak özet bile olsa içeriğini anlamaya çalışalım.</p><p><img src=\"2020/1/29/f869c3ce-3752-4745-b949-a687dbcaddf0.jpeg\"></p><p>CAATSA, ABD Temsilciler Meclisinde ve Kongresinde kabul edilmiş ve 02 Ağustos 2017’de Başkan Donald Trump tarafından imzalanarak uygulamaya girmiştir. Üç ana başlık ve 334 bölümden oluşan CAATSA, özetle ABD tarafından çeşitli tarihlerde İran, Rusya ve Kuzey Kore’ye yaptırımlar için hazırlanan farklı yasaları tek bir yasada toplamayı ve yaptırımlarını güçlendirmeyi hedeflemiştir.</p><p>Yasayı imzaladıktan sonra yaptığı yazılı açıklamada Trump özetle, “Bugün H.R.3364 CAATSA’yı imzaladım. Yasanın önemli hataları olduğunu, bu yasayı onaylama konusunda acele eden Kongrenin, açıkça anayasaya aykırı hükümler içeren maddeleri kabul ettiğini” ifade etmiştir. Başından itibaren açıklamaya çalıştığımız konu, ABD kendini Dünyanın hakimi olarak görmekte çıkardığı sözde yasalarla baskılarını sürdürmek istemektedir. Elbette mevcut ABD Başkanları da bu imparatorluğun kralı olarak kabul edilmektedir. Aynaya baktıklarında kendilerini dev aynasında ve farklı gören ABD Başkanları için 18 Haziran 2018 tarihli Time Dergisi güzel bir kapak fotoğrafıyla cevap bulmaya çalışmıştır.</p><p><img src=\"2020/1/29/b7726283-027f-4fe6-9090-60ffa8074ec4.jpeg\"></p><p>CAATSA ABD Başkanına yasa kapsamına giren kişi veya kurumlara karşı yasada yer alan 12 yaptırımdan en az beşini uygulamaya koyma yetkisi vermektedir. CAATSA’nın sadece İran, Rusya ve Kuzey Kore’ye değil, bu ülkelerle ticaret yapan şirketlere, şahıslara, dolayısıyla da Türkiye’ye karşı da uygulanacak olmasıdır. Uygulama yetkisi büyük ölçüde yürütmenin başı olan Başkan’a bırakılmış ama içeriği Türkiye dahil pek çok devleti etkileyecek mahiyettedir.</p><p>Her şeyden önce CAATSA ABD’nin egemenlik alanının keyfi olarak genişletilmesi anlamına gelmektedir. CAATSA, İran, Rusya ve Kuzey Kore için başta siyasi, ekonomik ve askeri yaptırımların tamamını kapsamakta olup, yasa içerisinde hemen hemen olmayan madde yoktur. ABD kendi tercihlerini bu yasayla da bir kez daha diğer devletlere dayatmaktadır. Yani insan hakları ve demokrasiden söz eden ABD yemeden, içmeden, uyumadan, hergün yeni bir yaptırım yasası çıkarmaktadır.</p><p>Sonuç olarak; Ağzıyla kuş tutsa bile Türkiye’nin; Mevcut jeostratejik konumu, jeopolitik ortamı, Rusya ve İran ile ticareti dikkate alındığında S-400’leri almasa bile başka bahaneler öne sürülerek ABD’nin siyasi, ekonomik ve askeri yaptırımları ile geçmişte olduğu gibi önümüzdeki dönemde de karşı karşıya kalacağı görülmektedir. Birçok yorumcu 2017 yılında imzalanan CAATSA için daha önceki tarihlerde Türkiye-Rusya arasında yapılmış anlaşmalar varsa örneğin Türk Akımı ve Nükleer Santral yapımı gibi projeleri kapsamayacağı anlamında değerlendirmelerde bulunmaktadır. Şahsi görüşüm, ABD eğer işine gelmiyorsa Rusya, İran hatta CAATSA kapsamında olmasa bile başka mevcut yasalar veya yeni yasalar çıkartarak Çin dahil bu ülkelerle Türkiye’nin&nbsp;<strong>“Milattan Önce (M.Ö.)”&nbsp;</strong>imzalanmış anlaşmaları da olsa siyasi, ekonomik ve askeri ilişkilerinin geliştirilmesini istemeyecek, belli bir seviyede tutmaya çalışacaktır. ABD’nin yaptırımları uygulaması sırasında tek başına hareket etmeyeceğini, NATO Ülkelerinin büyük bir bölümünün yanısıra Körfez Ülkelerinin de destek vereceğini unutmamak gerekir. ABD’nin yaptrımlarına Türkiye’nin tek başına karşı koymasını beklemek yanlış olacaktır. Türkiye’nin; Rusya, İran, Çin ve diğer Komşu Ülkelerle işbirliği yapması hayati önem taşımaktadır. Bu işbirliğinin temelini isteseniz de, istemenizse de Türkiye’nin Suriye ile ilişkilerini yeniden başlatmak oluşturacaktır.</p><p><strong>2) ABD tarafından Türkiye’ye karşı uygulanabilecek olası bir silah ambargosu durumunda yapılabilecek karşı müdahaleleri anlamak açısından, Türkiye’deki NATO ve ABD varlığının son durumu nedir?</strong></p><p>ABD’nin, Rusya’dan S-400 alırsan F-35 Programından çıkartıp CAATSA yaptırımlarını uygulayacağım tehdit ve şantajı, 1974 Kıbrıs Barış Harekatı sonrasında olduğu gibi Türkiye’ye silah ambargosu mu uygulayacak? Sorusunu beraberinde getirmiştir. Bu gelişmeler haklı olarak Türkiye’nin karşı adımlar olarak neler yapabileceğini Ülkemizde bulunan NATO ve ABD Varlığını tekrar gözden geçirme ihtiyacını ortaya çıkarmıştır.</p><p>Öncelikle bir yanlış algıyı düzeltelim. Türkiye’de herhangi bir NATO üssü veya ABD üssü yoktur. NATO ve ABD varlığı vardır. Türkiye’nin antlaşmalar gereği NATO veya ABD’nin kullanımına tahsis ettiği yerler vardır. Yani Türkiye ev sahibi ülke olarak istediği anda tahsis edilen üs, birlik ve yerleri NATO ve ABD’nin kullanımına kapatabilir.</p><p>Aydınlık Gazetesi Değerli Okurları için hazırlanmış 12 Haziran 2019 tarihi itibariyle güncellemeleri yapılmış, doğruluk oranı en yüksek Türkiye’deki NATO ve ABD Varlığı, haritada olduğu gibidir. ABD’nin IŞİD ile mücadele kapsamında gelen ve görev süresi bitip Türkiye’den ayrılan önemli 2 birliği (MAK-HIMARS) “<strong>yıldız</strong>” ile işaretlenmiş olup, haritada yer almaktadır.</p><p><img src=\"2020/1/29/4f6d36fc-a977-49f1-833d-3aa8659548bf.jpeg\"></p><p>Öncelikle 1951 yılından günümüze kadar Türk-Amerikan ilişkilerinde önemli bir yer tutan, 1954 yılında yapılan ilk anlaşmadan, 1969 yılında imzalanan gizli anlaşmaya, 1974 Kıbrıs Barış Harekatından sonra ABD tarafından 1975 yılında Türkiye’ye uygulanan ambargoya, hemen takiben yine 1975 yılında Türkiye tarafından ABD kullanımındaki üs/tesislerin kapatılmasına, 1980 yılında imzalanan Savunma Ekonomik İşbirliği Anlaşması (SEİA) ile kullanımına devam edilen Türkiye ve Amerika tarafından ortak/müşterek kullanılan İncirlik Hava Üssü ile ilgili bilinmesi en önemli bilgi, halen ABD uçaklarından atılabilen “50 adet B61-12” tipi termonükleer bombaya ev sahipliği yapmasıdır.</p><p><img src=\"2020/1/29/5bdf2062-ef93-4089-9188-072267760b59.jpeg\"></p><p><img src=\"2020/1/29/b61227e4-c4e7-4b93-8f48-e8ca2094a157.jpeg\"></p><p>Diğer dikkatinizi tekrar çekmek istediğim husus, Aralık 2011 ayı ile başlayıp Ocak-Şubat 2012 aylarında NATO maskesiyle Malatya/Kürecik’e konuşlandırılan aslında İsrail’in güvenliğine katkı sağlamak, öncelik İran olmak üzere gerektiğinde Rusya’yı izlemek için konuşlandırılan uydu fotoğraflardan da rahatlıkla görebileceğiniz gibi kendi evi gibi yerleştiği sözde NATO Füze savunma Radarıdır.</p><p><img src=\"2020/1/29/038106d0-9bb3-4205-834b-8fa2ca609ed9.jpeg\"></p><p>Sonuç olarak; ABD’nin sözüm ona Türkiye’yi hizaya getirmek için geçmişte olduğu gibi gelecekteki olası askeri yaptırımlarına karşı neler yapabileceğimize işaret eden “Türkiye’deki NATO ve ABD Varlığının” güncel durumunu açıklayarak bir başlangıç yaptığım konuları, önümüzde günlerdeki gelişmelere bağlı olarak yeniden ele alacağımızdan şimdilik burada noktalamak istiyorum.</p><p><strong>3) Geçen haftaki yazınızın içinde son 60 yılda Türkiye-ABD arasındaki krizlere ilişkin ilgi çeken bilgiler paylaşmıştınız. Bu değerlendirmeyi yapmaya neden ihtiyaç duydunuz?</strong></p><p>12 Haziran 2019 tarihli yazımda, öncelikle S-400 alırsan F-35 vermem tartışmalarını ABD’nin başlattığını ifade etmiştim. S-400’lere ilişkin tartışmayı başlatıp yanlış zemine çeken ve Türkiye’ye tehditler savurmaya kalkan ABD’dir. ABD’nin F-35’leri tartışmaya açarak uçakların eksikliklerinin ortaya çıkmasına, eski defterlerin açılmasına, unutulan/unutturulan konuların hatırlatılmasına ve kamuoyu tarafından yakından takip edilmesine imkan tanımıştır. ABD tam da bunu yapmış, tekrarlıyorum çok da iyi olmuştur.</p><p>Yine aynı yazım içerisinde, o zaman ABD’nin kesin olarak içerisinde yer aldığı ve/veya destekledikleri olmak üzere son 60 yılda Türkiye-ABD arasındaki krizlere ilişkin bir kısmı unutturulan, bir kısmı ise hiç konuşulmayan tüm krizlere ait düşüncelerimi genişletilmiş şekliyle yazmış, sosyal medyada paylaşmış ve tartışmaya açmıştım.</p><p>Geniş ilgi gören bu paylaşımım sonrası yeniden düzenlediğim şimdilik toplam 23 adet ile sınırladığım görselini de hazırladığım krizlere ilişkin yazımı, S-400 almazsak ABD ile tüm problemlerin çözülebileceğini inanan ve Türkiye’nin bölünmesini&nbsp;<strong>“ver kurtul”</strong>&nbsp;zihniyeti ile savunanlara cevap olarak kabul edebilirsiniz.</p><p><img src=\"2020/1/29/7774848a-7c74-4395-bfa7-e6dfb3cba0e2.jpeg\"></p><p><strong>Son 60 Yılda Türkiye-ABD Arasındaki Krizler (Güncelleme:12 Haziran 2019/Toplam: 23 Adet):</strong></p><p>- 1960 İncirlik Kalkışlı U-2 Casus Uçağı Krizi.</p><p>- 1962 Jüpiter Füzeleri Krizi.</p><p>- 1964 Lyndon B. Johnson Mektubu Krizi.</p><p>- 1974 Haşhaş Ekimi Krizi.</p><p>- 1974 Kıbrıs Barış Harekatı Krizi.</p><p>- 1975 ABD Silah Ambargosu Krizi.</p><p>- 1975 Türkiye’nin 21 Üs/Tesisi ABD Kullanımına Kapatması Krizi.</p><p>- 1975 Ermeni ASALA Terör Örgütünün Desteklenmesi Krizi.</p><p>- 1984 ABD’nin PKK Terör Örgütüne Desteği Krizi.</p><p>- 1991 Birinci Körfez Harbi ve Çekiç Güç Krizi.</p><p>- 1992 TCG Muavenet Muhribinin Vurulması Krizi.</p><p>- 2003 Irak Tezkeresi’nin Reddi Krizi.</p><p>- 2003 İkinci Körfez Harbi ve Irak’ın İşgali, Irak’ın Kuzeyi ile PKK Desteği Krizi.</p><p>- 2003 Süleymaniye Olayı (Çuval) Krizi.</p><p>- 2011 Suriye İç Savaşı ve PKK/KCK, PYD/YPG Desteği Krizi.</p><p>- 2013 Çin FD-2000 Hava Savunma Sistemi Tedariki Krizi.</p><p>- 2016 15 Temmuz Darbe Girişimi ve FETÖ/PDY Krizi.</p><p>- 2016 Pastör Andrew Craig Brunson’ın Tutuklanması Krizi.</p><p>- 2017 ABD Büyükelçilik/Konsolosluk Çalışanlarının Tutuklanması Krizi.</p><p>- 2017 Halk Bankası Genel Müdür Yardımcısı Mehmet Hakan Atilla’nın Tutuklanması Krizi.</p><p>- 2017 Türk Vatandaşlarına Uygulanan Vize Krizi.</p><p>- 2017 Rus S-400 Hava Savunma Sistemi Tedariki Krizi.</p><p>- 2019 ABD Savunma Bakan Vekili Patrick Shanahan Mektubu Krizi.</p>","outro":"","hideAds":false,"createdDate":1578400465448,"updatedDate":1580284560874,"hitCount":585,"active":true,"lastUpdaterIp":"141.101.99.15","hasEmbeddedTitle":false,"showOnHomePage":false,"currentUrl":"abd-nin-yaptirimlarini-komsularimizla-asariz-199763-1"},{"id":199758,"title":"S-400 'saadet zinciri'nden halka koparır","contentType":"CORNER_POST","coverImage":"","coverCode":"","publicationDate":1559909640000,"tags":[],"intro":"","spot":"","body":"<p><strong>Soru-1) F-35 uçakları için “Küresel sermayenin, küresel silah gücüdür” veya “ABD’nin saadet zinciridir” açıklamasını yaptınız. Konunun daha iyi anlaşılması için örnekleri çoğaltır mısınız?</strong></p><p>\"F-35 gibi beşinci nesil bir uçağa sahip olmayı neden istemiyorsunuz\" sorusuyla çok sık karşılaşıyoruz. Özellikle bir konuyu tekrar vurgulamak istiyorum. ABD ve Batı'nın yıllar içinde her alanda Türkiye üzerine uyguladığı politikanın etkilerini S-400 ve F-35 tartışmasında çok net olarak görüyoruz. Anlatmaya çalışıyoruz örnekler veriyoruz. F-35A uçaklarının lojistik sistemi çalışma şekli milli lojistik sistemimizi hemen hemen devre dışı bırakacağı için özellikle dikkate alınması gereken önemli bir problem olarak karşımızda durmaktadır.</p><p>F-35A uçaklarının lojistik sistemi Türkiye'nin kontrolünde olmayacaktır. Geçen yazımızda ayrıntılı bilgi verdik. Bunlardan birincisi; Otonom Lojistik Bilgi Sistemi (Autonomic Logistics Information System-ALIS). İkincisi; Performansa Dayalı Lojistik (Performance Based Logistics-PBL)’tir. Şimdi biraz daha farklı bilgilerle bu tespitlerimizi destekliyelim.</p><p>F-35 Mevcut Küresel Tedarik Sistemi:&nbsp;Halihazır durumda F-35 uçağı uçuran ülkelerin ihtiyacı olan tüm lojistik desteği, ABD şirketinin açıkladığı haritada görüldüğü gibi ABD’den sağlanmaktadır. Bir uçağın yedek parçaya ihtiyacı mı var? O parça ABD’nden ilgili ülkeye, birliğe ve ikmal deposuna gönderilmektedir. Arızalı veya sisteme iade edilmesi gereken bir malzeme varsa, bu sefer tersi olarak ilgili ülkeden direkt ABD’ye geri gönderilmektedir.</p><p><img src=\"2020/1/29/22386b40-082d-4b19-a046-ea8a34e8f3f8.png\"></p><p>F-35 Gelecek Küresel Tedarik Sistemi:&nbsp;F-35 uçağı üretimi ve kullanan ülke sayısı yeterli düzeye geldiğinde aynı tip F-35 (F-35A, F-35B, F-35C) uçağı uçuran ülkeler arasında kurulması planlanan sistem ile yine ana üs ABD olmak şartıyla farklı farklı ülkelerdeki F-35 birliklerinde ve ikmal depolarında stoklanan ve ihtiyaç duyulan parçalar, yine ABD şirketinin kontrolünde ülkeler arasında transfer edilecektir. Ülkelerin kendi aralarında hiçbir sorunları olmasa bile yani politik, ekonomik ve askeri kısıtlamalar bulunmasa dahi F-35 tedarik zincirinin karmaşıklığı yine de büyük sorunlar yaratacak, açıklamaya çalıştığımız gibi bütün kontrol ABD’de olacaktır.</p><p>ABD’li şirketin kendi planlamasından gelecekte F-35 lojistik sisteminin nasıl yönetileceği anlaşılmaktadır. İleride ülke sayısı arttıkça yeni bağlantıların ekleneceğini de göz önüne aldığımızda, ülkeler arasında yüzlerce, parçalar arasında binlerce yol ortaya çıkmakta olup, işlerin daha da zorlaşacağını anlamak için uzman olmanıza gerek kalmayacaktır. F-35A uçuran/uçuracak ABD-Türkiye-İsrail-Avustralya-Norveç-Hollanda ve zincire dahil olacak yeni ülkelerle birlikte milli değil küresel ve ABD’nin menfaatlerine uygun bir sistem kurulduğu görülmektedir. Türkiye-İsrail arasında planlanan F-35 lojistik yolu ise şimdiden dikkat çekici bulunmaktadır.</p><p><img src=\"2020/1/29/8216e3c0-81ef-4023-9d76-15c940ac0845.png\"></p><p>Türkiye'nin F-35 uçağı kararı nedeniyle, halen ABD’ne yüzde 90-95 lojistik olarak bağımlı Türk Hava Kuvvetleri’nin yüzde 100 bağımlı hale geleceği gerçeği karşımızda durmaktadır. Bu durum aynı zamanda Milli Muharip Uçak Projemizin (TF-X/MMU) gelişmesini engelleyecek belki de yok edecektir. ABD, S-400 nedeniyle Türkiye’ye F-35 uçaklarını teslim etmekten vazgeçerse dünyanın sonu değildir. Aksine büyük bir iyilik yapacaktır. Ama teslim etmek için yıllardır açıklamaya çalıştığım nedenlerden dolayı her yolu deneyecektir.</p><p>F-35’lerin ABD’nin lideri olduğu&nbsp;“Küresel sermayenin, küresel silah gücüdür”&nbsp;veya&nbsp;“ABD’nin saadet zinciridir”&nbsp;açıklamasını neden yaptığımızı bu yazımızda farklı örneklerle açıklamaya devam ettik. ABD “saadet zincirinin” halkasının kopmasına izin vermemek için hırçınlaşmakta, tehdit ve şantajlarını sürdürmekte ve sürdürmeye devam edecektir.</p><p><strong>Soru-2) Türkiye neden S-400’lerin alınmasında ısrarcı olmuştur? F-35 Mutabakat Muhtırası ile ilgili ilave bilgiler verebilir misiniz?</strong></p><p>23 Mayıs 2019 tarihinde ABD Temsilciler Meclisi Dışişleri Komisyonu’nda Türkiye’nin Rusya’dan S-400 alması durumunda F-35 programından çıkarılması çağrısı yapan ve yine tehditler içeren başka bir karar tasarısının kabul edildiğini yazmış, bu kapsamda önceki ve son gelişmeleri özetlemiştim.</p><p>Karar tasarısında; Türkiye’nin önemli bir NATO müttefiki ve Amerika’nın da önemli bir askeri ortağı olduğu, Türkiye’nin 2 bin ABD Silahlı Kuvvetler mensubuna, hava savunma teçhizatına ev sahipliği yaptığı vurgulanırken,&nbsp;“Türkiye Amerika ile önemli bölgesel çıkarları paylaşmasına karşın, Rusya ve İran’la işbirliği içinde olması, Kuzey Kıbrıs’ı işgali, demokratik normlar ve kurumlardan uzaklaşması, özgür basına yönelik saldırılar, ABD vatandaşlarının ve ABD Büyükelçilik çalışanlarının haksız şekilde gözaltında tutulması ABD ve Türkiye ilişkileri için son derece sorunludur”&nbsp;ifadeleri yer almaktadır.</p><p>Burada vurgulamak istediğim ABD tarafının şımarık ve hukuk tanımaz davranışlarını sineye çekmek diğer başka baskıları beraberinde getirecektir. ABD Temsilciler Meclisi’ndeki son karar tasarısında yer alan maddeleri nasıl düşünürseniz düşünün Türkiye’ye hakaret olduğunu, bunun mutlaka cevabının daha ciddi bir şekilde verilmesinin gerektiğini tekrar vurgulamak istiyorum.</p><p>Bu arada ABD Senatosunda da yaklaşık iki yıldır Rum, Ermeni, FETÖ ve PKK lobilerince desteklenen senatörler tarafından özellikle bütçe kanunları içerisine yerleştirilen Türkiye aleyhine kanunlar ve kanun tasarıları hazırlanmakta, özetle Türkiye’nin S-400’leri almasını bahane göstererek aslında politik, ekonomik, CH-47F Chinook helikopterleri, UH-60 Black Hawk helikopterleri ve F-16 uçakları başta olmak üzere silah, malzeme teçhizatı kapsayan geniş kapsamlı silah ambargosunu içeren askeri yaptırımların hazırlıkları yapılmaktadır.</p><p>Biz o zaman Türkiye’nin S-400 füzeleri için neden ısrarcı olduğunu bir kez daha ifade edelim. ABD ve bazı Batı Ülkeleri, PKK/KCK, PYD/YPG ve FETÖ/PDY ile mücadelede Türkiye’ye karşı iki yüzlü bir politika uygulamakta ve terör örgütlerini destekleyerek ülke güvenliğimizi yıllardır tehdit etmektedir. ABD’nin çeşitli bahanelerle yüksek teknoloji ürünü silahları, son yıllarda ise daha düşük kapasiteli silahları, bırakın Patriot satmayı tabanca bile satmaktan vazgeçmesi üzerine Türkiye farklı kaynaklara ve işbirliği yapacağı ülkelere yönelmiştir. Türkiye elbette PKK/KCK ve PYD/YPG’ye kara gücüm diyen, 21 Mart 1999’dan beri FETÖ elebaşına ev sahipliği yapan, 15 Temmuz darbe girişiminin arkasında olan ülke ve ülkelere karşı bazı yaptırımlar uygulayacaktır. Siyasi karar gerektiren Rusya’dan S-400 alımı örnek olarak gösterilebilir.</p><p>Öncelikle S-400 alırsan F-35 vermem tartışmalarını ABD başlatmıştır. S-400’lere ilişkin tartışmayı başlatıp yanlış zemine çeker ve Türkiye’ye tehditler savurmaya kalkarsanız, F-35’leri de tartışmaya açar eksiklerinin ortaya çıkmasına ve kamuoyu tarafından yakından takip edilmesine zemin hazırlarsınız.&nbsp;ABD tam da bunu yapmış, çok da iyi olmuştur.</p><p>Bir kez daha tekrarlıyalım, başta ABD, AB ve NATO olmak üzere S-400 anlaşmasının Çin ile olan anlaşmada olduğu gibi yine iptal edilmesini ümitle beklemekte ve Türkiye’ye karşı her türlü baskı ve engelleme yollarını son ana kadar kullanacaklarını açıkça ifade etmektedirler. Türkiye ve Rusya arasında S-400 tedariğine ilişkin imzalanan anlaşmanın uygulanması bu anlamda Türkiye’nin güvenirliği, güvenliği, uluslararası alanda saygınlığı ve komşu ülkelerle işbirliği açısından da büyük önem içermektedir.</p><p>ABD ile&nbsp;25 Ocak 2007&nbsp;tarihinde&nbsp;Milli Savunma Bakanı tarafından imzalanan&nbsp;tüm ortak ülkeler için&nbsp;45 yıl&nbsp;yani Türkiye için&nbsp;2052 yılına&nbsp;kadar geçerli&nbsp;F-35 Mutabakat Muhtırası&nbsp;ile Savunma&nbsp;Sanayii Müsteşar Yardımcısı&nbsp;tarafından imzalanan&nbsp;F-35 Mali Yönetim Esasları Dökümanları&nbsp;konusunu açıkladığımda, özellikle anlaşma süresine ilişkin maddenin genelde konuyu yakından takip edenler dahil çoğumuz tarafından bilinmediği ortaya çıkmıştır.</p><p>F-35 Mutabakat Muhtırası’nda yer alan ve tüm katılımcı ülkeler için aynı esaslarda geçerli üç belgeyi, bir bütünlük teşkil etmesi açısından paylaşıyorum. ABD Şirketi internet sayfasında yer alan bu ve buna benzer belgeleri yeri geldikçe paylaşmaya devam edeceğim. Anlaşma yürürlülük süresini ifade eden 2007+45=2052 tarihleri, dikkat çekmek için ilgili maddeye tarafımdan eklenmiştir.</p><p><img src=\"2020/1/29/2da0c086-495f-4e21-b25a-7469371b83eb.png\"></p><p><img src=\"2020/1/29/f637f1f1-7b47-463f-8442-a29e63ed7009.png\"></p><p><img src=\"2020/1/29/c54486c5-9d76-4a16-9ac1-39778cfb463a.png\"></p><p><strong>Soru-3) NATO’nun Doğu Akdeniz ve Balkanlardaki yığınaklanması ile tatbikatları dikkate alındığında, Türkiye gerçekten bir kuşatma altında mı?</strong></p><p>Mayıs 2019 ayının son haftası içerisinde ABD’nin Yunanistan’ın Dedeağaç Limanına 700 zırhlı araç ve 2000 asker çıkarması üzerine 'Türkiye her yönden kuşatılıyor mu? Kuşatıldı mı?' haberleri ile karşı karşıya kaldık. Ortadoğu’da devam eden çatışmalar, Doğu Akdeniz’deki güç yığınaklanması ve Balkanlardaki tatbikatlar dikkate alındığında kamuoyunda böyle bir algı oluşmasına yazılı, görsel ve sosyal medyadaki haberlerde katkı sağlamıştır. Bu haberlere yönelik resmi bir açıklama yapılmayınca vatandaşlarımız araştırmaya başlamışlar ve 'Kuşatılıyoruz mu? Ne oluyor?' sorularını haklı olarak sormuşlardır.</p><p>Olayın aslının NATO’nun bir seri yaz tatbikatlarından ibaret olduğunu küçük bir araştırma ile öğrenme imkanı bulunmasına rağmen, yetkililer sessiz kalarak dedikodu ve söylentilerin artmasına katkı sağlamıştır. Elbette sade vatandaşlarımızın medyada aşırı derecede yer alan haberlere ilişkin endişelerinin giderilmesi için resmi olarak bilgilendirilmesi gerekirdi. Bu gerçekleşmeyince meydan şehir efsanesi dediğimiz dedikodulara kalmış oldu. Bu tür haberlerden fayda sağlamayı düşünen çevrelerin kısa bir süre sonra gerçek anlaşıldığında bundan ne medet umuyorlarsa amaçlarına kısa vadede ulaşmış görülmekle beraber orta ve uzun vadede bunun mümkün olmadığını anladıklarını düşünüyorum. Çok fazla araştırılmadan veya kasıtlı olarak bu tür haberlerin yapılması vatandaşlarımızda soru işaretlerine neden olmaktadır. Güvensizlik ortamının oluşturulmasına katkı sağlamaya kimsenin hakkı yoktur.</p><p>ABD, Rusya’yı Avrupa’da çevrelemek amacıyla son üç yılda Baltık Ülkeleri ve Doğu Avrupa ülkelerindeki mevcut asker sayısını 7-8 kat artırmıştır. ABD düşman ülke olarak kabul ettiği Rusya’ya karşı bu tedbirleri alırken Avrupa ülkeleri üzerine de baskı uygulamayı hedeflemektedir. ABD, Arupa ülkelerinin kendi AB Ordusunu kurmasından çekinmektedir. AB kendi ordusunu kurduğunda etkisinin azalacağını düşünen ABD, bölgedeki askeri varlığının yanısıra tatbikat sayısını artırmış ve artırmaya devam edecektir. AB kilit ülkeleri Almanya, Fransa ve İtalya bu gelişmelerden rahatsız olmasına rağmen, henüz geçerli bir tepki koymaktan kaçınmaktadır. Bu arada Türkiye’nin S-400 satın alma kararını yakından takip eden AB ülkelerinin, ABD baskılarına karşı Türkiye’nin örnek olacak bu kararını üstü kapalı desteklediklerini değerlendiriyorum.</p><p>“Türkiye kuşatılıyor mu?” kaygısını uyandıran, suistimal ve algı konusu olan küçük-orta çaplı toplam dokuz yaz serisi NATO tatbikatından Doğu Avrupa, Balkanları içeren üç tatbikat hakkında özet bilgi vererek neler yapılıyor açıklamaya çalışalım.</p><p>Saber Guardian 2019 Tatbikatı:&nbsp;03-24 Haziran 2019 tarihleri arasında Romanya ev sahipliğinde Bulgaristan, Macaristan ve Romanya'da çeşitli yerlerde yer alan Romanya Kara Kuvvetleri ve ABD Ordusu Avrupa tarafından ortaklaşa yürütülen bir tatbikattır. SG19'daki birçok farklı eğitim etkinlikleri arasında araç yol yürüyüşleri, tıbbi eğitim, nehir geçişi ve hava taarruz eğitimleri yapılacaktır. SG19, çok uluslu muharebe kuvvetlerinin entegrasyonunu geliştirmek için planlanmıştır.</p><p>Decisive Strike 2019 Tatbikatı:&nbsp;05 Haziran - 10 Temmuz 2019 tarihleri arasında Makedonya’nın Krivolak Askeri Eğitim Merkezi’nde gerçekleştirilen bir tatbikattır. Makedonya ve ABD Pensilvanya Ulusal Muhafız Birlikleri tarafından ortaklaşa icra edilmektedir. Şubat 2019 ayında NATO’ya katılım protokolünü imzalayan ve resmi onay sürecini bekleyen Makedonya’nin, NATO müttefikleri ve ortakları arasında birlikte çalışabilirlik usullerinin deneneceği bir tatbikattır.</p><p>Swift Response 2019 Tatbikatı:&nbsp;11-24 Haziran 2019 tarihleri arasında ABD Küresel Müdahale Gücü (GRF) tarafından yürütülen Bulgaristan, Hırvatistan ve Romanya'nın çeşitli yerlerinde düzenlenen 10 ülkenin katıldığı ABD Ordusu Avrupa'ya yönelik bir tatbikattır. ABD’nin Avrupa Komutanlığı’nın NATO müttefikleri arasında havada birlikte çalışabilirliği geliştirmek için belirlenmiş bir alana Yüksek Hazırlık Güçleri gönderme yeteneğinin denendiği bir tatbikattır.</p><p>Sonuç olarak; Türkiye öyle 700 araç, 2000 asker veya Doğu Akdeniz’deki yığınaklanma dikkate alındığında kolay kolay kuşatılacak veya işgal edilecek bir ülke değildir. Türkiye’yi işgal etmeye 300.000-500.000 asker bile yeterli olmayacaktır. Vatandaşlarımızın moralini bozmaya hiç gerek olmadığını şahsi düşüncem olarak tekrar ifade etmek istiyorum. Türkiye’yi ancak içeriden çökerterek işgal edebilirler. Bu nedenle ne yapılırsa yapılsın&nbsp;“Atatürk Etkisi”&nbsp;olarak açıklanan bir gücün&nbsp;“Mustafa Kemal’in Askerlerinin”&nbsp;ülkemizin bekası için her zaman hazır beklediğini ise görüyorum.</p>","outro":"","hideAds":false,"createdDate":1578399391340,"updatedDate":1580284796135,"hitCount":718,"active":true,"lastUpdaterIp":"141.101.99.15","hasEmbeddedTitle":false,"showOnHomePage":false,"currentUrl":"s-400-saadet-zinciri-nden-halka-koparir-199758-1"}]},"success":true}