{"data":{"totalCount":8,"author":{"id":283,"name":"Binnur Zuhat Yokuş","authorType":"NEWSPAPER","emailAddress":"halklailiskiler@aydinlik.com.tr","twitter":"","facebook":"","background":"","active":true,"lastPublicationDate":1615711227983,"slugUrl":"binnur-zuhat-uzun"},"contents":[{"id":237133,"title":"Uzaktan çalışma yönetmeliği","contentType":"CORNER_POST","coverImage":"","coverCode":"","publicationDate":1615676340000,"tags":[],"intro":"","spot":"","body":"<p>10 Mart 2021 tarihli Resmi Gazete’de beklenen uzaktan çalışma yönetmeliği yayımlandı. Beklenen diyorum çünkü yasal dayanağı olan, uygulanma esaslarının yönetmelikle belirleneceğini düzenleyen İş Kanunu değişikliği 2016 tarihli. Salgın dolayısıyla uzaktan çalışma öngörülenden hızlı yaygınlaşınca anlaşılan apar topar bir yönetmelik çıkarılmış. Çıkarılmasa da olurmuş çünkü içeriğinde pek bir düzenleme yok. Her şey sözleşmeye bırakılmış ve yasal düzenlemelere atıf yapılmış.</p><p>Bu nedenle yönetmeliği incelemekten öte, tüm mevzuat çerçevesinde, uzaktan çalışmaya şimdilik iki noktadan değinmek istiyorum:</p><p>Öncelikle, hem kanun hem yönetmelik uzaktan çalışmanın “süresinin” yazılı sözleşme ile belirleneceğini yazmışlar. Yazılı sözleşme uzaktan çalışmanın zorunlu şartı. Yeni bir işe uzaktan çalışma usulüyle başlayabileceğiniz gibi eski işyerinizde de uzaktan çalışmaya geçebilirsiniz. Her iki şekilde yazılı sözleşme yapıyor ve uzaktan çalışma “süresini” belirliyorsunuz. Mevzuat burada ısrarla, mesai saati, çalışma dönemi gibi sözcükler kullanmıyor. Hukuk dediğiniz boşlukların olması ya da olmamasıdır. Burada boşluk vardır ve bu boşluğa kolaylıkla uzaktan çalışma sözleşmelerinin belirli süreli sözleşme sayılacağına dair yorumlar, uygulamalar girer. Bu sayfalarda defalarca yazıldığı üzere belirli süreli sözleşmeler işçinin temel haklarının tırpanlandığı sözleşmelerdir. Süre ifadeleri, çalışma saatleri, çalışma günleri,çalışma dönemleri olarak düzeltilmeli, uzaktan çalışma sözleşmesinin belirli süreli sözleşme sayılamayacağı zikredilmelidir. Uzaktan çalışma sözleşmesi imzalayacak işçilere de bu hususu sözleşmelerine -varsa müdahale şansları- öneririm.</p><p>İkinci nokta bu kere asıl olarak uzaktan çalışmanın süresi konusudur. Uzaktan çalışma gerçekten ilk bakışta işçi açısından kolaylıklar sağlayacak, rahat bir çalışma yöntemi gibi görünebilir. Ama salgın döneminde evlerimize uzun süre kapandığımızda bizzat yaşadığımız ve psikoloji biliminin de söylediği gibi ancak belli süreler için. Çalışma ortamında yaşanan farklı deneyimler, toplumsallık, ortam değiştirme, sınıf dayanışması, yalnızlıktan korunma gibi insani ihtiyaçlarımız var. Yönetmeliğe göre işçi işyerine dönmek istediğinde işverenin bunu öncelikle değerlendirme yükümü var sadece. Bu cümle hukuk anlamında boşluktur. Yaptırımsızdır. İşçinin işyerine dönme talebinin kabul edilmemesi haklı fesih sayılmadıkça buradan da mağduriyet doğacaktır.</p><p>Olması gereken uzaktan çalışmada mesai saatleri miktar olarak belirtilmeli, ev ortamında işçi çalışma düzenini kendi kurmalıdır. İşçi talep ettiğinde işyerine dönebilmeli ve bu imkanı sağlayacak karma çalışma düzenini kuran işyerleri uzaktan çalışmaya geçebilmelidir. Uzaktan çalışma sözleşmelerinin kanunda sayılan haller dışında belirli süreli sözleşmeler olarak yorumlanması kanunla yasaklanmalıdır.</p><p>Yönetmelikte iş güvenliği ve meslek hastalığı yönünden bir iki ödev hatırlatılmış ancak işleyişle ilgili çıkabilecek sorunlar için, başlıca ev ortamında iş kazası ve meslek hastalığının nasıl ayrılıp ispat edileceğine dair yine boşluk bırakılmıştır. Konumuz dışı bu başlığı uzmanlarına hatırlatmış olalım.</p><p>Bir öneri ile bitirelim. Teori dergisi internet ortamında her yönü ile uzaktan çalışmayı ele alan incelemeler yayınlıyor. <a href=\"https://teoridergisi.com\" rel=\"noopener noreferrer\" target=\"_blank\">https://teoridergisi.com</a>, <a href=\"youtube.com/c/TeoriDergisi \" rel=\"noopener noreferrer\" target=\"_blank\">youtube.com/c/TeoriDergisi </a>adreslerinden ulaşabilirsiniz</p>","outro":"","hideAds":false,"createdDate":1615711227984,"updatedDate":1615722003478,"hitCount":293,"active":true,"lastUpdaterIp":"141.101.68.28","hasEmbeddedTitle":false,"showOnHomePage":false,"currentUrl":"uzaktan-calisma-yonetmeligi-237133-1"},{"id":222754,"title":"Gündelikçiler","contentType":"CORNER_POST","coverImage":"","coverCode":"","publicationDate":1604790000000,"tags":[],"intro":"","spot":"","body":"<p>Gündelik, sözlükte gün hesabı çalışma, gün hesabı ücret ödenen çalışma, yevmiye olarak geçiyor. Genellikle ev temizliği ve ev işleri kadınlar tarafından gündelik usulü yapılıyor, erkek işçilerin ise kısa süreli inşaat, bahçe tarla işlerinde gündelikçi olarak çalıştırıldığı, bu iş ilişkisinin kurulduğu amele pazarlarının hâlâ en modern şehirlerde de görüldüğü malum. Eskiden terziler de gündelik usulü çalışır, kalabalık, zengin evlere giderek ailenin dikiş işlerini yaparmış.</p><p><strong>Konumuz ev işlerine giden kadınlar. Ev dışında çalışmaları olan, ev işlerini aile bireylerine paylaştırmayı beceremeyen kuşağım kadınları gibi ben de zaman zaman “gündelikçiye” ihtiyaç duydum. Sağ olsunlar bu usul çalışan arkadaşlarım vardı, gelenlerden bazılarıyla da arkadaşlığım sürer, çözüyordum ihtiyacımı. Temizlik yevmiyesi çapa yevmiyesinden epey yüksekti. Eşim bunun ekonomik gerekçesini anlayamıyordu ama o emek benim açımdan ödenmez kıymetteydi. Gelgelelim durum değişmiş, eşten dosttan o kıymetli emek bulunmuyor. Kadınlar bu işi yapan şirketlerde istihdam ediliyorlar. Bu şirketler de bir kısmı inşaat, bir kısmı apartman, bir kısmı boş ev temizlemek üzere uzmanlaşmışlar</strong>. Ev temizliği yaptıracak şirketi bulduğunda da ihtiyacını değil kendi koşullarını dayatıyor, oda sayısı kat sayısı telefonda tartışıp duruyorsun. Pek iyiydi eskiden benim için işi beraber yapar üstüne beraber çay keyfi yapardık. Ama aslında emekçi için işin standardı olması iyidir.</p><p>Bu şekilde çalışma kadın işçinin kendi başına çalışmasına göre eline geçen gelirin önemli ölçüde azalması demek. Aylık ücret alsalar bile yarıdan az. Bir de bazısı gittiği gün kadar alıyor.</p><p><strong>Çok açık ki kadınlar sigorta için bu usulde çalışmayı tercih ediyorlar. Serbest çalışmaları halinde sigortaları olmayacak. Ne 5510 sayılı kanuna ne de İş Kanunu’na tabi olacaklar.&nbsp;Dolayısıyla o kıymetli emeklerini ucuza başkalarına kaptırmış oluyorlar.</strong></p><p><strong>Öte yandan başka bir gelişme var; ülkemin kadınları baş 0döndürücü bir gelişme içindeler. Salgın, kriz vs ile kadın istihdamı düşedursun girişimci kadın sayısı artıyor. Turizmi çekmeyi başarmış Anadolu kasabalarına köylerine gittiğinizde başında eşarbı, altında şalvarı ile küçük satış tezgahlarından kafelerde, otellerde, araç direksiyonlarında hatta hanutçu olarak neredeyse sadece kadınları görürsünüz. Satın aldığınız gıdanın, ya da ufak tefeğin ambalajına bakın, kaçının üzerinde kadın kooperatifi tarafından üretildiğini göreceksiniz kim bilir. İnternette ise kendi ürününü, hizmetini pazarlayan bir kadınlar ordusu var.</strong></p><p>Bu şartlarda ev temizliği işi yapan kadınların şirketlerde çalışmak yerine kooperatiflerde örgütlenmesi ilk akla gelen seçenek. Gel gelelim kooperatifçiliğin ülkemizdeki kronikleşmiş sorunları düşünüldüğünde hele de büyük şehirlerde bu iş ilk bakışta zor gibi görünüyor. Bu işi meram etmiş kararlı bir öncünün ateşlemesine, yerel belediyeler, kamu idarelerinin desteğinin sağlanmasına ihtiyaç var. </p><p>Çay keyfi yaptığım dostlarımın dikkatine sunuyorum. Minnetle.</p>","outro":"","hideAds":false,"createdDate":1604775173115,"updatedDate":1604775173115,"hitCount":715,"active":true,"lastUpdaterIp":"141.101.76.56","hasEmbeddedTitle":false,"showOnHomePage":false,"currentUrl":"gundelikciler-222754"},{"id":217016,"title":"Kadın işçilik üzerine kısa etütler","contentType":"CORNER_POST","coverImage":"","coverCode":"","publicationDate":1598742060000,"tags":[],"intro":"","spot":"","body":"<p>Eğer dünya üzerinde yaşanan her sorun kadınlar için ikiye çarpılmaktaysa, işçilik söz konusu olduğunda kadın işçiliğinin sorunları dört beş katıdır kesin.&nbsp;Artan işsizliğe, dönemsel gericiliğe, çözülemeyen sorunların yarattığı toplumsal çürümelere rağmen kadın istihdamı istikrarlı bir şekilde artıyor. Geçim zorlaşıp yoksulluk arttıkça da artacak.</p><p>Bu şekilde kadının ekonomik bağımsızlığını kazanması, üretken olması, toplumsal hayata katılımı her açıdan olumlu hatta toplum sağlığı ve gelişim için zorunlu. Ancak kadınların karşılığında ödediği bedel yüksek. Çocuklarını beslemek okutmak için çalışan kadın, iş yaşamındaki çözülmemiş sorunlar yüzünden çocuklarından kopuyor. Ücretler düşük, çoğu işyerinde yoğun fazla mesai var ve geçinmek için uzun saatleri işyerinde geçirmek zorunda kadın işçi. Yasanın işyerinde kreş ve bakım merkezi kurulmasına dair hükümleri işverenlerce kolayca çiğnenebiliyor. Zira bu maddelerin uygulaması için kadın işçi, ya da ebeveyn sayısı koşulu var ve sayıyı sabit tutmak pek de zor değil. Sonuçta işverenin işçi alırken cinsiyet ayrımı yapmamasına dair kanunda bir madde var ama yaptırımı olmadığından bir anlamda hükümsüz bir hüküm.</p><p>Peki diyelim sayı koşulunun tuttuğu işyerinde çalışıyorsunuz ama işveren oralı değil. İşvereni zorlamak için vereceğiniz mücadele muhtemel ki size işsizlik olarak dönecek. Hak grevi ve başlıca eylem biçimleri yasa korumasında değil. Size sadece bu sebeple iş akdini feshetmeniz halinde haklı fesih hakkı verilmiş. Eğer başarıp işyerine eli yüzü düzgün bir sendika sokabildiyseniz muhtemelen daha şanslısınız ama onu başarmak da işsizlik bedeli ödemeye hazır olmanıza bağlı.</p><p>Sonuçta işyerinde-işkolunda sendikalaşma, kanunu ve sözleşmeyi uygulatma, başka sorunları çözme işçinin mücadelesine bağlıdır. Ancak iş güvenliği eksikleri, işsizlik ve yoksulluk yoğunluğu, mücadele bedelinin yüksekliği basit sorunları bile kangrenleştiriyor.</p><p>Oysa çocuk gelişimi, ailenin analığın korunması basit sorunlar değildir. Devletin anayasalara geçmiş temel görevlerindendir. Ortak Çocuk Bakım Merkezlerinin, kreşlerin sanayi bölgelerinin temel standartlarına dahil edilmesi mesela, ne kadar zor olabilir? Devletin müdahil olduğu bir alandır burası ve devletin eli görülmelidir. En sonunda zaten paylaşılmış maliyet düşecek işçi-işveren karşı karşıya gelmemiş olacaktır. Benzer yöntemler aranmalı, devletin müdahalesinin yolları düşünülmelidir. Her şeyi devletten beklememek lazım der dururuz ya, bence her şeyi işverenden beklememek, işverene bırakmamak hayırlıdır.Kadın işçilerin temel sorunlarından biri de cinsel ayrımcılık ve tacizler. Bu başlık ayrı yazı konusu oluşturacak kadar karmaşık ve boyutlu olduğundan başka bir gönüllü incelemezse gelecek yazıya bırakıyorum.</p><p>İşçi annelerin, anahtarı boynunda, her işini kendi yapmayı öğrenmiş çocuklarına sevgiyle.</p>","outro":"","hideAds":false,"createdDate":1598728275791,"updatedDate":1598728275791,"hitCount":834,"active":true,"lastUpdaterIp":"141.101.105.90","hasEmbeddedTitle":false,"showOnHomePage":false,"currentUrl":"kadin-iscilik-uzerine-kisa-etutler-217016"},{"id":214228,"title":"Kadın cinayetleri ve rehabilitasyon","contentType":"CORNER_POST","coverImage":"","coverCode":"","publicationDate":1595718060000,"tags":[],"intro":"","spot":"","body":"<p>Kadın cinayetleri toplumumuzun kanayan yarası. Korkutucu tırmanışı, yürek burkan öyküleri ile sürekli bu konuyu konuşur olduk. Anlamlandırmaya, çözüm üretmeye çalışıyoruz. Sırtında yumurta küfesi olmayanlarla işi gücü çatlaklar üretmek olan malum familya sokaklara doluşup bu olayı erkek düşmanlığı ile çözeceğini ilan etti bile. Onlar bağıradursun bu iş ciddiyet istiyor.</p><p>Kadın cinayetlerinde ilk bakışta erkek egosu gerçek sebep ve psikolojik faktörler öne çıkıyor gibi görünse de rakamlar bunu doğrulamıyor. Zira faillerin yarıdan fazlası ya işsiz ya da süresiz ve nitelikli işlerde çalışmıyor. Yani kendilerini doyumlu, başarılı hissedecekleri bir meslek hayatları yok. Keza eğitimleri de nitelikli bir iş için yetersiz. Rakamlar bize köylülük içinde de, yani tarlasında ekmeğinde olan insanlar içinde de fail ve mağdur oranının düşük eğitime rağmen çok az olduğunu söylüyor.</p><p>Sonuç, ne kadar üretim, ne kadar nitelikli üretim o kadar çözüm.</p><p>Tabii ki bu, nihai çözüm. O zamana kadar da yapılacak çok şey var. Potansiyel tehlike eşe ve partnere ısrarlı şiddet, hayatta tek varoluş yeri gördüğü ilişkinin bitimini kabul etmeme gibi hallerde koruma tedbirleri kadar eğitim de önemli. Mümkün ki koruma tedbirlerine olası şüphelinin mesleki, psikolojik, sosyal eğitimi eklense, böyle merkezler kurulsa faydalı olacaktır.</p><p>Faillerin çoğu ilkokul, kalan önemli dilim ortaöğretim. Meslek eğitiminde ve yüksek öğretimde şiddet var fakat cinayet çok az. İlk ve ortaokul eğitiminde konuya dair yaşa uygun bilinçlendirme hedeflenebilir.</p><p>Ve anneler, toplumun tersine yönlendirmelerine de direnerek erkek çocuklarını, içi kolay kolay dolmayacak bir ego ile beraber büyütmesinler.</p>","outro":"","hideAds":false,"createdDate":1595698902916,"updatedDate":1595698902916,"hitCount":843,"active":true,"lastUpdaterIp":"141.101.105.174","hasEmbeddedTitle":false,"showOnHomePage":false,"currentUrl":"kadin-cinayetleri-ve-rehabilitasyon-214228"},{"id":211415,"title":"Kıdem tazminatı ve adalet","contentType":"CORNER_POST","coverImage":"","coverCode":"","publicationDate":1593298860000,"tags":[],"intro":"","spot":"","body":"<p>Hukuk dediğimiz kurmaca varlığın insanın uzun yürüyüşüne katılabilmesinin sebebi birbirini destekleyen iki sağlam ayağı olması; adalet ve düzen. Adaletin uzlaşılmış bir tanımı, cetveli ve şablonu olmasa da, insana has adalet duygumuzu tatmin eden düzenler kurmak isteriz, böyle düzenler daha uzun ömürlü olur. Adalet de kaos ortamında değil belli bir düzen içinde var olabilir. Demek ki hukuk sisteminin içerdiği kurum ve kurallardan adil olanların daha sağlam olduklarını düşünmeliyiz.</p><p>Sadece Türk Hukukunda kıdem tazminatı müessesesinin macerasını iyi kötü biliyorum. Başka ülkelerle karşılaştıracak bilgilerim yok. Tarihsel olarak biraz kuşbakışı bakıldığında gördüğümüz genç Cumhuriyet’in düzenini oturtma çabası nedeniyle önce memur dediğimiz sınıf bölümünün haklarının diğer kesimlere göre fazla fazla verilmesi, “amele” haklarının daha yavaş ve parça parça gelmesi.&nbsp;Halkın memurun ölüsü bile para dediği, yoksul işçinin okutamadığı çocuğunun orta kademe şık memurun pabucunu boyadığı görüntü ile temeli olmayan tali bir çelişkinin hayatın tam ortasına kurulduğu dönemler geçti. Kıdem bu dönemlerde belli koşullarda işini kaybeden işçiye işverenin ödeyeceği cüzi bir tazminat olarak geldi. Bir çeşit iş güvencesi olarak düşünüldü. Adım adım gelişti ama halen adalet duygusuna hitap edemediğinden düzeni de yok. Sürekli çekiştiriliyor. Zayıf karın durumunda.</p><p>Çünkü emekli ikramiyesi emekçilerin halen bir bölümüne ödendiği için kıdem tazminatı bu işi de görüyor ama emekli ikramiyesi gibi garantisi de yok.</p><p>Çünkü emekçilerin bir bölümü istifa da etse, işten de atılsa emekli olduğunda o ikramiyeyi en azından 2018’den beri alabiliyor olmasına rağmen kıdem tazminatı mevcut haliyle bu hakkı içermiyor.</p><p>Çünkü hararetlenip iş arkadaşı ile ağız dalaşına giren, usturubuna göre hak eylemi yapan memur zaten kolayına işten atılmıyor.</p><p>Buraya kadarı eşitlik ilkesinin eksikliği, adaletin bir de bir koyundan iki post çıkmaz ilkesi var. İşyerinde ağız dalaşına giren işçi kıdemsiz işten atılır, döner bir de arkadaşına, işyerine tazminat öder, eylemi nedeniyle ceza alır. Tamam, kimse kimseye bağırmasın, kötü söz söylemesin. İyi de bir suçun herkes için cezai ve mali en fazla iki müeyyidesi varken işçi için neden daha ağır olsun? Elbette işveren işyeri düzenini bozan, kendisine ve ailesine hakaret eden işçi ile çalışmak zorunda değildir ve işten çıkarabilir. Sonra da gerekmişse şikayetini de yapar tazminatını da alır. Ama üstüne geçmişin tüm emeklerinin yakılması kime adil geliyor? Kıdem tazminatı, belirli belirsiz her türlü iş akdinde, her çeşit işten ayrılmada ve her koşulda ödenmek üzere devlet güvencesine kavuşmadan orasından burasından çekiştirilmekten, sendikalar kırmızı çizgi çekmekten kurtulamayacaklardır. Mevcudu korumanın yolu bazen geliştirmekten geçer. Kıdem tazminatı daha adil olmadan korunamayacaktır.</p>","outro":"","hideAds":false,"createdDate":1593283345171,"updatedDate":1593283345171,"hitCount":896,"active":true,"lastUpdaterIp":"141.101.105.238","hasEmbeddedTitle":false,"showOnHomePage":false,"currentUrl":"kidem-tazminati-ve-adalet-211415"},{"id":209104,"title":"Ekmek teknesini korurken","contentType":"CORNER_POST","coverImage":"","coverCode":"","publicationDate":1590879660000,"tags":[],"intro":"","spot":"","body":"<p>Ekmek teknesini koruma ilkesini belirleyip yolunu yöntemini gelmiş geçmiş tecrübelerden derledikten sonra sahaya, uygulamaya girdiğimizde rehberimiz işçi sınıfıdır. Türk işçisi kimden ne isteyeceğini bilir, hangi işyerinin batmakta ve hangisinin kârını katlamakta olduğunun farkındadır. Kârını katlayan, yani kendi ölçeğinde refah üreten işyerleri-kolları- için sınıfının refahtan pay istemesi haklıdır, desteklenecek, gerekirse kol sıvanacak, birlikte mücadele edilecektir. Metal işçisinin toplusözleşme süreci bize bunu bir kere daha gösterdi.</p><p>Ancak toplamda refah değil, gerek içten işleyen, gerek ekonomi dışı nedenlerle akut belirti veren kriz dönemindeyiz. Sınıfın gündemi çoğunlukla refahın paylaşılması mücadelesi değil. Görüp yaşadığımız batan fabrikasının kapısında umutsuzca en azından içeride kalan alacaklarını talep eden, ya da batma sürecinde, işçi çıkaran fabrikaların kapısında işe dönüş mücadelesi veren işçiler.</p><p>Demek ki pastayı büyütmekten de öte önce ekmeği pişirmek gerekiyor. Ülke olarak ekmek için gerekli unu suyu boşa harcamak üzere elinde tutanlardan aldığımız kaynakları kullanarak kamunun önceliğinde üretim ekonomisine geçip ekmeği pişireceğiz. İşçinin, köylünün, emekçilerin temel ihtiyaçlarını bol ve ucuz elde etmesini sağlayacağız. Elektrik, su, okul, hastane, konut ulaşılabilir, bol ve ucuz olacak. Ancak ondan sonra mayalık ayırıp yeni ekmekler, büyük pastalar yapabilir ve duruma göre, krizi yerine göre refahı paylaşırız.</p><p>Türk işçisinin mücadele geleneği ve birikimi onun elinde avucunda kalana göz dikenlere uyarı olmalıdır. İş barışının olmadığı yerde üretim olmaz. Sınıfın katılmadığı üretim ekonomisi çabaları boşa düşer. Sınıf önderiyle buluşmazsa pusuda bekleyenler umutlanır. En haklı talepler kılık değiştirir, turuncu giyinir, düşman üniforması kuşanır. Talebe mi bakacaksınız, kisveye mi, şaşırırsınız. Bizim işçimiz böyle süreçler yaşamadı ama yaşayan ülkeler var. Hiç belli olmaz.</p><p>Yıldırım Koç hocamızın dediği gibi, öğretirken bile sınıftan öğrenmeye devam etmeli. Sınıf yanıltmaz.</p>","outro":"","hideAds":false,"createdDate":1590872278896,"updatedDate":1590872278896,"hitCount":1020,"active":true,"lastUpdaterIp":"141.101.76.14","hasEmbeddedTitle":false,"showOnHomePage":false,"currentUrl":"ekmek-teknesini-korurken-209104"},{"id":206463,"title":"Ayrımcılık yasağı","contentType":"CORNER_POST","coverImage":"","coverCode":"","publicationDate":1587855660000,"tags":[],"intro":"","spot":"","body":"<p>Demokratik devrimlerin eşitlik ve özgürlük ilkeleri feodal zorbalığa-asalaklığa karşı mücadelenin şiarlarıydı. Fakat büyük devrimler sadece günü kurtarmaz, onlar geleceğe açılan kapılardır. Bu nedenle eşitlik ve özgürlük ilkeleri kadınları, ezilen sınıfları da kapsayacak şekilde zenginleşmektedir.</p><p>Bizim de demokratik devrimimizin eseri anayasa geleneğimiz eşitlik ilkesinin içeriğini zenginleştirmiştir. Bunun yanına çalışma özgürlüğü, angarya yasağı, çalışma hakkı ve ödevine, hak aramaya dair anayasal düzenlemeler hep bu en temel ilkelerin içerik çeşitleridir. Engellilerin, çocukların, kadınların korunması ise devlete görev olarak verilmiş, bu görevin yerine getirilmesi eşitlik yasağına aykırılık sayılmamıştır.</p><p>Çalışma hayatımızın temelini oluşturan İş Kanunumuz da anayasal ilkeyi başlangıç maddeleri arasına almış, kendi alanına özgülemiş, bu ilke ışığında düzenleme yapmıştır. Madde işverenin işçiler arasında işin gereği ve biyolojik sebepler dışında herhangi bir nedenle ayrım yapamayacağını, aynı işe farklı ücret veremeyeceğini emretmiş, işin yürütüm ve sona ermesinde ayrım yapan işverene dört aya kadar ücret ödeme yaptırımı getirmiştir. Taşeron usulü çalıştırma sisteminin içerdiği köleleştirmeyi işçiler bu maddeye dayanarak bertaraf etmişlerdir. Buna karşın işe alım için ayrım yapılması halinde bir müeyyide yoktur. Keza dava sürecinde de ayrım yapıldığını ispat yükümü işçiye aittir.</p><p>Ayrım yasağının hayata geçmesinin tam bir koruma sağlamasının önünde türlü toplumsal engeller var. Bunların başında işsizlik var kuşkusuz. Kamu ya da özel işverenin açtığı iş başvurusuna işe alınacakların misliyle insan başvurduğunda işe alınanların hangi ölçütle alındığını ayrımcılık yapılıp yapılmadığını görüp göstermek kabil olmayacaktır. Yine işsizlik koşullarında gerek işe alımda gerek tensikat gündeme geldiğinde aile geçindirdiği düşünülen erkek işçilerin kayırıldığı, toplumun bunu meşru kabul ettiği de unutulmamalıdır. </p><p>İşverenin işçi alımında tercih yaparken işin gereğini tayin konusunda tamamen özgür olduğuna da değinmek gerekir. Yargı kararları maddenin uygulamasını bu doğrultuda yerleştirmiştir. Erkek aşçıların daha başarılı olduğunu düşünerek iş ilanı ile erkek aşçı arayan işverenin yasayı çiğnediğini söyleyemiyoruz. Ya da teşrifat, sunum işlerinde kadın işçi tercihi işveren hakkı olarak uygulanmaktadır. </p><p>Kamu işverenin iktidardaki siyasi parti yandaş ve mensuplarına pozitif ayrımcılık yapması ise uzun yıllardır baş edilemeyen bir toplumsal sorunumuz olmaya devam etmektedir. </p><p>Üretim devrimi ile işsizlik belasını defettiğimiz, gerçek eşitliği sağlayacağımız geleceklerde, devrimimizin nice yüzyıllara varması dileğiyle geçmiş bayramınızı kutlarım.</p>","outro":"","hideAds":false,"createdDate":1587844280305,"updatedDate":1587844280305,"hitCount":1200,"active":true,"lastUpdaterIp":"172.69.54.61","hasEmbeddedTitle":false,"showOnHomePage":false,"currentUrl":"ayrimcilik-yasagi-206463"},{"id":203963,"title":"Okumak deyince…","contentType":"CORNER_POST","coverImage":"","coverCode":"","publicationDate":1585432800000,"tags":[],"intro":"","spot":"","body":"<p>Değerli okurlar, bu sayfaya konuk olmaya başladığımda niyetim olabildiğince kitap tanıtımı yapmaktı. Kitap tanıtımı yapmak, sorular sormak, tartışmalar açmak, özetle düşündürmek.&nbsp;Kesin somut bilgiler vermeyecekseniz ya da öngörü ve hükümleri kesin bilgi seviyesinde bir bilge değilseniz -var öyleleri- kendi kanaatlerinizi aktarmanın yararlı olmadığını düşünüyorum. Bu sayfanın hitap etmeyi hedeflediği okur kitlesi en modern sınıf diye tanımlanmış. (Öyle de gerçekten çağımızın iki sınıfı yok mu; biri burjuvazi diğeri işçi sınıfı. Burjuvazinin modernliği tartışmalı olduğuna göre...) Öyleyse de okuyacak, tartışacak, düşünecek, ayrıntılayacak. Biz de katkı yapacağız kendimize göre.</p><p><strong>İşçi sınıfı en modern sınıftır</strong>, çağımızın bütün önemli hareketlerinde, çağın yüzünü değiştiren her olayda işçi sınıfı ideolojisinin damgası vardır. Ancak ideolojinin bilimsel temelleri inşa edilirken çağın karmaşık yapılarını yeterince incelemek ve aktarmak için zorunlu olarak&nbsp;kesitler alınıp incelenmiş, şemalar kullanılmış. Bu durum çoklukla literatür boyunca sürmüş İnsanoğlu da karmaşık şeyleri şema ve şablonlarla düşünme eğiliminde olduğundan&nbsp;şematize etmek, şemalara tanımlara sıkıştırma sürmüş de sürmüş, kökleşmiş.</p><p>Şemalar ve şablonlarla düşündüğünüzde&nbsp;ise bazı şeyleri çözemiyorsunuz. Mesela büyük demir kase siyaseti uygulayarak ekonomisi devlete ait işletmelerle yürüyen kendini sosyalist olarak tanımlayan bir ülke ile halkçılık siyaseti uygulayan ve ekonomisi devlete ait işletmeler üzerinde duran ve kendini sosyalist olarak tanımlamayan ülke arasında ne fark vardır? Ya da sosyalist bir ülkedeki ampul fabrikası da ayakta kalmak ve rekabet etmek için kapitalist ülkelerdeki gibi ömürlük ampul üretemediğine göre farkı nerede aramak gerekir?</p><p>Ya da <strong>Hakimiyeti Milliye</strong>’de yazılan yazılarla <strong>Kurtuluş Savaşı </strong>ve sonrasında TKP’ye karşı uygulanan siyaset niye uyumsuzdu? Halkçılarla sosyalistleri birleştirmesi gereken ve birleştirmeyi hedefleyen bir parti bu çelişkinin üstünden nasıl gelecekti?</p><p>Peki ya bir ülkede özel sektöre ait fabrikalar olması o ülkenin kapitalist olduğu anlamına gelmesine yeter miydi? Burjuva sınıfının sadece var olması o sınıfın iktidar olması anlamına&nbsp;gelebilir miydi?</p><p>Sayın <strong>Doğu Perinçek’in Kemalist Devrim </strong>serisinden çıkan <strong>Kemalist Devrimin İdeolojik Kaynakları </strong>kitabında ince ince işlediği gibi devrimimizin ideolojisi burjuva ve işçi devriminin kaynaklarıyla yoğrulmuşsa, bunun sahadaki yansıması neydi?</p><p>Bu sorular benim kafamı kurcalar dururdu. Hepsinin cevabını aynı sayfada konuk olmaktan gurur duyduğum değerli <strong>Yıldırım Koç </strong>hocamızın <strong>Kemalist Devrimin Niteliği</strong> isimli kitabında buldum. (Kaynak Yay. 2020 basımı) Tabii cevaplardan başka yeni yeni sorular da buldum.&nbsp;Bunları da hocamla paylaşıp aktarmayı da planlıyorum. Kitabı hararetle öneririm. Yanına <strong>Teori </strong>mart sayısı<strong>, İlter Ertuğrul'</strong>un <strong>Cumhuriyet Kururlurken Devletçiliğin Ayak İzleri </strong>kitabı da&nbsp;eklenmeli.</p><p>Tam kitap okuma zamanı. Ayrıca bu tür kitapların insanın moral motivasyonuınu dolayısıyla bağışıklığını kuvvetlendirdiğini de unutmayalım. Kötü günler geçecek elbette. Bizler de güzel geçirelim.</p>","outro":"","hideAds":false,"createdDate":1585422940201,"updatedDate":1585465017798,"hitCount":2878,"active":true,"lastUpdaterIp":"162.158.18.140","hasEmbeddedTitle":false,"showOnHomePage":false,"currentUrl":"okumak-deyince…-203963-2"}]},"success":true}