{"data":{"totalCount":6,"author":{"id":85,"name":"Rıfat Mutlu","image":"2019/11/27/0043f96c-e0c5-4877-96c6-6bff343bad2a.jpg","authorType":"OLD","emailAddress":"","twitter":"","facebook":"","instagram":"","youtube":"","background":"","active":true,"socialImage":"2019/11/27/6e808f07-5f70-4dda-9f15-92753fadfdd0.jpg","lastPublicationDate":1491951660000,"slugUrl":"rifat-mutlu"},"contents":[{"id":45749,"title":"'Hayır'ın engelliler için önemi","contentType":"CORNER_POST","coverImage":"","socialMediaImage":"","publicationDate":1491951660000,"tags":[],"spot":"","body":"<p>Y&uuml;ksek Secim Kurulu&#39;nun a&ccedil;ıklamasına g&ouml;re 16 Nisan halk oylamasında oy kullanma hakkına sahip 7 milyon engelli se&ccedil;men bulunmaktadır. Toplam se&ccedil;men sayısının 55 milyon 319 bin kişi olduğu belirtilen a&ccedil;ıklamada; se&ccedil;menlerin oy kullanacağı &nbsp;55 bin se&ccedil;im alanının 46 bini YSK tarafından incelenerek, 19 bin se&ccedil;im &nbsp;alanının engellilerin erişimine uygun olmadıgı belirtilmiştir. YSK tarafından incelenmeden kalan 9 bin se&ccedil;im alanı da eklendiğinde, t&uuml;m secim alanlarının y&uuml;zde 50&#39;si olan 28 bin se&ccedil;im alanının engellilerin erişimine elverişsiz ve/veya belirsiz olduğu ortaya &ccedil;ıkmaktadır.<br />\r\nSecim alanlarının neredeyse yarısının engellilerin erişimine uygun olmadıgı halk oylamasında,<br />\r\n7 milyon engelli se&ccedil;menin ne kadarı ve nasıl sandıklarda &nbsp;oy kullanıp &ouml;zg&uuml;r iradelerini sandığa yansıtabilecektir?<br />\r\nOysa, Cumhuriyetin kuruluşuna temel oluşturan ilkelerden birisi, egemenliğin kayıtsız şartsız ulusa (halka)ait olmasıdır. Bu demokratik ilkenin ger&ccedil;ekleşmesi, ancak ulusun (halkın) y&ouml;netime tam olarak katılmasının sağlanması ile olanaklıdır. Ulusal egemenliğin ger&ccedil;ekleşmesi i&ccedil;in halkın katılımı yanında, y&ouml;netimi denetlemesininde sağlanmasının gerektiği a&ccedil;ıktır.<br />\r\nEgemenliğin ger&ccedil;ekleştiricisi ve denetleyicisi olan ulusumuzun 10 milyon gibi &ouml;nemli bir b&ouml;l&uuml;m&uuml; engelli yurttaşlarımızdan oluşmaktadır (toplam n&uuml;fusumuzun y&uuml;zde 12,7&#39;si). Halk oylamasında, oy kullanma hakkına sahip 7 milyon engelli yurttaşımız bulunmaktadır.<br />\r\n<br />\r\nEngelli olduğu i&ccedil;in 7 milyon se&ccedil;menin b&uuml;y&uuml;k bir kısmı; meclisin yetkilerinin kaldırıldığı, h&uuml;kumetin dışarıdan atanan b&uuml;rokratlar tarafından oluşturulacağı, t&uuml;m g&uuml;&ccedil; ve yetkilerin tek kişide toplandığı bir &#39;rejim değişikliği&#39; i&ccedil;in yapılan halk oylamasında oy verip, siyasal katılım hakkını kullanamayacaklardır.<br />\r\n<br />\r\nSiyasal yaşama katılma; yurttaşların devletin &ccedil;eşitli d&uuml;zeylerdeki karar ve uygulamalarını etkileme eylemi olarak tanımlanmaktadır. Engellilik durumu, siyasal katılmayı olumsuz olarak etkileyen nedenler arasında &ouml;nemli bir yer tutmaktadır.<br />\r\nEngelli yurttaşlarımızın hem yerel hem genel meclislerde siyasal katılımı; engelli haklarının korunup, geliştirilmesi ve gereksinimlerinin karşılanmasında &ccedil;ok &ouml;nemli bir fırsat olarak değerlendirilmelidir. Bu sayede kentsel &ccedil;evrenin inşasından mesleki rehabilitasyona; eğitimden istihdama bir&ccedil;ok alanda daha kaliteli ve uygun hizmetin verilmesi sağlanabilecektir.<br />\r\nEngellilerin hem yerel, hem de genel d&uuml;zeyde siyasal yaşama katılmaları zorunludur.<br />\r\nYerel y&ouml;netimler, g&uuml;nl&uuml;k yaşamın d&uuml;zenlenmesine ilişkin &ccedil;ok &ouml;nemli yetki ve sorumluluklara sahip, halka en yakın y&ouml;netimlerdir. Bu nedenle engellilerin yerel y&ouml;netimlere katılması yaşamlarını &ouml;nemli d&uuml;zeyde kolaylaştıracaktır.<br />\r\nEngelli bireylerin genel d&uuml;zeyde siyasal yaşama katılmaları, merkezi y&ouml;netim organlarında yer almaları, makro politikaların oluşumuna katkı vermeleri toplumun yaşamını d&uuml;zenleyen yasaların yapılmasına katılmaları anlamına gelecektir.<br />\r\nB&ouml;ylece engellilerin her d&uuml;zeyde dikkate alınması ve yaşamın b&uuml;t&uuml;n alanlarının buna g&ouml;re yeniden d&uuml;zenlenmesi olanağı doğacaktır.<br />\r\nMeclis, engelli yurttaşlarımızın katılımları ile &ccedil;ok daha g&uuml;&ccedil;lenecek, engellilerin siyasal &nbsp;katılımları başda olmak &uuml;zere t&uuml;m haklarının sağlanıp korunması, geliştirilmesi &#39;hak temelli&#39; olarak ger&ccedil;ekleşecektir. Bu bağlamda; yetkileri kaldırılmış bir meclisi de i&ccedil;eren anayasa değişikliğine engelli yurttaşlarımızın 16 Nisan halk oylamasında &nbsp;&nbsp;&#39; Hayır &#39; oyu kullanması ,&ccedil;ok daha fazla &ouml;nem taşımaktadır.<br />\r\n&nbsp;</p>\r\n","hideAds":false,"createdDate":1491951786000,"updatedDate":1491951660000,"hitCount":9910,"active":true,"lastUpdaterIp":"46.196.51.86","hasEmbeddedTitle":false,"showOnHomePage":false,"currentUrl":"hayir-in-engelliler-icin-onemi"},{"id":36382,"title":"Engelli bireylerin istihdamı","contentType":"CORNER_POST","coverImage":"","socialMediaImage":"","publicationDate":1485841560000,"tags":[],"spot":"","body":"<p><em><strong>Sorunlar ve &ccedil;&ouml;z&uuml;m &ouml;nerileri</strong></em></p>\r\n\r\n<p>T&uuml;rkiye, engelli istihdamının en d&uuml;ş&uuml;k olduğu &uuml;lkelerden birisidir. 15 yaş ve &uuml;st&uuml; en az y&uuml;zde 20 engel oranına sahip olan engelli bireylerin y&uuml;zde 14.3&rsquo;&uuml; &ccedil;alışırken, y&uuml;zde 85.7&rsquo;si &ccedil;alışmamaktadır. &Ccedil;alışan engellilerin y&uuml;zde 21.4&rsquo;&uuml; erkek, y&uuml;zde 4.6&rsquo;sı kadındır; y&uuml;zde 77.4&rsquo;&uuml; &uuml;cretli-maaşlı, y&uuml;zde 15&rsquo;i kendi hesabına, y&uuml;zde 7.6&rsquo;sı &uuml;cretsiz aile iş&ccedil;isi olarak &ccedil;alışmaktadır. &Ccedil;alışan engelli bireylerin y&uuml;zde 69.6&rsquo;sı kayıtlı &ccedil;alışırken, y&uuml;zde 30.4&rsquo;&uuml; kayıt dışı &ccedil;alışmaktadır (T&Uuml;İK, 2010).</p>\r\n\r\n<p>Engelli istihdamını artırmak i&ccedil;in cezalar ve teşvikler olarak iki temel politika aracı bulunmaktadır. &nbsp;Birinci aracın temel stratejisi engelli istihdam etmeyi y&uuml;k&uuml;ml&uuml;l&uuml;k (zorunluluk) haline getirmek ve engelli istihdam etmeyenleri cezalandırmaktır. İkinci aracın temel stratejisi ise engelli istihdam eden işyerleri ve kurumları &ouml;d&uuml;llendirmektir. T&uuml;rkiye&rsquo;de engelli bireylerin istihdamına y&ouml;nelik temel politika engelli &ccedil;alıştırma y&uuml;k&uuml;ml&uuml;l&uuml;ğ&uuml; politikasıdır. Bu bağlamda, engelli bireylerin iş&ccedil;i kadrosunda istihdamı 4857 sayılı İş Kanununun 30&rsquo;uncu Maddesi kapsamında; memur kapsamında istihdamları i&ccedil;inse 657 sayılı Devlet Memurları Kanununun 53&rsquo;c&uuml; Maddesine g&ouml;re zorunlu hale getirilmiştir.</p>\r\n\r\n<p>4857 sayılı İŞ Kanununun 30&rsquo;uncu Maddesi kapsamında &lsquo;İşverenler, elli veya daha fazla iş&ccedil;i &ccedil;alıştırdıkları &ouml;zel sekt&ouml;r işyerlerinde y&uuml;zde &uuml;&ccedil; engelli; kamu işyerlerinde ise y&uuml;zde d&ouml;rt engelli bireyi meslek, beden ve ruhi durumlarına uygun işlerde &ccedil;alıştırmakla y&uuml;k&uuml;ml&uuml;d&uuml;rler&rsquo;. Bu kapsamda,2015 yılı itibarıyla kamu işyerlerinde 10.696 engelli; &ouml;zel sekt&ouml;r işyerlerinde ise 84.370 engelli birey istihdam edilmiş bulunmaktadır.</p>\r\n\r\n<p>Yine, 657 sayılı Devlet Memurları Kanununun 53&rsquo;&uuml;nc&uuml; maddesine g&ouml;re; &lsquo;Kurum ve kuruluşlar bu kanuna g&ouml;re &ccedil;alıştırdıkları personele ait kadrolarda y&uuml;zde &uuml;&ccedil; oranında engelli bireyi &ccedil;alıştırmak zorundadırlar&rsquo;. Bu kapsamda, kamu kurumlarında engelli kotasında istihdam edilen memur sayısı 2015 yılı itibarıyla 40.655 kişidir.</p>\r\n\r\n<p>Bu durum, engelli &ccedil;alıştırma y&uuml;k&uuml;ml&uuml;l&uuml;ğ&uuml;n&uuml;n yanı sıra yeni istihdam olanaklarının yaratılması gerektiğini g&ouml;stermektedir. Engelli bireylerin &ouml;nemli bir b&ouml;l&uuml;m&uuml; gerekli destekler sağlandığında ve ayrımcılık ile kurumsal olarak m&uuml;cadele edildiğinde ana akım sekt&ouml;rlerde rahat ve etkin &ccedil;alışabilmektedirler.</p>\r\n\r\n<p>&Ccedil;alışma hayatına katılım, engelli bireyler i&ccedil;in bir toplumsal katılım aracıdır. Engelli bireylerin yetkinliklerine uygun şekilde istihdamlarının sağlanması yaşam koşullarını olumlu y&ouml;nde etkileyebileceği gibi &uuml;lke ekonomisine de fayda sağlayacaktır.</p>\r\n\r\n<p>Engellilerin istihdamına ilişkin genel sorunlar ş&ouml;yle sıralanabilir:</p>\r\n\r\n<p><strong>D&uuml;ş&uuml;k Eğitim D&uuml;zeyi:</strong></p>\r\n\r\n<p>T&Uuml;İK verilerine g&ouml;re, 6 yaş ve &uuml;st&uuml; engelli bireylerin y&uuml;zde 41.6&rsquo;sı okuma yazma bilmemekte; sadece y&uuml;zde 7.7&rsquo;si lise ve daha &uuml;st&uuml; bir eğitime sahiptir (T&Uuml;İK, 2010). Engellilerin d&uuml;ş&uuml;k eğitim d&uuml;zeyi işg&uuml;c&uuml;ne katılımlarına, işsizlik oranlarına, &ccedil;alışacakları işlerin niteliğine ve &ccedil;alışma koşullarına doğrudan olumsuz etki yapmaktadır.</p>\r\n\r\n<p>Engelli bireylerin ağırlıklı olarak nitelik gerektirmeyen satış ve hizmet işleri ile b&uuml;ro ve m&uuml;şteri hizmetleri gibi d&uuml;ş&uuml;k &uuml;cretli işlerde istihdam edildikleri g&ouml;r&uuml;lmektedir.</p>\r\n\r\n<p>Mesleki eğitim ve yaşam boyu &ouml;ğrenme hizmetlerinin yaygınlaştırılması engelli bireylerin istihdamı i&ccedil;in b&uuml;y&uuml;k &ouml;nem taşımaktadır. Araştırma sonu&ccedil;larına g&ouml;re ulusal engelliler veri tabanına kayıtlı olan 15 yaş ve &uuml;st&uuml; engelli bireylerin y&uuml;zde 4&rsquo;&uuml; mesleki eğitimden yararlanırken; y&uuml;zde 96&rsquo;sı yararlanmamaktadır. Mesleki eğitimden yararlanmayan engellilerin y&uuml;zde 88.4&rsquo;&uuml; bu eğitimin iş bulmalarına bir katkı sağlamayacağını d&uuml;ş&uuml;nmekte; y&uuml;zde 18.6&rsquo;sı ise mesleki eğitimden haberlerinin olmadığını belirtmektedirler (T&Uuml;İK, 2010).</p>\r\n\r\n<p>Bu durumun &ccedil;&ouml;z&uuml;mlenebilmesi i&ccedil;in istihdama katılımda b&uuml;y&uuml;k &ouml;neme sahip olan mesleki eğitim ve yaşam boyu &ouml;ğrenim hizmetleri yaygınlaştırılmalı ve niteliği artırılmalıdır; İŞKUR, MEB, &Ccedil;alışma ve Sosyal G&uuml;venlik Bakanlığı gibi kuruluşlar arasında yeterli işbirliği ve koordinasyon kurulmalı, geliştirilmelidir. Kursların etkinliklerini &ouml;l&ccedil;meye y&ouml;nelik &ccedil;alışmalar yapılmalıdır.</p>\r\n\r\n<p><strong>Ayrımcı Tutum ve Uygulamalar:</strong></p>\r\n\r\n<p>Ayrımcı tutum ve uygulamalar engelli bireylerin istihdamını y&uuml;ksek derecede&nbsp; olumsuz olarak etkilemektedir. Bunlar genel olarak mevzuatta, iş ilanlarında, işe alım s&uuml;re&ccedil;lerinde ve &ccedil;alışma ortamında karşımıza &ccedil;ıkmaktadır.</p>\r\n\r\n<p><strong>-Mevzuatta Ayrımcılık:</strong> Ayrımcılığı yasaklayan t&uuml;m d&uuml;zenlemelere karşın mevzuatta halen engellilik temelinde ayrımcılık i&ccedil;eren d&uuml;zenlemeler bulunmaktadır.</p>\r\n\r\n<p>&nbsp;Bu durumun &ouml;nlenebilmesi i&ccedil;in t&uuml;m mevzuat taranarak ayrımcı ibare ve d&uuml;zenlemeler kaldırılmalı, engellilik temelinde ayrımcılık yapılamayacağı ibaresi eklenmelidir.</p>\r\n\r\n<p><strong>-İş İlanlarında Ayrımcılık: </strong>Engelli bireyler yalnızca engelli &ccedil;alıştırma y&uuml;k&uuml;ml&uuml;l&uuml;ğ&uuml; &ccedil;er&ccedil;evesinde a&ccedil;ılan iş pozisyonlarına y&ouml;nlendirilmektedir. Engelli bireylerin ana akım iş pozisyonlarına da kabul edilebilmeleri gerekmektedir.</p>\r\n\r\n<p>Bu ayrımcılığın giderilebilmesi i&ccedil;in a&ccedil;ılan t&uuml;m iş ilanlarına engellilerin de başvuru yapabilmelerinin &ouml;n&uuml; a&ccedil;ılmalıdır. T&uuml;m iş ilanlarına engellilik temelinde ayrımcılık yapılmayacağı ibaresi eklenmeli, engelli bireylerin t&uuml;m iş ilanlarına başvurabilmeleri sağlanmalıdır.</p>\r\n\r\n<p><strong>-İşe Alım S&uuml;re&ccedil;lerinde Ayrımcılık:</strong> Ayrımcılıkla karşılaşma olasılığı bazı engel grupları i&ccedil;in (psikolojik ve zihinsel engelliler) daha y&uuml;ksektir. Engel derecesi d&uuml;ş&uuml;k ve ortopedik engeli olan bireylerin ise istihdam edilme oranı daha y&uuml;ksektir. Belirli engel grupları i&ccedil;in erişilebilir olmayan işyerleri de engelli &ccedil;alıştırma y&uuml;k&uuml;ml&uuml;l&uuml;klerini diğer engel gruplarından bireyleri &ccedil;alıştırarak yerine getirmektedirler. Bu durumun &ccedil;&ouml;z&uuml;m&uuml; i&ccedil;in erişilebilirlik standartları sağlanmalı; işe yerleştirmede, işin gerektirdiği &ouml;zellikler ile kişinin sahip olduğu yetkinliklerin &ouml;rt&uuml;şmesi esas olarak değerlendirilmelidir.</p>\r\n\r\n<p><strong>-&Ccedil;alışma Ortamında Ayrımcılık: </strong>Toplumun engelli bireylerle birlikte yaşama konusundaki bilgi ve beceri eksikliği, dışlayıcı k&uuml;lt&uuml;r&uuml; de birlikte getirmektedir. Bunun sonucu olarak &ccedil;alışma ortamındaki davranışlarda, performans değerlendirmesi ve terfi gibi s&uuml;re&ccedil;lerde de ayrımcılık yaşanmaktadır.</p>\r\n\r\n<p>T&Uuml;İK verilerine g&ouml;re, engelli bireylerin işyerlerinde yapılması gerekirken yapılmayan d&uuml;zenlemeler ve oransal dağılımları şu şekildedir: -Y&uuml;zde 88&rsquo;inde mesleki teknolojik destek sağlanmamakta;-Y&uuml;zde 84.8&rsquo;inde engelliler i&ccedil;in işe uyum eğitimi verilmemekte;-Y&uuml;zde 84.1&rsquo;inde engelliler i&ccedil;in fiziksel d&uuml;zenleme bulunmamakta;-Y&uuml;zde 79.3&rsquo;&uuml;nde diğer &ccedil;alışanlar engelliler ile &ccedil;alışma konusunda bilgilendirilmemekte;-Y&uuml;zde 78&rsquo;inde &ccedil;alışma saatleri d&uuml;zenlenmemekte;-Y&uuml;zde 73.2&rsquo;sinde ulaşım i&ccedil;in servis sağlanmamakta;-Y&uuml;zde 54.3&rsquo;&uuml;nde tedavi i&ccedil;in izin almakta kolaylık sağlanmamaktadır.</p>\r\n\r\n<p>&Ccedil;alışma ortamında karşılaşılan ayrımcılık ile ilgili sorunların &ccedil;&ouml;z&uuml;m&uuml; i&ccedil;in: işyeri uyumlaştırma programları ve destekleyici teknolojiler sağlanmalı; işe yerleştirilen engelli &ccedil;alışanların durumu izlenmeli ve değerlendirilmeli; ayrımcılıkla m&uuml;cadelede &lsquo;farkındalık&rsquo; yaratma &ccedil;alışmaları yapılmalıdır. İşverenlerin ve işe alım s&uuml;re&ccedil;lerinde &ccedil;alışanların ayrımcılığa karşı bilin&ccedil;lendirilmesi, &uuml;niversite &ouml;ğrencisi engelli bireylere ilgili sekt&ouml;rlerde staj olanaklarının sağlanması, iyi &ouml;rneklerin kamuoyunda paylaşılması sorunların &ccedil;&ouml;z&uuml;m&uuml;nde &ouml;nemli katkılar sağlayacaktır.</p>\r\n\r\n<p><strong>Erişilebilirlik Sorunu:</strong></p>\r\n\r\n<p>Engelli bireyin yaşamını bağımsız s&uuml;rd&uuml;rebilme hakkı, erişilebilirlikle ilgili yapılan d&uuml;zenlemelerin &ccedil;ıkış noktasıdır. Bu nedenle erişilebilirlik alanında atılacak adımlar, engelli bireylerin istihdam artışı i&ccedil;in b&uuml;y&uuml;k &ouml;nem taşımaktadır. İşyerlerinin &lsquo;Birleşmiş Milletler Engelli Hakları S&ouml;zleşmesi&rsquo;nde tanımlanan &lsquo;makul uyumlaştırma&rsquo; &ccedil;er&ccedil;evesinde erişilebilir hale gelmesine y&ouml;nelik &ccedil;alışmaların bir&ccedil;oğunun &ouml;nemli bir maliyeti bulunmamaktadır (ILO, 2011). Bu uyumlulaştırma, kamu ve &ouml;zel sekt&ouml;r ortaklığında ger&ccedil;ekleştirilmesi gereken orta vadeli bir sorumluluk olarak ele alınmalıdır.</p>\r\n\r\n<p><strong>Toplumda &lsquo;Yardım&rsquo; temelli anlayıştan &lsquo;Hak&rsquo; temelli anlayışa ge&ccedil;iş s&uuml;recinin tamamlanmaması:</strong> s&uuml;recinin hen&uuml;z tamamlanmamış olması erişilebilirlik ile ilgili sorunları artırmaktadır. Pek &ccedil;ok kurum ve kuruluş tarafından engellilerin toplumsal hayata katılımı ve istihdamı i&ccedil;in yapılmakta olan bir&ccedil;ok &ccedil;alışma, iyi niyete dayalı &lsquo;yardım&rsquo; &ccedil;er&ccedil;evesinde algılanmaktadır. Bu bağlamda, aynı alanda faaliyet g&ouml;steren kurumlar aynı kurumun şubelerinin uygulamaları arasında dahi eşg&uuml;d&uuml;m, tutarlılık ve s&uuml;reklilik her zaman sağlanamamaktadır.</p>\r\n\r\n<p>Bu sorunun &ccedil;&ouml;z&uuml;m&uuml; i&ccedil;in: engelli bireyin hizmete eşit ve g&uuml;venli bir şekilde erişmesi, personelin iyi niyetine bağlı olmaktan &ccedil;ıkarılarak kurumsal politikalarla tutarlılık ve s&uuml;reklilik g&ouml;sterecek şekilde sunulmalı; yerel y&ouml;netimlerin engelli bireylere sunması gereken standart hizmetler belirlenerek kaynakların doğru ve etkin şekilde kullanılması sağlanmalıdır.</p>\r\n\r\n<p><strong>Fiziksel Altyapı Eksiklikleri:&nbsp;</strong> Uluslararası s&ouml;zleşmeler ve yasalar ile zorunlu kılınan erişilebilirliğin nasıl sağlanabileceğine y&ouml;nelik standartlar ve kılavuzlara karşın uygulamalar yetersiz kalmaktadır. Engelli bireylerin y&uuml;zde 66.9&rsquo;u kaldırımların, yaya ge&ccedil;itlerinin ve yaya yollarının; y&uuml;zde 58.4&rsquo;&uuml; kamu binalarının; y&uuml;zde 55.4&rsquo;&uuml;n&uuml;n postane ve banka benzeri mekanların uygun olmadığını belirtmektedirler (T&Uuml;İK, 2010). Erişilebilirlik standartlarının hayata tam olarak ge&ccedil;irilememesinde esas olarak iki neden bulunmaktadır. Bunlar &uuml;lkemizdeki koordinasyon, denetim ve yaptırım eksikliği ile bilgi ve farkındalık eksikliğidir.</p>\r\n\r\n<p>Koordinasyon, denetim ve yaptırım eksikliğinin &ccedil;&ouml;z&uuml;m&uuml; i&ccedil;in yerel y&ouml;netimlerin b&ouml;lgelerindeki engelli bireylerden oluşan sivil toplum kuruluşlarıyla birlikte mevcut finansal kaynaklar kapsamında ihtiya&ccedil;lar arasında &ouml;ncelik sırası yapılarak erişilebilirlik &ccedil;alışmalarının etkin şekilde yapılması &ouml;nemli katkı yapacaktır.</p>\r\n\r\n<p>Bilgi ve farkındalık eksikliğinin giderilmesinde evrensel tasarım konusunda uzman sayısının artırılması; yerel y&ouml;netimlerde erişilebilirlik konusunda teknik bilgi ve sosyal farkındalık eğitimlerinin verilmesi yarar sağlayacaktır.</p>\r\n\r\n<p>&nbsp;İŞKUR&rsquo;un engelli &ccedil;alıştırma y&uuml;k&uuml;ml&uuml;l&uuml;ğ&uuml;n&uuml; sağlamayan kurumlardan aldığı maddi cezalar, engelli bireylerin &ccedil;alıştığı işyerlerinin engellilere g&ouml;re uyumlaştırması ve bu işyerlerine engellilerin gereksinim duydukları destek teknolojilerinin sağlanmasında kullanılmalıdır.</p>\r\n\r\n<p><strong>Destekli ve Korumalı İşyerlerinin Yetersizliği:</strong></p>\r\n\r\n<p>Engel derecesi y&uuml;ksek bireylerin istihdamına y&ouml;nelik kurulan ve kar amacını ikincilleştiren korumalı işyerlerinin kurulmasını ya da ana akım işyerlerinde engel derecesi y&uuml;ksek bireylerin istihdamını kolaylaştıracak destek mekanizmalarının oluşturulmasına y&ouml;nelik kapsamlı politikalara gereksinim bulunmaktadır. 2006 yılında &ccedil;ıkarılan &lsquo;Korumalı İşyeri Y&ouml;netmeliği&rsquo; uygulamaya ışık tutacak nitelikte değildir.</p>\r\n\r\n<p>Korumalı işyeri stat&uuml;s&uuml; bulunmamakla birlikte, bu y&ouml;nde bir yapı g&ouml;steren işyerlerinde uygulamada yaşanan sorunlar ş&ouml;yle sıralanmaktadır: engel derecesi y&uuml;ksek bireylerin istihdamı sağlanmamakta, &uuml;retimden elde edilen kazan&ccedil; işletim masraflarını karşılamamaktadır. &Uuml;r&uuml;nlerin &nbsp;pazarlanmasında&nbsp; g&uuml;&ccedil;l&uuml;k yaşanmakta; bazı işyerlerinde &ccedil;alışanlar Sosyal Yardımlaşma ve Dayanışma Vakıflarından &nbsp;alacakları ayni ve nakdi yardım karşılığı &ccedil;alışmakta; &ccedil;alışanların b&uuml;y&uuml;k &ccedil;oğunluğunun sosyal g&uuml;venliği bulunmamaktadır.</p>\r\n\r\n<p><strong>Bu sorunun &ccedil;&ouml;z&uuml;m&uuml;nde: </strong>Destekli ya da korumalı işyerlerine ilişkin mevcut mevzuat g&ouml;zden ge&ccedil;irilerek uygulanabilir bir duruma getirilmeli, işleyişinin s&uuml;rd&uuml;r&uuml;lebilir olması i&ccedil;in g&uuml;&ccedil;l&uuml; bir kamu desteği sağlanmalıdır. Kamu kurumları tarafından bu işyerlerine belirli d&uuml;zeyde bir &uuml;retim potansiyeline karşılık alım garantisi sağlanmalı; &uuml;retilen &uuml;r&uuml;nlerin alımında vergi muafiyeti sağlanmalıdır. Bu &uuml;r&uuml;nlerin alımı, kamu ihale kanununda farklı bir kategori olarak tanımlanarak teşvik edimelidir.</p>\r\n\r\n<p>&nbsp;&nbsp;</p>\r\n\r\n<p>&nbsp;</p>\r\n\r\n<p>&nbsp;</p>\r\n","hideAds":false,"createdDate":1485842069000,"updatedDate":1485902189000,"hitCount":11504,"active":true,"lastUpdaterIp":"176.240.96.14","hasEmbeddedTitle":false,"showOnHomePage":false,"currentUrl":"engelli-bireylerin-istihdami"},{"id":34304,"title":"Türkiye'de demografik dönüşüm ve aile yapısı ","contentType":"CORNER_POST","coverImage":"","socialMediaImage":"","publicationDate":1484349900000,"tags":[],"spot":"","body":"<p><img alt=\"\" src=\"2019/11/28/716d0fc9-55ef-4cad-9119-abd1e022ab58.JPG\" style=\"width: 640px; height: 800px;\" /></p>\r\n\r\n<p>Toplumsal, ekonomik ve siyasal yapıdaki &ouml;nemli değişmeleri i&ccedil;eren modernleşme s&uuml;reci, yirminci y&uuml;zyılın son yarısında bir&ccedil;ok &uuml;lkeyi etkisi altına alarak k&uuml;resel bir &ouml;l&ccedil;eğe taşımıştır. Modernleşme s&uuml;reci, k&uuml;reselleşme ile birlikte hız kazanmış ve demografik anlamda &ouml;zellikle ge&ccedil;tiğimiz y&uuml;zyılın ikinci yarısında d&uuml;nya genelinde &ouml;l&uuml;m ve doğurganlık hızlarında belirgin bir azalmayı beraberinde getirmiştir ( Reher, 2007 ). &quot;Demografik D&ouml;n&uuml;ş&uuml;m&quot; olarak isimlendirilen bu s&uuml;re&ccedil; esasen y&uuml;ksek doğurganlık ve y&uuml;ksek &ouml;l&uuml;m oranlarının olduğu geleneksel demografik rejimden, doğumların bilin&ccedil;li olarak kontrol edildiği ve &ouml;l&uuml;m oranlarının d&uuml;şm&uuml;ş olduğu modern demografik rejime ge&ccedil;iş şeklinde tanımlanmaktadir.<br />\r\nModernleşme ve demografik d&ouml;n&uuml;ş&uuml;m &#39;Aile&#39; ye yeni t&uuml;rler katarak, aile yapılarını uğratmaktadir. Bu s&uuml;re&ccedil;, yaygınlaşan pop&uuml;ler k&uuml;lt&uuml;r&uuml;n getirdiği bireysel hayat tarzları ile hak ve &ouml;zg&uuml;rl&uuml;k eksenli kurgulanan yeni toplumsal değerlerin yaygınlaşarak geleneksel aile değer &nbsp;ve yaşantısının &ouml;nemini azaltan bir şekilde işlemektedir. Ancak bu durum, modernleşme s&uuml;reci &ouml;ncesinde va olan aile t&uuml;rlerinin ve hayat bi&ccedil;imlerinin b&uuml;t&uuml;n&uuml;yle yok olduğu anlamına da gelmemektedir (BASAGM, 2010; Yıldırım, 2009; Giddens, 1997).<br />\r\n<br />\r\nG&uuml;n&uuml;m&uuml;zde evlenme ve doğurganlık hızlarında karşılaşılan belirgin azalmalar, boşanma hızlarındaki artışlar, ilk dogum ve evlilik yaşlarının gittik&ccedil;e &ouml;telenmesi, kadının işg&uuml;c&uuml;ne daha fazla katılması ve ekonomik bağımsızlığını elde etmesi, daha az cocuk doğurmayı &ouml;zendiren normun yaygınlaşması ile g&ouml;&ccedil; ve kentleşme s&uuml;re&ccedil;leri geleneksel hanehalkı ve aile bi&ccedil;imlerini d&ouml;n&uuml;şt&uuml;ren &ouml;nemli demografik ve sosyolojik fakt&ouml;rler arasında yer almaktadır.<br />\r\nT&uuml;rkiye&#39;de yaşanmakta olan &ccedil;eşitli sosyal ve ekonomik d&ouml;n&uuml;ş&uuml;mler n&uuml;fusun yapısı ve&nbsp;<br />\r\nb&uuml;y&uuml;kl&uuml;ğ&uuml;nde de değişimlere neden olmaktadır. G&uuml;n&uuml;m&uuml;zde doğumda beklenen yasam s&uuml;resi 73 yıla ulaşmış ve doğurganlık hızı da n&uuml;fusun kendini yenileyebilecegi d&uuml;zey olan iki cocuğa kadar d&uuml;şm&uuml;şt&uuml;r (UNDP, 2011; HUNEE, 2010).<br />\r\nT&uuml;rkiye, toplumsal yapısında meydana gelen hızlı değişimlerin yanında geleneksel aileye &ouml;zg&uuml; bi&ccedil;im ve k&uuml;lt&uuml;rel pratiklerin halen bir değer olarak &ouml;neminin s&uuml;rmekte olduğu &uuml;lkelerden biridir&nbsp;<br />\r\n(Canatan, 2009)</p>\r\n\r\n<p><strong>T&uuml;rkiye&#39;de hanehalkı &nbsp;ve aile yapısı</strong><br />\r\n<br />\r\nHanehalkı ve aile kavramları yakın ilişkili olduğundan bir&ccedil;ok &nbsp;kez birbiri yerine kullanılması ile bazen anlam karmaşasına neden olabilmektedir. Oysa her iki kavram arasında bazı ayırıci &ouml;zellikler bulunmaktadır. Hanehalkı birlikte yaşayan bireylerin oluşturduğu sosyo-ekonomik bir birimken; aile, gelenekler veya yasalarla kurulmuş iliskileri barındıran bir birimdir. Ayrıca,hane -halkı birlikte ikamet eden bireylerin oluşturduğu bir grup olarak tanımlanırken; aile, aralarında kan bağı bulunan grup olarak ifade edilmektedir. Dolayısıyla aile &uuml;yeleri arasında akrabalık bağı &nbsp;bulunurken, hanehalkı &uuml;yeleri arasında akrabalık bağı olmak zorunda değildir.<br />\r\nAile &nbsp;kan bağlılığı, evlilik ve yasal yollardan aralarında akrabalık iliskisi bulunan ve birlikte yaşayan iki veya daha &ccedil;ok kimsenin meydana getirdiği topluluk olarak tanımlanmaktadir (&Uuml;ner, 1972). Hanehalkı i&ccedil;inde aile birimini barındıran &quot;Aile Hanehalkı&quot; ve aile birimini barındırmayan &quot;Aile Olmayan Hanehalkı&quot; olmak &uuml;zere iki farklı bi&ccedil;imden oluştuğu belirtilmektedir (Yavuz, 2002; Ko&ccedil;, 1997).</p>\r\n\r\n<p><strong>Aile tiplei</strong><br />\r\n<br />\r\nT&uuml;rkiye&#39;de &quot;&Ccedil;ekirdek Aile&quot;, &quot;Ataerkil Geniş Aile&quot;, &quot;Ge&ccedil;ici Geniş Aile&quot; ve &quot;Dağılmış Aile&quot; olarak farklı hanehalkı kompozisyonları oluşturan d&ouml;rt temel aile tipi bulunmaktadır.<br />\r\n<br />\r\n<strong>&Ccedil;ekirdek Aile:</strong><br />\r\nHanehalkı kompozisyonları i&ccedil;inde en basiti olup, eşler ve varsa onların evlenmemiş cocuklarından oluşan aile tipidir. Hanehalkı kompozisyonlarının b&uuml;y&uuml;k &ccedil;oğunluğu y&uuml;zde 70.3 ile &ccedil;ekirdek ailelerden oluşmaktadır. Yaygınlığı y&uuml;zde 62 ile 75 arasında değişmekle birlikte t&uuml;m b&ouml;lgelerde en yaygın hanehalkı kompozisyonunu oluşturmaktadır. Y&uuml;zde 72.8 oranınız kentsel alanlarda daha yaygın bulunmaktadır. Kentsel alanlardaki ailelerin yaklaşık d&ouml;rtte birini iki &ccedil;ocuklu &ccedil;ekirdek aileler oluşturmaktadır ( Yavuz, 2012; TNSA, 2008; &Uuml;nalan, 2005).<br />\r\n<br />\r\n<strong>Geniş Aile:</strong><br />\r\n&Ccedil;eşitli kuşaklardan bireylerin bir arada olduğu ve birden fazla evli &ccedil;ifti barındıran birimlerdir. Geniş aileler &quot;Ataerkil Geniş Aile&quot; ve &quot;Ge&ccedil;ici Geniş Aile&quot; olmak &uuml;zere ikiye ayrılmaktadır.&nbsp;<br />\r\n<br />\r\n<strong>&quot;Ataerkil Geniş Aile&quot;;</strong> hanehalkı reisi ve/veya eşi, evli cocuğu veya cocukları, gelin ve/veya damadı, torunu veya torunları, ve/veya evlenmemiş cocukları ile varsa diğer akraba olan kişilerden oluşmaktadır.&nbsp;<br />\r\nT&uuml;rkiye&#39;de ki hanehalklarının y&uuml;zde 8&#39;ini oluşturan ataerkil geniş ailelerin y&uuml;zde 5.9&#39;u kentlerde, y&uuml;zde 14.3&#39; &uuml; kırsal alanlarda yaşamaktadır (TNSA, 2008).<br />\r\n<br />\r\n&quot;Ge&ccedil;ici Geniş Aile&quot;ler icinde yaygın olarak g&ouml;r&uuml;len kompozisyon, Hanehalkında &ccedil;ekirdek aileye yakın bir akrabanın &ouml;zellikle hanehalkı reisi veya eşinin anne ve/ veya babasının eşlik ettigi kompozisyondur. B&ouml;lgesel farklılaşmalara bakıldığında kırsal alanlarda kentsel alanlara g&ouml;re daha yaygın olan ge&ccedil;ici geniş ailelerin daha &ccedil;ok &uuml;lkemizin kuzey b&ouml;lgelerinde karşılaşılan bir hanehalkı kompozisyonu olduğu g&ouml;r&uuml;lmektedir ( Dogu Karadeniz başta olmak &uuml;zere Batı Karadeniz, Kuzeydoğu Anadolu, Dogu Marmara ve Ortadoğu Anadolu). &nbsp;T&uuml;rkiye&#39;de ki hanehalklarının y&uuml;zde 7.4&#39; &uuml;n&uuml; oluşturmaktadır. Son yıllarda &uuml;lke genelinde bu hanehalkı tipinde yarıya yakın bir azalma olmuştur.<br />\r\n<br />\r\n<strong>Dağılmış Aile:</strong><br />\r\nHi&ccedil;bir evli &ccedil;iftin yer almadığı hanehalkı kompozisyonu &quot;Dağılmış Aile&quot; olarak nitelendirilmektedir. &nbsp;Bu hanehalkı kompozisyonu &ccedil;oğunlukla evliliğin &ouml;l&uuml;m, boşanma veya ayrı yaşama gibi nedenlerle bozulması sonucu oluşturmaktadır. Dağılmış Aile en yaygın olarak &quot;tek başına yaşayan kişiler&quot; &nbsp;veya &quot;tek ebeveynli aile&quot; olarak bilinen; evlenmemiş cocuğu ya da cocukları ile yaşayan tek anne ya da baba kompozisyonlarını i&ccedil;ermektedir ( United Nations- UN, 2008).<br />\r\nDağılmış aile hanehalkı kompozisyonunun oranı, T&uuml;rkiye&#39;de hanehalkı kompozisyonları icinde artış g&ouml;stermektedir.<br />\r\nDağılmış aile hanehalkı kompozisyonlarının oranındaki artışın &ouml;nemli bir kısmı tek kişilik hane halkları oranında meydana gelen artışlardan kaynaklanmaktadır. Bu oran 30 yıllık s&uuml;re&ccedil;te y&uuml;zde 3&#39;ten, y&uuml;zde 6.4 d&uuml;zeyine iki kattan fazla artmıştır.<br />\r\n<br />\r\n&quot;Tek Kişilik Hanehalkları&quot;: Tek kişilik hanehalklarının dağılımında cinsiyete g&ouml;re farklılıklar bulunmakta olup, kadın n&uuml;fus daha fazladır ( Tek kişilik, dağılmış aile hanehalklarının y&uuml;zde dağılımlarına g&ouml;re Kadın, y&uuml;zde 4.4; Erkek, y&uuml;zde 2&#39;dir. -TNSA, 2008). Bu durum, T&uuml;rkiye&#39;de yaşanan demografik değişimin bir sonucu olarak n&uuml;fusun giderek yaşlanması ve kadınların yasam s&uuml;resinin daha uzun olması ile ilgilidir.&nbsp;<br />\r\n<br />\r\n&quot;Tek Ebeveynli Aileler&quot;: T&uuml;rkiye toplumunda dağılmış hanehalkı kompozisyonu icinde artış eğilimi g&ouml;r&uuml;len bir diğer alt kompozisyon tek ebeveynli ailelerdir (BASAGM, 2011).&nbsp;<br />\r\nBu hanehalkı kompozisyonunun dikkat &ccedil;ekici yanı aile reislerinin 7.6 kat daha fazla olarak kadın olmasıdır.<br />\r\nTek kişilik aileler kırsal alanlarda, tek ebeveynli aileler ise kentsel alanlarda daha yaygın durumdadır.<br />\r\nT&uuml;rkiye&#39;de son kırk yıl i&ccedil;inde bir yandan geleneksel yapıya &ouml;zg&uuml; ailelerin &ccedil;&ouml;z&uuml;lme s&uuml;reci devam etmiş diğer yandan da k&uuml;&ccedil;&uuml;k ve basit aile tipleri toplumda en yaygın hanehalkı kompozisyonunu oluşturmuştur (Ko&ccedil;, 2010).<br />\r\n<br />\r\nBu tip aileler i&ccedil;inde sadece &quot;evli &ccedil;ift &quot;den oluşan &ccedil;ekirdek aile kompozisyonunun veya bir, iki &ccedil;ocuklu &ccedil;ekirdek ailelerin payı zaman icinde artmaktadır.</p>\r\n","hideAds":false,"createdDate":1484350033000,"updatedDate":1484350092000,"hitCount":21204,"active":true,"lastUpdaterIp":"78.169.60.242","hasEmbeddedTitle":false,"showOnHomePage":false,"currentUrl":"turkiye-de-demografik-donusum-ve-aile-yapisi"},{"id":30251,"title":"Yoksulluk, engellilik nedeni midir?","contentType":"CORNER_POST","coverImage":"","socialMediaImage":"","publicationDate":1481761500000,"tags":[],"spot":"","body":"<p><img alt=\"\" src=\"/_usr/files/img/IMG_2772%20%281%29.PNG\" style=\"width: 480px; height: 640px;\" /></p>\r\n\r\n<p>D&uuml;nya Engellilik Raporunda da belirtildiği gibi engellilik ile sosyo-ekonomik d&uuml;zey arasında sıkı bir işbirliği bulunmaktadır. Yoksulluk ve engellilik olgularının birlikteliği, bir&ccedil;ok sorun bileşeninin birbirini etkilemesi yani bir nedenin başka bir durumun olumsuz sonucunu yaratması nedeniyle kısır d&ouml;ng&uuml; bi&ccedil;iminde devam etmektedir.</p>\r\n\r\n<p>Yoksulluk ve engellilikle ilgili olarak d&uuml;nya &ouml;l&ccedil;eğindeki verilere bakıldığında da iki olgu arasında sıkı bir ilişki bulunduğu g&ouml;r&uuml;lmektedir: D&uuml;nya n&uuml;fusunun en yoksullarının y&uuml;zde 20&rsquo;sinin engelli olduğu değerlendirilmektedir (Elwan, 1999); engelli n&uuml;fusun y&uuml;zde 70&rsquo;i gelişmekte olan &uuml;lkelerde yaşamakta olup, gelişmekte olan &uuml;lkelerdeki engelli n&uuml;fusun y&uuml;zde 82&rsquo;si yoksulluk sınırının altındadır (Kanada Engellilik ve Kalkınma Ağı/ Canadian Network on Disability and Development-CNDD, 2006); engelli kişiler, yoksullar i&ccedil;inde en yoksul kesim olarak g&ouml;r&uuml;lmektedir (Yeo, 2005); yarım milyar engelli kişi karşı gelemedikleri konumları nedeniyle d&uuml;nyanın en yoksul ve marjinal gruplarıdır (Metts, 2010).</p>\r\n\r\n<p>D&uuml;nyada engelli n&uuml;fusun yaklaşık 470 milyonu &ccedil;alışma yaşındadır ancak engelli kişiler genellikle orantısız bir yoksulluk ve işsizlikle karşılaşmaktadır (ILO, 2008b). Bu ilişkide en &ccedil;arpıcı g&ouml;r&uuml;nen, engellilerin yoksullar i&ccedil;inde en yoksul oldukları ger&ccedil;eğidir.</p>\r\n\r\n<p>Yoksulluk, insan yaşamında sağlığa, fiziksel &ccedil;evreye ve &ccedil;alışma koşullarında yarattığı riskler ile engellilik nedenidir.</p>\r\n\r\n<p>-Yoksulluk nedeniyle sağlığa ilişkin riskler:</p>\r\n\r\n<p>Yoksulluğun engelliliğe neden olmasındaki en &ouml;nemli risk fakt&ouml;rleri arasında sağlığa ilişkin olanlar &ouml;nemli bir yer tutmaktadır. Yoksulluğun bir engellilik nedeni ya da yaşanan olumsuz sağlık durumunun ( hastalığın) ağırlaşmasında bir etken olabileceği bilinmektedir. D&uuml;nya Sağlık &Ouml;rg&uuml;t&uuml;&rsquo;n&uuml;n (WHO) hazırladığı &lsquo;2002 D&uuml;nya Sağlık Raporu&rsquo;na g&ouml;re, yoksulluğun doğrudan sonu&ccedil;ları arasında engellilik &ouml;nemli bir yer tutmaktadır.</p>\r\n\r\n<p>Yoksulluğun en dolaysız sonucu &lsquo;a&ccedil;lık&rsquo; veya s&uuml;rekli olarak yetersiz ve sağlıksız yiyeceklerle beslenmek durumunda kalmaktan kaynaklanan k&ouml;t&uuml; beslenmedir. Sık doğum nedeniyle annelerin g&uuml;&ccedil;s&uuml;zleşmesi; gebe kadınların k&ouml;t&uuml; ve yetersiz beslenmesi, bebeklerin d&uuml;ş&uuml;k doğum ağırlıklı olmasına neden olmaktadır.</p>\r\n\r\n<p>D&uuml;ş&uuml;k doğum ağırlığı ve s&uuml;rekli beslenme yetersizliği bebeklerde hem engelliliğe yol a&ccedil;an bir&ccedil;ok hastalığın ortaya &ccedil;ıkmasına katkıda bulunmakta hem de doğrudan engellilik nedeni olabilmektedir. Kronik a&ccedil;lık, gelişmekte olan beyin dokusuna zarar vermekte ve genel olarak &ccedil;ocuklarda yetersiz ve k&ouml;t&uuml; beslenme zihinsel engelliliğe neden olabilmektedir.</p>\r\n\r\n<p>-Yoksulluk nedeniyle fiziksel &ccedil;evreye ilişkin riskler:</p>\r\n\r\n<p>Kentsel &uuml;retim-t&uuml;ketim kalıplarına ve kentsel olanaklara sınırlı erişim ya da erişememe kentsel yoksulluğun ana belirleyicisidir.</p>\r\n\r\n<p>Kentlerde bu &ccedil;elişik yapılanma, yoksulların yaşadığı alanların diğer yerleşim b&ouml;lgelerine g&ouml;re ayırt edici bir takım olumsuzluklarını ortaya &ccedil;ıkarmaktadır.</p>\r\n\r\n<p>Temiz su ve gıdalara ulaşım g&uuml;&ccedil;l&uuml;ğ&uuml;, sağlıksız ve g&uuml;vensiz fiziksel &ccedil;evreye sahip olunması nedeniyle kaza ve hastalıklara yakalanma sonucunda engelli olma riski artmaktadır. Dolayısıyla yoksulluğun mek&acirc;nsal olarak ortaya &ccedil;ıkışı, kronik hastalıklar başta olmak &uuml;zere bir&ccedil;ok hastalığı ve engellilik durumunu beraberinde getirmektedir.</p>\r\n\r\n<p>-Yoksulluk nedeniyle &ccedil;alışma koşullarına ilişkin riskler:</p>\r\n\r\n<p>Yoksulluğun fiziksel &ccedil;evreye ilişkin başka bir y&ouml;n&uuml;, yoksul kişilerin &ccedil;alıştıkları işyerlerinin olumsuz fiziksel koşulları ve &ccedil;alışılan sekt&ouml;rlerin iş sağlığı ve g&uuml;venliğinden yoksunluğudur.</p>\r\n\r\n<p>Yoksulluk, ihtiya&ccedil;ların karşılanmasının ivediliği ve şiddeti aynı zamanda yine yoksullukla bağlantılı olarak eğitim d&uuml;zeyinin d&uuml;ş&uuml;kl&uuml;ğ&uuml; nedeniyle kişilerin iş tercihlerindeki esnekliği ortadan kaldıran bir yapıyı beraberinde getirmektedir. Bu durum, yoksul kişilerin iş g&uuml;venliği olmayan, &ouml;rg&uuml;tl&uuml; bi&ccedil;imde haklarını savunamadıkları, &ccedil;alışma saatlerinin fazla olduğu, emek yoğun, d&uuml;ş&uuml;k &uuml;cretli s&uuml;rekliliği olmayan ge&ccedil;ici işlerde kayıt dışı &ccedil;alışmalarına neden olmaktadır. Bu durum, sosyal hayata katılım i&ccedil;in ihtiya&ccedil; duydukları ek tıbbi hizmetler ve olanaklara erişimini kısıtlamaktadır.</p>\r\n\r\n<p>Tersane iş&ccedil;iliği, inşaat iş&ccedil;iliği, maden iş&ccedil;iliği, zararlı kimyasalların kullanıldığı sanayii sekt&ouml;r&uuml;ndeki &ccedil;alışma alanları vb. genellikle yoksullukla &ouml;zdeşleştirilen işlerdir. K&ouml;t&uuml; ve ağır &ccedil;alışma koşulları kişilerde bulunan sağlık sorularının kronikleşmesine; işin niteliğinden kaynaklanarak ortaya &ccedil;ıkabilecek işyerindeki kimyasal, fiziksel, biyolojik ve ruhsal etkenlerin oluşturduğu meslek hastalıklarına iş kazalarına zemin hazırlamaktadır.</p>\r\n\r\n<p>Yoksulluk bir engellilik nedenidir. Aynı zamanda, engelli olmak kişileri yoksullaştırdığı ya da yoksullaşma riskini artırdığı gibi var olan yoksulluğun kronikleşmesine, derinleşmesine neden olabilmektedir.</p>\r\n\r\n<p>Yoksulluk olgusunun hem belirlediği hem de yoksulluğu artıran bir etken olan eğitim d&uuml;zeyinin engellilerde genel n&uuml;fusa oranla &ccedil;ok daha d&uuml;ş&uuml;k olduğu g&ouml;r&uuml;lmektedir.</p>\r\n\r\n<p>T&Uuml;İK verilerine g&ouml;re genel genel n&uuml;fusta okuma yazma bilmeyenlerin oranı y&uuml;zde 12.9 iken, bu oran engelli n&uuml;fusta y&uuml;zde 41.6&rsquo;dır. Engelli n&uuml;fus i&ccedil;inde lise ve daha &uuml;st&uuml; eğiti olanların oranıysa y&uuml;zde 7.7&rsquo;dir. Engellilerin eğitim d&uuml;zeyindeki d&uuml;ş&uuml;kl&uuml;k, &ccedil;alışma yaşamı i&ccedil;inde yer almalarını daha da zorlaştırmaktadır.</p>\r\n","hideAds":false,"createdDate":1481761483000,"updatedDate":1481761636000,"hitCount":5988,"active":true,"lastUpdaterIp":"78.182.86.187","hasEmbeddedTitle":false,"showOnHomePage":false,"currentUrl":"yoksulluk-engellilik-nedeni-midir"},{"id":28544,"title":"Şehir Hastaneleri engellilere kaç yıldızlı hizmet verecek?","contentType":"CORNER_POST","coverImage":"","socialMediaImage":"","publicationDate":1480747800000,"tags":[],"spot":"","body":"<p>&Uuml;lkemizde de 18 Aralik 2008 tarihinde Resmi Gazete de yayinlanarak y&uuml;r&uuml;rl&uuml;ğe &nbsp;&nbsp;giren &quot;Birleşmiş Milletler Engelli Hakları S&ouml;zleşmesi&quot; (BMEHS) ile &quot;Engellilik&quot; kisiye bağlı bir olgu olmaktan &ccedil;ıkmakta ve kamusal yasamın &ouml;rg&uuml;tlenme bi&ccedil;imlerinin bireyi &quot;sınırlandırma&quot; niteliği, engelli tanımının belirleyicisi olmaktadır.&nbsp;</p>\r\n\r\n<p>Asıl sorunun, engellilige dayalı ayrımcılık ve engelsizlere g&ouml;re yapılandırılan fiziksel ve sosyal cevreden kaynaklandığı belirtilerek; kamusal yasamın &ouml;rg&uuml;tlenme bi&ccedil;imlerinin tum toplumu icerme kapasitesi, yarattığı &ccedil;evresel koşullar ve tutumların engelliligin kapsamını oluşturduğu saptaması yapılmaktadır. S&ouml;zleşmenin temel mesajı; engelilere bağış değil, eşit haklar verilmesidir.<br />\r\n<br />\r\nBirleşmiş Milletler Engelli Hakları S&ouml;zleşmesi&#39;nin imzalanmasının ardından engellilik alanında yayınlanan ilk geniş kapsamlı k&uuml;resel rapor olma &ouml;zelliligini taşıyan &quot;D&uuml;nya Engellilik Raporu&quot;da engelliligi bireylerin bir &ouml;zelliligi olarak değil, birey ve i&ccedil;erisinde yaşadığı toplum ile arasındaki hak ve eşitlik iliskisi olarak tanımlamaktadir.<br />\r\n<br />\r\n<strong>ENGELLİ BİREYLER ve SAĞLIK SORUNLARI&nbsp;</strong></p>\r\n\r\n<p>Araştırma sonu&ccedil;larına g&ouml;re &uuml;lke n&uuml;fusunun y&uuml;zde 12.29&#39;u engelli bireylerden oluşmaktadır. Engelli bireylerin y&uuml;zde 58.6&#39; sı erkek, y&uuml;zde 41.4&#39; &uuml; kadın ; y&uuml;zde 62.4&#39;&uuml; kentsel, y&uuml;zde 37.6&#39; sı kırsal alanda bulunmaktadır.&nbsp;</p>\r\n\r\n<p>Engellilerin y&uuml;zde 4.9&#39; u 0-6, y&uuml;zde 16.2&#39; si 7-14, y&uuml;zde 17.2&#39;si 15-24, y&uuml;zde 27.7&#39;si 25-44, y&uuml;zde 18.9&#39;u 45-64, y&uuml;zde 15.2&#39;si 65 ve &uuml;st&uuml; yas gruplarında bulunmaktadır.&nbsp;</p>\r\n\r\n<p>Engelli bireylerin y&uuml;zde 15.2&#39;si, y&uuml;zde 20-39 arasında; y&uuml;zde 42.4&#39; &uuml;, y&uuml;zde 40-69 arasında; &nbsp;yine 42.4&#39; &uuml;, y&uuml;zde 70 ve &uuml;st&uuml; engelilik oranına sahiptir (T&Uuml;İK, 2010).&nbsp;<br />\r\n<br />\r\nEngelli bireylerin hem engeli olmayan diğer bireyler gibi sağlıklı yasama hakkına sahip olmaları hem de toplumsal hayata, egitime ve işg&uuml;c&uuml;ne katılımları acısından saglık, rehabilitasyon ve bakım hizmetlerinin b&uuml;y&uuml;k &ouml;nemi bulunmaktadır.&nbsp;</p>\r\n\r\n<p>D&uuml;nya Engellilik Raporunda da belirtildiği gibi engelli bireyler genel n&uuml;fusa g&ouml;re daha d&uuml;ş&uuml;k kalitede saglık hizmeti almaktadırlar. Engelli bireylere sahip olduğu engel nedeniyle &ouml;zelliği olan saglık hizmeti verilirken; engelilikleri dışındaki saglık sorunlarıninda ihmal edilmemesi gerekmektedir.</p>\r\n\r\n<p>Bakım hizmetlerinin yetesizligi, hareketsizlik, gelir yoksulluğu ve olumsuz cevre koşulları nedeniyle engelli bireyler, engeli bulunmayan bireylere g&ouml;re hastalıklara yakalanma riskleri &ccedil;ok daha y&uuml;ksektir. Cocuk engellilerin engellilikleri dışındaki saglık sorunlarıyla ilgili yapılan &ccedil;alısmalarda, engelli cocukların engellilikleri dışındaki saglık problemlerinden dolayı hastanede yatış sıklığının diğer cocuklara oranla altı kat fazla olduğu g&ouml;r&uuml;lm&uuml;şt&uuml;r. Engelli cocuklarda kronik (suregen) hastalık g&ouml;r&uuml;lme sıklığının 5 kat fazla olduğu g&ouml;r&uuml;lm&uuml;şt&uuml;r.</p>\r\n\r\n<p>Araştırma sonuclarına g&ouml;re, &uuml;lkemizde engelli bireylerin y&uuml;zde 44.3&#39; &uuml; saglık hizmetlerinden yararlanamamaktadır. Engellilerin y&uuml;zde 45.6&#39;sı ise saglık kuruluşuna giderken ulaşımda engellerin &nbsp;&nbsp;olduğunu belirtmislerdir (T&Uuml;İK, &Ouml;z&uuml;rl&uuml;lerin Sorun ve Beklentileri Araştırması, 2010).<br />\r\n<br />\r\nHemen her toplumda kamu hizmetlerinden engelsiz bireylere kıyasla daha az yararlanabilen engelli bireylerin yoksulluk altında yasama riski daha y&uuml;ksekken, ekonomik faaliyetlere katılabilme olanakları da daha kısıtlıdır. Bu &ccedil;er&ccedil;evede, engelliler hem k&uuml;resel hem de &uuml;lkesel d&uuml;zeyde bir dezavantajlı grup oluşturmaktadır. D&uuml;ş&uuml;k gelire sahip olan, calışma yaşamının dışında kalan ve daha d&uuml;ş&uuml;k eğitimli kişiler daha y&uuml;ksek engellilik riski taşımaktadır.&nbsp;<br />\r\nD&uuml;nya Engellilik Raporunda da belirtildiği gibi engellilik ile sosyo-ekonomik d&uuml;zey arasında yakın iliski bulunmaktadır. Yoksulluk ve engellilik olgularının birlikteliği, bir&ccedil;ok sorun bileşeninin birbirini etkilemesi yani bir nedenin başka bir durumun sonucunu yaratması nedeniyle kısır d&ouml;ng&uuml; bi&ccedil;iminde &nbsp;devam etmektedir. Engelli olmak, kişileri yoksullaştırdıgı ya da yoksullaşma riskini artırdığı gibi var olan yoksulluğun kronikleşmesine, derinleşmesine neden olabilmektedir.</p>\r\n\r\n<p>K&ouml;t&uuml; beslenme, sık doğum nedeniyle annelerin g&uuml;&ccedil;s&uuml;zlesmesi, bağışıklık programlarındaki yetersizlik, kalabalık evlerde yaşanan kazalar gibi nedenler, yoksul kişiler arasında engelli olma riskini artırmaktadır. Bunlara ek olarak engellilik, artan toplumsal izolasyon ve ekonomik zorlanmalarla yoksulluk yaratmakta, yoksulluğu şiddetlendirmektedir.<br />\r\n<br />\r\nT&uuml;rkiye&#39;de yaşayan engelli n&uuml;fus i&ccedil;inde ka&ccedil; engellinin yoksul durumda bulunduğu ve yoksulluk d&uuml;zeyleri net olarak bilinmemektedir. Ancak engelli n&uuml;fusun yoksulluk durumlarının değerlendirilebilmesi a&ccedil;ısından en &ccedil;ok &uuml;zerinde durulması gereken nokta, engellilerin işg&uuml;c&uuml;ne katılım durumudur. En az y&uuml;zde 20 engel oranına sahip engelli bireylerin y&uuml;zde 14.3&#39; &uuml; &ccedil;alışırken, y&uuml;zde 85.7&#39;si &ccedil;alışmamaktadır. &Ccedil;alışan engellilerin y&uuml;zde 69.6&#39;sı kayıtlı &ccedil;alışırken, y&uuml;zde 30.4&#39; &uuml; kayıt dışı &ccedil;alışmaktadır (T&Uuml;İK, 2010). T&uuml;rkiye, engelli istihdamının en d&uuml;ş&uuml;k olduğu &uuml;lkelerden biridir.<br />\r\n<br />\r\nEngelli bireylerin hem engeli olmayan diğer bireyler gibi sağlıklı yasama hakkına sahip olmaları &nbsp;hem de toplumsal hayata, egitime ve işg&uuml;c&uuml;ne katılımları a&ccedil;ısından sağlık hizmetlerinden &quot;eşit&quot; olarak yararlanması b&uuml;y&uuml;k &ouml;nem taşımaktadır.<br />\r\nSağlık hizmetlerinde &quot;eşitlik&quot;; engelli ve engelsiz t&uuml;m bireylerin sağlık hizmetlerinden gereksinimleri &ouml;l&ccedil;&uuml;s&uuml;nde eşit olarak yararlanabilmeleri anlamına gelmektedir. Saglık hizmetlerinin eşit kullanılmasını engelleyen iki temel fakt&ouml;r bulunmaktadır. Bu fakt&ouml;rler &quot;para&quot; ve &quot;mesafe&quot;dir. Bunlardan kaynaklanan eşitsizlik t&uuml;rleri de &quot;ekonomik&quot;ve &quot;ulaşımsal&quot; olmaktadır.&nbsp;</p>\r\n\r\n<p>Eğer &quot;para&quot;, yani &nbsp;engelli bireylerin satın alma g&uuml;&ccedil;leri saglık hizmeti kullanımını engelliyorsa &quot;ekonomik eşitsizlik&quot;, engelli bireylerin saglık hizmetine ulaşımı aradaki mesafe nedeniyle sağlanamıyorsa &quot;ulaşımsal eşitsizlik&quot; s&ouml;z konusu olmaktadır.<br />\r\n&Ouml;te yandan, &uuml;zerlerindeki hastalık yapıcı etken y&uuml;k&uuml;n&uuml;n fazlalığından &ouml;t&uuml;r&uuml; sağlık hizmetine en &ccedil;ok gereksinimi olanlar, ekonomik ve ulaşımsal eşitsizlik sonucu sağlık hizmetlerinden yeterince yararlanamayan engellilerdir.&nbsp;<br />\r\n<br />\r\n<strong>5 YILDIZLI OTEL KONFORUNDA ŞEHİR HASTANELERİ NEDİR ?</strong></p>\r\n\r\n<p>Gercek ismi &nbsp;&quot;Kamu &Ouml;zel Ortaklığı&quot; olan sağlık alanında k&uuml;resel sermayeye yeni ve b&uuml;y&uuml;k bir kaynak aktarmanın aracı &quot;Şehir Hastaneleri&quot; sağlık hizmetleri sistemini eriten, &ouml;zel ve kar ama&ccedil;lı hizmetler verecek olan; hizmetin odak noktasını insan sağlığı değil, elde edilecek parasal kazancın oluşturduğu bir &ouml;zelleştirme modelidir.&nbsp;</p>\r\n\r\n<p>Sağlık Bakanlığı otoriteleri &quot; yaptığımız is &ouml;zelleştirme değil, vatandaşın 5 yıldızlı otel konforundaki hastanelerde daha kaliteli sağlık hizmeti alabilmesi i&ccedil;in &ouml;zel sekt&ouml;r&uuml;n g&uuml;c&uuml;nden yararlanmaktır demesine karşılık; &ouml;zel sekt&ouml;r daha delikanlıca a&ccedil;ıklamalarda bulunarak &quot; sağlıkta &nbsp;&nbsp;Kamu &Ouml;zel ortaklığı/Şehir Hastaneleri, gelecekte yapılacak kamu sağlık yatırımlarının bug&uuml;nden &ouml;zellestirilmesidir&quot; demektedir ( YASED- Uluslararası Yatırımcılar Derneği/2012 ).<br />\r\n<br />\r\nŞehir Hastaneleri Sisteminde, Devlet&#39;in bedelsiz olarak tahsis ettigi hazine arazilerine &ouml;zel şirketler tarafından b&uuml;y&uuml;k hastaneler yapılarak kamuya uzun s&uuml;reli kıraya verilmesi ve kendisine devredilen hizmetlerin hastane inşaatını yapan şirketler tarafından işletilerek gelir sağlamasıdır.<br />\r\n<br />\r\nNormal ihale miktarlarına g&ouml;re &ccedil;ok fazla miktarda insaat sabit yatırım maliyeti olan şehir hastaneleri yine &ccedil;ok y&uuml;ksek kira bedelleri ile Sağlık Bakanlığına 25 yıl s&uuml;reliğine kıraya verilmektedir ( 3 yıllık kira bedeli sabit yatırım maliyetini karşılamaktadir; &ouml;rnegin, 800 yataklı &nbsp;&nbsp;&nbsp;&nbsp;&nbsp;&nbsp;&nbsp;&nbsp;&nbsp;&nbsp;Konya- Karatay Hastane İhalesi 246 milyon 20 bin TL ile sonu&ccedil;lanmış olup, bu hastane icin 25 sene boyunca &ouml;denecek yıllık kira bedeli 88 milyon 791 bin TL&#39;dir- 25 yıllık toplam kira bedeli 2 milyar 219 &nbsp;milyon 790 bin TL. tutmaktadır).</p>\r\n\r\n<p>Kalkınma Bakanlığı tarafından a&ccedil;ıklanan raporda da şirketlerin sabit yatırım i&ccedil;in 9.5 milyar dolar &ouml;deyeceği, devletin de buna karşılık uzun d&ouml;nemde (25 yıl) 27 milyar dolar geri &ouml;deme yapacagı belirtilmiştir.&nbsp;</p>\r\n\r\n<p>Bunun yanında inşaatı yapan şirketlere &quot;&ccedil;ekirdek sağlık hizmeti&quot; dışında g&ouml;r&uuml;nt&uuml;leme ( MR, Bilgisayarli Tomografi, Ultrasonografi, R&ouml;ntgen, vd.), EKG, EEG, EMG, Biyokimya, Mirobiyoloji, vd. Labratuarlar; kreş, restoran, kafeterya, otoparklar gibi hastane b&uuml;nyesinde olan kuruluşların işletmesinide Sağlık Bakanligi &ouml;zel şirkete yine 25 yıllığına devredecektir.&nbsp;</p>\r\n\r\n<p>Saglık Bakanlığı, sirket ve konsorsiyumlara hastanelerin en az y&uuml;zde 70 doluluk oranı ile &ccedil;alışacağını &nbsp;garanti etmektedir.&nbsp;<br />\r\nKira bedelleri, buralara taşınacak kamu &nbsp;hastanelerinin d&ouml;ner sermayeleri tarafından &ouml;denecektir. Bu konuda şirketlere Hazine Garantisi verilmektedir. Bu kapsamdaki işlemlerden damga vergisi ve har&ccedil; alınmamakta; bu kapsamda yapılan/yapılacak ihaleler, kamu ihale ve devlet ihale yasasına tabi olmamaktadır.&nbsp;</p>\r\n\r\n<p>&Ouml;zel şirketlere kiralar yoluyla yatırım finansmanı, hizmet devri ile de gelir garantisi verilen Kamu &Ouml;zel Ortaklığı / Şehir Hastaneleri sisteminde risk ve maliyet tamamen kamu &uuml;zerinde kalmaktadır.</p>\r\n\r\n<p>2011 secimlerinden &ouml;nceki son meclis oturumunda bir &quot; Torba Kanun&quot;la Kamu &Ouml;zel Ortaklığı y&ouml;ntemiyle yapılacak sehir hastanelerine taşınacak mevcut kamu hastanelerinin bina ve taşınmazlarının TOKİ&#39;ye devredilebilmesi m&uuml;mk&uuml;n kılınmıştır. Bu şekilde, şehir hastanelerine taşınacak olan &nbsp;Devlet hastaneleri ve diger t&uuml;m kamu saglık kuruluşları kapatılarak kent merkezindeki rantı y&uuml;ksek mekanlar &ouml;zelleştirmeye a&ccedil;ık hale getirilmektedir.<br />\r\n<br />\r\nENGELLİLER ŞEHİR HASTANELERİNDEN &nbsp;EŞİT OLARAK YARARLANABİLECEK Mİ ?</p>\r\n\r\n<p>Sağlık hizmetlerinde eşitlik hem engelli hem de engelsiz bireylerin koruyucu ve tedavi edici sağlık hizmetlerinden gereksinimleri &ouml;l&ccedil;&uuml;s&uuml;nde yararlanabilmeleri anlamına gelmektedir.</p>\r\n\r\n<p>Engelli bireylerin gerek ekonomik gerekse ulaşımsal eşitsizlikler nedeniyle sehir hastanelerinden eşit bir sekilde yararlanabilmeleri m&uuml;mk&uuml;n değildir.<br />\r\nBunun nedenleri engelli bireylerin hem satın alma g&uuml;&ccedil;lerinin d&uuml;ş&uuml;kl&uuml;ğ&uuml; (yoksulluk) nedeniyle gereksinimleri olan saglık hizmetini alamamaları, hem de kendilerine yakın kırsal kesimde bulunan k&uuml;&ccedil;&uuml;k kamu hastanelerinin kapatilması nedeniyle sehir hastanesine ulaşabilmek i&ccedil;in bazen saatler s&uuml;ren yolculuk yapmak durumunda kalınacak olunmasıdir.&nbsp;</p>\r\n\r\n<p>Sonu&ccedil; olarak, şehir hastaneleri t&uuml;m yoksulları, dar gelirlileri, alt toplum katmanlarını sağlık alanında olumsuz etkileyecektir. Ancak, s&uuml;rekli ve şiddetli olarak engelli bireyler &ccedil;ok daha fazla etkilenecek; halen sahip oldukları sağlık hizmetleri daha da ulaşılmaz ve yetersiz d&uuml;zeye gelecektir. Şehir hastaneleri, engellileri g&ouml;rmezden gelmektedir.</p>\r\n","hideAds":false,"createdDate":1480748139000,"hitCount":6361,"active":true,"lastUpdaterIp":"78.182.86.187","hasEmbeddedTitle":false,"showOnHomePage":false,"currentUrl":"sehir-hastaneleri-engellilere-kac-yildizli-hizmet-verecek"},{"id":26757,"title":"Sağlıkta büyük özelleştirme: Şehir Hastaneleri","contentType":"CORNER_POST","coverImage":"","socialMediaImage":"","publicationDate":1479516600000,"tags":[],"spot":"","body":"<p>Şehir hastaneleri ya da ger&ccedil;ek adıyla &quot;Kamu &Ouml;zel Ortaklığı&quot;&nbsp; modeli &quot;Kamu&quot; adını kullanarak k&uuml;resel sermayeye yeni ve b&uuml;y&uuml;k bir kaynak aktarmanın aracıdır. Kamuoyu sağlık alanında yeni bir &ouml;zelleştirme ile karsı karşıyadır.</p>\r\n\r\n<p>Sağlık Bakanlığı otoriteleri &quot;yaptığımız is &ouml;zelleştirme değil; vatandaşın 5 yıldızlı otel konforundaki&nbsp;hastanelerde daha kaliteli sağlık hizmeti alabilmesi i&ccedil;in &ouml;zel sekt&ouml;r&uuml;n g&uuml;c&uuml;nden yararlanmaktır&quot; demesine karşılık; &ouml;zel sekt&ouml;r bu konuda daha delikanlı a&ccedil;ıklamalarda bulunarak &quot; sağlıkta kamu &ouml;zel ortaklığı, gelecekte yapılacak kamu yatırımlarının bug&uuml;nden &ouml;zelleştirilmesidir&quot; demektedir (YASED/ Uluslararası Yatırımcılar Derneği raporu).</p>\r\n\r\n<p>Şehir Hastaneleri ya da sağlıkta kamu &ouml;zel ortaklığı ile kamu sağlık hizmeti verilecek tesisler &ouml;zel şirketler tarafından yapılarak 25 yıl s&uuml;re ile &ccedil;ok y&uuml;ksek kira bedelleri ile Devlete kiralanacaktır. 3 yıllık&nbsp; kira bedelinin tesisin sabit yatırım maliyetini karşılayacak şekilde yapılan s&ouml;zleşmeler ile &Ouml;zel şirket kalan 22 yılda devlet tarafından yapılan kira bedelleri ve&nbsp; bu tesislerde &#39;&ccedil;ekirdek sağlık hizmetleri&#39; haricinde kendilerine devredilen hizmetleri (MR, Bilgisayarlı Tomografi gibi g&ouml;r&uuml;nt&uuml;leme laboratuvarları, tıbbi donanım, otoparklar, restoran, hastane mutfağı,vs.) kamuya satarak kazan&ccedil; sağlayacaktır.</p>\r\n\r\n<p>&Ouml;zel şirketlere&nbsp; kiralar yolu ile yatırım finansmanı, hizmet devri ile de gelir garantisi verilen Kamu &Ouml;zel Ortaklığı sisteminde risk ve maliyet tamamen kamu &uuml;zerinde kalmaktadır. Şehir Hastanesi&nbsp;ihalesini alan şirketlere y&uuml;zde 70 doluluk oranı da garanti edilmektedir.</p>\r\n\r\n<p>Şehir hastaneleri tamamlandığında b&ouml;lgedeki Devlet Hastaneleri buralara taşınacak, &ouml;zel şirketlere kira &ouml;demeleri de bu hastanelerin d&ouml;ner sermayeleri tarafından yapılacaktır. Kiraların &ouml;denememesi durumunda ise şirketlere Hazine garantisi verilmektedir. Bu kapsamdaki işlemlerden damga vergisi ve har&ccedil; alınmamaktadır. Yine, bu kapsamda yapılacak ihaleler kamu ihale ve devlet ihale yasasına tabi değildir.</p>\r\n\r\n<p><img alt=\"\" src=\"2019/11/28/df98a9f4-730f-4c1a-bee4-6afcddef736f.jpg\" style=\"width: 600px; height: 441px;\" /></p>\r\n\r\n<p>&Ouml;te yandan, yapılan araştırma sonu&ccedil;ları &quot;Kamu &Ouml;zel Ortaklığı&quot; ile yapılan altyapı yatırımlarının normal ihale y&ouml;ntemlerine g&ouml;re daha pahalı olduğunu g&ouml;stermiştir. Avrupa Yatırım Bankası verilerine g&ouml;re Kamu &Ouml;zel Ortaklığı ile yapılan yatırımlar y&uuml;zde 24 daha pahalı olmaktadır. Bu y&ouml;ntem i&ccedil;in alınan kredi maliyetleri ise Devlet bor&ccedil;lanmasına g&ouml;re y&uuml;zde 83 fazladır.</p>\r\n\r\n<p>Kamu &Ouml;zel Ortaklığı ile yapılan hastane ihaleleri ile klasik ihale ile yapılan hastane ihale bedelleri karşılaştırıldığında &uuml;lkemizde de benzer sonu&ccedil;lar ortaya &ccedil;ıkmaktadır. &Ouml;rneğin, Erzurum&#39;da klasik ihale y&ouml;ntemi ile yapılan 1200 yataklı hastane inşaatı 193 milyon TL ile sonu&ccedil;lanırken; Kamu &Ouml;zel Ortaklığı ile yapılan 1500 yataklı&nbsp; Kayseri Hastanesinin ihale bedeli 427 milyon&nbsp; 454 bin TL olup, bu hastanenin 25 sene devam edecek olan yıllık kirası 137 milyon 730 bin TL&#39;dir. Yani 1,5 yıllık kira ile 1200 yataklı hastane yapılabilmektedir (427 milyon 454 bin TL sabit yatırım i&ccedil;in 25 yıllık toplam kira bedeli 3 milyar 443 milyon 250 bin TL.). Diğer bir &ouml;rnek, TOKİ&#39;nin GATA i&ccedil;in Etlik&#39;te yapacağı 800 yataklı hastane ve ek binalara dair ihalede en y&uuml;ksek fiyat&nbsp;130 milyon TL olurken ; Konya- Karatay 800 yataklı hastanesinin Kamu &Ouml;zel Ortaklığı ile yapılan ihalesi ise 246 milyon 20 bin TL ile sonu&ccedil;lanmış olup, bu hastane i&ccedil;inde 25 sene boyunca &ouml;denecek yıllık kira bedeli 88 milyon 791 bin TL&#39;dir (25 yıllık toplam kira bedeli 2 milyar 219 milyon 790 bin TL).</p>\r\n\r\n<p>&Ouml;te yandan, Şehir Hastanelerinin ihalelere hazırlık s&uuml;reci de y&uuml;ksek maliyetli olmaktadır ! &Ouml;rnegin, Sağlık Bakanlığı d&ouml;ner sermayesinden sadece uc hastanenin on mimari projeleri i&ccedil;in&nbsp;600 bin dolar harcama yapılmıştır. Kayseri projesinin hukuk danışmanlığı i&ccedil;in yapılan ihale&nbsp;iki milyon TL ile sonu&ccedil;lanmıştır. G&ouml;r&uuml;lmektedir ki ihale hazırlık s&uuml;reci i&ccedil;in harcanan paraların toplamıyla bile hastanenin yarı parası &ccedil;ıkmaktadır.</p>\r\n\r\n<p>Kamu &Ouml;zel Ortaklığı y&ouml;nteminin sağlık alanında kullanıldığı &uuml;lkelerde bu uygulamaların piyasa i&ccedil;in yeni fırsatlar sağlayan bir yaklaşım olduğu, amacının kamu yararı olmadığı iyi bilinmektedir. Kamu &ouml;zel ortaklığı &ccedil;er&ccedil;evesinde &ccedil;alışan hastaneler, sağlık hizmetleri sistemini eriten, &ouml;zel ve kar ama&ccedil;lı hizmetler vermektedir. Burada hizmetin odak noktasını insan sağlığı değil, elde edilecek kar&nbsp;oluşturmaktadır.</p>\r\n\r\n<p>&nbsp;</p>\r\n","hideAds":false,"createdDate":1479516725000,"updatedDate":1479517166000,"hitCount":16891,"active":true,"lastUpdaterIp":"213.248.152.101","hasEmbeddedTitle":false,"showOnHomePage":false,"currentUrl":"saglikta-buyuk-ozellestirme-sehir-hastaneleri"}]},"success":true}