{"data":{"totalCount":9,"author":{"id":288,"name":"Ferdi Tanhan","image":"2020/12/26/dbf493d1-dffe-408c-80ba-e11246a34722.jpg","authorType":"WEBSITE","emailAddress":"ferditanhan@gmail.com","twitter":"https://twitter.com/FerdiTanhan","facebook":"https://www.facebook.com/ferdi.tanhan","background":"","active":true,"socialImage":"2020/12/26/f3220636-c321-4b0e-9425-dddf71987e9a.jpg","lastPublicationDate":1618657805867,"slugUrl":"ferdi-tanhan"},"contents":[{"id":241221,"title":"27. Kuruluş Yıl Dönümünde Şanlı Öncü Gençlik Tarihi","contentType":"CORNER_POST","coverImage":"","coverCode":"","publicationDate":1618657380000,"tags":[],"intro":"","spot":"27. Kuruluş yıl dönümümüzü kutluyoruz. Köroğlu gibi naralarla, Dadaloğlu gibi isyanlarla, Yunus Emre gibi insanlıkla, Ozan Veysel gibi aşkla geldik bugünlere.","body":"<p>&nbsp;HZ. Muhammet gibi zalime boyun eğmedik. Marx gibi bilimin önderliğinde ilerledik. Mustafa Kemal Atatürk gibi millet için ettiğimiz yemine sadık kaldık. Şanlı bir tarih yarattık. Henüz namımızı duymayan var mı? Zannetmiyorum. 7 iklimde ve ülkemizin her köşesinde tarlada izimiz, harmanda sözümüz vardır. Gelin bu şanlı tarihi hep birlikte hatırlayalım.&nbsp;</p><h3><strong>DOĞUM GÜNÜMÜZ&nbsp;</strong></h3><p>Vatan Partisi’nin gençlik kolu olan Öncü Gençlik&nbsp;<strong>17 Nisan 1994</strong>‘te, o zamanki adıyla İşçi Partisi’nin gençlik kolları olarak kurulmuştur.</p><p><strong>Vatan Partisi, 1968 yılında gençlik mücadelesi içinde doğmuştur.</strong></p><p>Vatan Partisi kuruluşundan bu yana, gençlik hareketinin yanı sıra Türkiye’nin Millî Demokratik Devrim ve Emek Mücadelesi mirasını da geleceğe taşımaktadır. Bu miras, Öncü Gençlik’in bilincinde ve eyleminde yaşamaktadır.</p><h3><strong>ÇİFTE KILIÇ KINA GİRMEZ</strong></h3><p><strong>Çifte kılıç kına girmez</strong>. Tecrübe ve gençlik, Öncü Gençlik’in 27 yıldaki bütün başarılarını özetleyen iki sözcüktür. Öncü Gençlik, Türkiye’mizin büyük tecrübesi ile gençliğin yeteneklerini birleştirir. Geçmişten aldığı birikimle, geleceği yaratmak için çalışır.</p><h3><strong>AKIL VE GÜÇ KAYNAĞIMIZ</strong></h3><p>Öncü Gençlik için İmparatorluklar ve Milli Demokratik Devrim tarihinden gelen birikim, en büyük akıl ve güç kaynağıdır. 150 yıllık milli demokratik devrim geleneğimizin ilk sonucu: Türk gençliği Türk devriminin itici gücüdür. Genç Osmanlılardan, Jön Türklere, Kurtuluş Savaşı gençliğinden Cumhuriyet Devrimine, 68 gençlik hareketinden, bugünlere Öncü Gençlik, Türk gençliğinin fedai geleneğini yarınlara taşır.&nbsp;<strong>Jön Türk devrimciliği, Öncü Gençlik’in ayağını bastığı topraktır.</strong></p><h3><strong>AMAÇ: TÜRKİYE’NİN YARINLARINI SİGORTALAMAK</strong></h3><p>Öncü Gençlik, Türkiye’nin sigortasıdır.&nbsp;<strong>Vatan Partisi, yetiştirdiği genç kuşaklarla Vatan bütünlüğü mücadelemizi ve Üretim Devrimi’ni güvence altına alır.</strong>&nbsp;En önemlisi; Öncü Gençlik aracılığıyla, Türkiye’nin yarınlarına yön verecek yönetici kadro birikimini oluşturur.&nbsp;<strong>Türkiye’nin yarınlarını hem devlet katında hem de toplum katında teminat altına almak Öncü Gençlik’in biricik amacıdır.</strong></p><h3><strong>FEDAİLER MÜFREZESİ</strong></h3><p><strong>Öncü Gençlik bu amacı</strong>, Türkiye’yi her cepheden kuşatmak isteyen ABD emperyalizmine karşı mücadele pratiğinde hayata geçirir. Öncü Gençlik, Türkiye’yi Atlantik zincirlerine bağlamak isteyenlere karşı Avrasya’da ayağa kalkan Türk milletinin fedailer müfrezesidir. PKK’nın gençlik yapılanmalarına ve FETÖ’nün bütün faaliyetlerine karşı Türk gençliğini örgütleyen çelik iradedir. Kendisini milletine, vatanına ve insanlığa adamış gençlerin teşkilatıdır.&nbsp;Bilimi yol gösterici kabul eden, Mustafa Kemal’in askeri olan, gururlu, onurlu, ahlaklı, karakterli, bağımsızlıkçı, vicdanlı Türk gençliğinin bütün özellikleri Öncü Gençlik’in kurumsal kimliğine işlemiştir.</p><h3><strong>İLK HEDEFİMİZ</strong></h3><p><strong>Öncü Gençlik’in ilk hedefi</strong>, Meşrutiyetlerle başlayıp Kemalist Devrim’le en büyük atılımını gerçekleştiren millî demokratik devrimimizi tamamlamak için&nbsp;<strong>Türk gençliğini birleştirmektir</strong>. Bu çerçevede, sağ-sol demeden Türk gençliğini milliyetçilik ve vatanseverlik ortak paydasında birleştirmek için farklı siyasi parti gençlik örgütleriyle ve gençlik kitle örgütleriyle birlikte çalışmalar yürütür.</p><h3><strong>1968’DE FİLİZLENEN TOHUM</strong></h3><p><strong>Öncü Gençlik’in tarihi</strong>, Vatan Partisi’nin 1968 gençlik hareketi içinden filizlenmesine dayanır.&nbsp;<strong>Vatan Partisi Genel Başkanı Doğu Perinçek</strong>, 1968 gençlik hareketinin en ihtişamlı günlerinde, dönemin öncü örgütü Fikir Kulüpleri Federasyonu’nun Genel Başkanıdır. Vatan Partisi önderliği üniversite koridorlarından Samsun’dan Ankara’ya Mustafa Kemal Yürüyüşlerine, 6. Filo eylemlerinden NATO karşıtı eylemlere kadar gençlik hareketinin kalbinde yetişmişlerdir.</p><h3><strong>İHTİLALCİ GENÇLİK BİRLİĞİ İLE AÇILAN BAYRAK</strong></h3><p>Doğu Perinçek önderliğinde, 21 Mayıs 1969 yılında Türkiye İhtilalci İşçi Köylü Partisi’nin kurulmasının ardından, partili gençler de “İhtilalci Gençlik Birliğini” kurdu. ABD, 12 Mart 1971 darbesini tezgahlayarak antiemperyalist gençlik hareketinde yaşanan büyük yükselişi ezmeye çalıştı.</p><h3><strong>DEVRİMCİ GENÇLİK BİRLİĞİ MİRASI</strong></h3><p>Halk hareketindeki canlanmayla 12 Mart’ı yapan güçlerin geri çekilmesi sonucu, vatanseverler af yasası ile özgürlüklerine kavuştu. 1974 yılında Devrimci Gençlik Birlikleri kuruldu. DGB, halktan kopuk 1971 maceracı çizgisinin eleştirdi. Maceracılar içine yuvalanan Atatürk düşmanlığına karşı mücadele etti. Kontrgerilladan hesap sorulması için bayrak açtı. ABD emperyalizmine ve gençlik hareketinin içine sızarak örgütlenen yeni emperyalist Sovyetler Birliği’ne karşı bağımsızlık mücadelesinin yükseltilmesi için harekete geçti. ABD emperyalizminin, kontrgerilla yoluyla sol ve sağ içinde örgütlenerek, gençliği iç çatışmanın içine çekmek; gençliği bölerek, kitle hareketinin önünü kesmek için düzenlediği tertiplere karşı mücadele etti.</p><h3><strong>12 EYLÜL İDEOLOJİSİNE KARŞI SAVAŞ</strong></h3><p>12 Eylül darbesinden sonra, 1988’de Sosyalist Parti’nin kuruluşuyla Aydınlıkçı gençler, “<strong>Yeni Olgu Dergisi</strong>”, “<strong>Gökyüzü Dergisi</strong>” ve “<strong>Sosyalist Gençlik Derneği</strong>” gibi deneylerle gençlik çalışmalarını sürdürdüler. Özellikle Gökyüzü Dergisi çalışmalarıyla 12 Eylül’ün örgütsüzlük, hareketsizlik, ideolojisizlik saldırılarına karşı mücadelenin merkezi oldu. Gökyüzü Dergisi 12 Eylül 1980 darbesinin ardından çıkan ilk politik gençlik dergisiydi ve her kesimden destek almıştı.</p><h3><strong>MERKEZ GENÇLİK KOMİTESİ’NDEN ÖNCÜ GENÇLİK’E</strong></h3><p>1980 darbesinden sonra gençlik örgütlenmesini planlayan, bu alana ilişkin özel politikalar oluşturan bir örgütlenme olmadığı için illerdeki parti üyesi gençler, bir takım yayın ve dernek pratikleri dışında bulundukları yerlerde genel parti propagandası yönünde faaliyetler yürütüyordu. Bu durum, 1994 yılında Öncü Gençlik’in kuruluşuna kadar esas olarak devam etti.&nbsp;1994 yılı başında Genel Başkanımız Doğu Perinçek’in katılımıyla İstanbul’da Merkez Gençlik Komitesi’nin düzenlediği toplantıda partinin gençlik örgütlenmesinin adı Öncü Gençlik olarak belirlendi ve bu adla bir gençlik dergisinin çıkarılmasına karar verildi.</p><h3><strong>ŞANLI ZAFERLERİMİZ, BÜYÜK NAMIMIZ</strong></h3><p>Öncü Gençlik kuruluşundan bu yana gerek üniversite ve liselerde gerekse okul dışında gençlik kitlelerinin vatanseverlik paydasında birleşmesine, ABD emperyalizmine, FETÖ ve bölücü terör örgütlerine karşı mücadelesine, ayrıca Türk gençliğinin bütün talep ve isteklerine ulaşmasına önderlik etti. Bu doğrultuda çok geniş bir çerçevede etkinlikler, eylemler ve kampanyalar yürüttü. Yüzlerce üniversite topluluğu kurdu ve yönetti. Demokratik üniversite talebinin öncüsü ve merkezi oldu. Sayısız gençlik dergisinin çıkarılmasına, gençliğin kendini ifade edebileceği birçok mecranın yaratılmasına öncülük etti. Üniversiteleri vatanseverliğin kaleleri haline getirdi. Türkiye Gençlik Birliği ile ulusal ve uluslararası basında yer alan onlarca ses getiren eyleme imza attı. ABD’nin FETÖ aracılığıyla tertiplediği Ergenekon kumpasında hedef alınan iki gençlik örgütünden birisi oldu. Öyle ki Ergenekon tertibi Vatan Partisi Öncü Gençlik’in ayaklarının altındadır.&nbsp;</p><h3><strong>27. YILDA MEYDAN OKUMA</strong></h3><p>Varsa kahramanlarınız çıkarın karşımıza. Siyaset meydanına çıkan pehlivan, iddialı olacak, hedefi iktidar olacak. Planı ve programı belli olacak. Diğer partilerin gençlik kollarına bakıyoruz: onların bireysel planları çok. Vekil olma planları var. Belediyeye kapağı atma planları var. Danışman olup yan gelip yatma planları var. Koltuklardan koltuklara düşmeden zıplamak için güçleri de var, heyecanları da. Ancak iktidar planları yok. Bu milleti aydınlıklara taşımak, sorumluluk almak, devrim yapmak gibi bir amaçları yok. Yolları yolsuzdur. Hayalleri küçük. Ufukları kapalıdır. Ancak Vatan Partisi gençliğini tek amaç için yetiştirmektedir: Kemalist Devrimi Tamamlamak için Türkiye’yi yönetmek.&nbsp;</p><p>Sağımıza solumuza, önümüze arkamıza, geçmişe ve geleceğe bakıyoruz. Rakibimiz yoktur. Varlığımız Türk varlığa armağan, yemimiz hedefimize ulaşmaktır. 27. Yılımızda Öncü Gençlik’in bugünlere gelmesini sağlayan başta Genel Başkanımız Doğu Perinçek olmak üzere Partimizin devrimci liderliğine, bağrından yetiştiğimiz büyük ve kahraman milletimize, dava arkadaşlarımıza söz veriyoruz.</p><p><br></p><p><strong style=\"color: rgb(0, 0, 0);\">Kitap Önerisi:</strong><span style=\"color: rgb(0, 0, 0);\"> </span><a href=\"https://www.kaynakyayinlari.com/genc-aydinlikcilar-p364562.html\" rel=\"noopener noreferrer\" target=\"_blank\">“<strong>Tecrübenin Işığında Genç Aydınlıkçılar</strong></a>” kitabı Vatan Partisi’nin önderlik ettiği gençlik mücadelesini, Öncü Gençlik’in köklerini ve yürüttüğü pratiği kapsamlı bir şekilde incelemektedir. Türkiye’de gençlik hareketi tarihinin toplam bir incelemesi olarak yayınlanan kitaptan Vatan Partisi Öncü Gençlik’in tarihi detaylarıyla öğrenilebilir</p><p><img src=\"raw/2021/4/17/e871057c-5385-4fc6-a5c4-387e7de474d7.jpeg\"></p><p><br></p>","outro":"","hideAds":false,"createdDate":1618657805869,"updatedDate":1618657805869,"hitCount":256,"active":true,"lastUpdaterIp":"162.158.18.230","hasEmbeddedTitle":false,"showOnHomePage":false,"currentUrl":"27-kurulus-yil-donumunde-sanli-oncu-genclik-tarihi-241221"},{"id":240186,"title":"NATO’dan emekli olamayanlar","contentType":"CORNER_POST","coverImage":"","coverCode":"","publicationDate":1617919200000,"tags":[],"intro":"","spot":"Bildiriyi atomlarına ayırıp Atlantikçilik bulamazsınız. Bildirinin tamamına bakmalı ve sonuçlarıyla ilgilenmelisiniz. Bu bildiriyi kimin tuttuğunu görmelisiniz.Bildiriyi PKK ve FETÖ savunuyor","body":"<p>Her yerde, “Emekli amiraller bildiri yayınladı” diyorlar. İlk defa bu köşeden o emekli amirallerin bir kısmının henüz emekli olmadığını duyuruyoruz. Bütün gazete, televizyon ve köşe yazarlarına buradan tekzip gönderiyoruz. O bildiriyi yazanların hepsi TSK’dan emekli olmuştur, ancak bazılarının NATO’dan emekli olmadığı kesindir. Bu bildiri ancak NATO’dan emekli olmayan subayların yazabileceği ve imzaya açabileceği nitelikte bir Atlantik bildirisidir.&nbsp;</p><p>Hepimiz biliyoruz: NATO, bir savunma örgütü değildir. ABD’nin NATO üyelerini kontrol örgütüdür. NATO bu kontrolü, NATO ülkelerinde örgütlediği “Gladyo” aracılığıyla sağlamaktadır. “Müttefiklerini” denetim altında tutmak için gerekirse o meşhur darbeleri tertiplemektedir. Hatırlayın, CIA şefi, 12 Eylül darbesini “Our boys have done” cümlesiyle ABD’deki amirlerine bildirmişti. Onlara bu kontrolü sağlayacak “Our boys”(Bizim oğlanlar) lazımdır.&nbsp;</p><h3>SİNSİ KURMAYLIĞA MEYDAN OKUMA</h3><p>Amerikan akademilerinde öğretilen asimetrik psikolojik harekatı böylesine iyi uygulayan bir bildiriyi NATO’da görevi devam eden ABD oğlanları yazar. Bu bildiriyi ancak NATO etkisi yüzünden komutan sorumluluğu, hakikat duygusu ve mertliği çürümüş olanlar imzalar. Bir buçuk sene önce yayınlanan büyükelçiler bildirisinin 1 hafta önce bütün basın yayın kuruluşlarına yeniden servis edilmesini de ancak NATO merkezleri planlar. Yürüttüğünüz sinsi kurmaylık sayesinde bu gerçekleri ortaya koyamayacağımızı zannediyorsanız yanılıyorsunuz. Siz ancak yüzen gezen köksüzleri ve cereyana kapılan gafilleri yönlendirebilirsiniz.&nbsp;</p><p>Evet, Atlantik güçlerini kurtarmak için olayı gürültüye getirenlere söylüyoruz. Bildiriyi imzalayanların ABD’yi hedef aldığını iddia edenlere sesleniyoruz. Bırakın bu NATO yalanlarını! İkiyüzlülüğü bir kenara bırakın! Bildirinin hedefi, ABD’nin düşmanı olan Türkiye hükümeti ve Türk ordusudur. Türk ordusunu ve Türkiye hükümetini arkadan hançerlemek bu bildirinin en büyük vazifesidir.&nbsp;</p><h3>ABD DERİN DEVLETİ’NİN&nbsp;MONTRÖ VE LAİKLİK AŞKI</h3><p>Güdümlü bildirinin cenderesine sıkışanların manzarası hazindir. Onlar bu bildirinin Montrö’yü savunmak ve laikliği korumak için yazıldığını iddia ediyor. Bilmezlikten değil. Sayın Utku Reyhan sağ olsun. E. Tuğa. Ergün Mengi’nin ABD derin devletinin kuruluşu olan Global Relations Forum isimli STK'nın az sayıdaki üyesinden biri olduğunu derhal açıkladı. Oysa biz unutmuşuz. Artık ABD derin devletine bağlı kuruluşların üyeleri tertip ve tuzak kurmuyor, Laikliği ve Montrö’yü savunuyor(!) Tarihi bir gelişme.&nbsp;</p><h3>BİLDİRİNİN YARATTIĞI ÖCÜ</h3><p>Bildiri bir öcü yaratmaktadır. Bildirinin yarattığı öcünün adı irticadır. İrticanın omuzlarında apolet, başında sarık vardır. Buna göre Türk ordusu irtica yuvası ve sarıklı amiral menbahıdır. Oysa Türk Ordusunun içinden 21.000 FETÖ mensubu temizlenmiştir. Türk ordusu, ABD merkezli irticanın kökünü kazımak için savaşmaktadır. Hükümet, Türk ordusunun disiplinine ve geleneklerine yakışmayan görüntüden rahatsız olduğunu ifade etmiş, TSK gereken soruşturmayı başlatmıştır.&nbsp;</p><h3>BİLDİRİNİN YARATTIĞI HAYALET</h3><p>Bildirinin yarattığı hayalet masasının üzerindeki Lozan ve Montrö sözleşmelerini yırtmak için fırsat kollayan bir cumhurbaşkanıdır. Oysa Cumhurbaşkanı liderliğindeki Türkiye Cumhuriyeti Lozan ve Montrö için ABD emperyalizmine karşı silahlı bir savaş yürütmektedir. Montrö’deki kazanımlarımızı egemenlik haklarımız lehine geliştirmek için ise tarihi fırsatları beklemektedir.&nbsp;</p><h3>GİZLENEN GERÇEKLER</h3><p>Öcü ve hayaletler yaratmakta hünerli olan bildiricilerin gerçekleri gizlemek konusunda da yetenekli olduklarını tespit etmeliyiz. Türkiye’yi Yunanistan ve Ukrayna üzerinden bekleyen ABD tehditleri, PKK ve FETÖ’ye karşı verdiğimiz büyük savaş bildiride kendisine tek satır yer bulamıyor. İçlerinden birisinin bile buna itiraz etmemesi ABD’nin bozguncu ve yıkıcı faaliyetini bilerek örgütleyenlerin işini ne kadar da kolaylaştırmıştır.</p><h3>RUSYA-TÜRKİYE KADER BİRLİĞİNE ATILAN DİNAMİT</h3><p>Bu bildiri, ABD’nin Türkiye ve Rusya üzerindeki tehditlerini Karadeniz ve Akdeniz üzerinden yoğunlaştırdığı koşullarda “Montrö” üzerinden Rusya ve Türkiye arasında kuşkular uyansın, dostluklar zedelensin, çelişkiler derinleşsin diye yazılmıştır. Rusya’yı ve Türkiye’yi kuşatma planlarındaki rolü ve NATO’cu karakteri bu bağlamda açıktır.&nbsp;</p><h3>BU BİLDİRİ ATOMLARINA AYRILAMAZ</h3><p>Ağzımızı “ama onlar Mavi Vatan’ın isim babası” diyerek kapatmaya çalışanlar, Çerkez Ethem’in daha düne kadar milli mücadelenin en önemli kahramanı olduğunu unutmasınlar.&nbsp;</p><p>Bildiriyi atomlarına ayırıp Atlantikçilik bulamazsınız. Bildirinin tamamına bakmalı ve sonuçlarıyla ilgilenmelisiniz. Bu bildiriyi kimin tuttuğunu görmelisiniz. Tayyip Erdoğan düşmanlığından gözü dönmüş olanların bunu başarması mümkün değil. Ancak bildiriyi PKK ve FETÖ savunuyor. Çünkü bildiri karamsarlık ve korku yayıyor. İkinci İstiklal Savaşı’nda da birinci İstiklal Savaşımızda olduğu gibi o karamsarların ve felaket tellallarının sinsi propagandasıyla mücadele ediyoruz.&nbsp;</p><p>“Muhalifler ordunun çürüdüğünden, kıpırdayacak durumda olmadığından, böyle karanlık ve belirsizlik içinde beklemenin sonucunun felâketten ibaret olacağı yolundaki propagandalarına alabildiğine hız vermişlerdi.\" – Mustafa Kemal Atatürk</p><p>Bu tespitin bugün de geçerli olduğunu görüyoruz. Düşmanlarla millet aleyhinde tertiplerde bulananlara da bu tertiplere istemeden katılanlara da Atatürk’ün “aklınızı başınıza toplayın” uyarısını hatırlatıyoruz.</p>","outro":"","hideAds":false,"createdDate":1617906931675,"updatedDate":1617906931675,"hitCount":2002,"active":true,"lastUpdaterIp":"162.158.18.80","hasEmbeddedTitle":false,"showOnHomePage":false,"currentUrl":"nato-dan-emekli-olamayanlar-240186"},{"id":239516,"title":"Tezgahlanan korkular","contentType":"CORNER_POST","coverImage":"","coverCode":"","publicationDate":1617404400000,"tags":[],"intro":"","spot":"","body":"<p>İnsan yolda yürürken düşmekten korkar mı? Nefes alırken boğulmaktan ya da yemek yerken açlıktan korkar mı? Pınar başında kana kana su içerken susuzluktan, ağız dolusu gülerken ağlamaktan, korkar mı insan?</p><p>Korku insancıl bir duygudur, her insan korkar. Ancak yukarıda yazdığımız gibi insana yakışmayan korkular da yaygındır. Bu türden korkulara kapılanlara toplumumuzda “paranoyak” deniliyor artık </p><p>Akıldışı, gerçekdışı, kendi uydurduğumuz veya başkalarının uydurduğu korkular da vardır. Onlara tezgahlanan korkulardiyebiliriz. Ülkemizde yaşanan olumlu, olumsuz her gelişmeden sonra binlerce korkunun tezgaha yerleştirilip, ince ince dokunduğunu görüyoruz. Bugün bu tezgahın başında esas olarak CHP, HDP ve İyi Parti ortaklığı bulunuyor. Onlar, Türk milletini yemek yerken açlıkla, nefes alırken boğulmakla, gülerken ağlamakla korkutuyor. </p><h3>TEZGAHTAN YENİ ÇIKAN KORKULAR </h3><p>Türkiye Cumhuriyeti, 30 bin FETÖ’cüden temizlenir. Ancak CHP, HDP ve İyi Parti ortaklığı askeri yönetmelikten “irtica” kelimesinin çıkarılmasını ordunun tarikatlara açılması olarak adlandırır. İrticaya karşı en büyük temizliğin yapıldığı bir dönemde korku tezgahından “irtica öcüsü” üretirler.</p><p>Türk ordusu, Kafkaslarda, Suriye’nin Kuzeyinde, Libya’da, Doğu Akdeniz’de ve Kıbrıs’ta Atatürk’ün ordusu olarak zaferler yaratır. Türkiye’yi yönetenler yürüttüğümüz Vatan Savaşı’nı, İkinci İstiklal Savaşı olarak niteleyip Kurtuluş Savaşı’na göndermeler yapar. Vatanımızın her köşesinde Atatürk’ün programı yürürlüğe girmeye başlar, herkes ona sarılır. Korku tezgahları, bir kendini bilmezin Atatürk heykellerine yaptığı saldırıdan “Atatürk düşmanlığının” yükseldiği sonucunu çıkarır.</p><p>Kadın ve erkek dışında cinsiyetler icat eden, toplumsal cinsiyet kavramıyla LGBT-İ çürümesinin propagandasını yapan ve meşruluğunu sağlayan İstanbul Sözleşmesinin kaldırılması gündeme gelir. Korku tezgahları harıl harıl çalışır. “Kadını koruyan mevzuatımız bitti.”, “6284 sayılı Ailenin Korunması ve Kadına Karşı Şiddetin Önlenmesine Dair Kanun yok olacak.”, “Sonra sıra Türk Medeni Kanunu’na gelecek.”, “Artık kadın öldürmek serbest.” Tezgahlanan korku dizgilerini çok kolay yitirir.</p><p>Türkiye Asya’daki dostlarıyla buluşur. Bölge ülkeleriyle ittifaklar geliştirir. Korku tezgahlarında “İran öcüdür”, “Çin kanlı zalimdir”, “Rus emperyalizminin boyunduruğuna karşı dikkatli olmak gerekir.”</p><p>Korku imal edenlerin ve yayanların Türk milletine güveni yoktur. İtimatları büyük emperyalist merkezleredir. ABD’nin kurduğu korku imparatorluğunun saltanatı sürsün diyedir bütün yaptıkları.</p><h3>TEZGAHLANAN KORKUNUN PAZARA ÇIKAN İPLİĞİ </h3><p>Tezgahlanan korkunun ipliği yalandır, iğnesi kindir. Atlantik markalı son model yalanlar ve Tayyip Erdoğan nefreti korku tezgahları kuranların ekmeğidir.</p><p>Nerede tezgahlanan bir korku varsa orada büyük bir tuzak vardır. Milleti korkularla hizaya sokmaya çalışanların amacı Türkiye’yi bölmektir, Ankara’yı Washington’a bağlamaktır, FETÖ’ye özgürlüktür, demokrasiyi AB’de aramaktır, yurtseverlere tutsaklıktır ve Türkiye’yi sıcak parayla prangalamaktır.</p><h3>MERDİVENALTI KORKU İMALATHANESİ</h3><p>Korku için kurulan tezgah merdiven altındadır, sislerin arasındadır ve gizlidir. Hz. Muhammet’in dediği gibi “hainler korkak olur.” Kahramanlık için cesaret, ihanet için korku gerekir. Tezgahçılar niyetlerini gizler. Meydan okumak, korku tezgahları kuranlara yakışmaz. İyi Parti’nin HDP ile yaptığı ittifakı gizlemesi bu nedenledir. İstanbul Sözleşmesi tartışmalarının yalanlarla sürdürülmesi, Türkiye’nin vatan savaşına vatanseverlik kisvesi altında kara çalınması, saflar açık ve net olmasına rağmen sürekli yalan yayılması hep bu nedenledir. </p><p>Türkiye’mizin geleceğinde bazı zorlukların olduğu doğrudur. Ancak bu zorlukları görenlerin korkuya değil, cesarete ihtiyacı vardır. Zorlukları milleti korkutmak için kullananlar tarihte de vardı şimdi de var. Zorluklardan ve kör çıkmazlardan büyük çareler üretenler tarihte de vardı şimdi de var.&nbsp;</p><p>Zorluklardan korkmak ve zorlukların üzerine gitmek tarihi belirleyen iki eylemdir. Korku imalatçılarının “Türkiye’de yaşanmaz, kaçmalı, “burası bizi öldürmek isteyenlerin ülkesi” diye çığırmaları bu vatana ve millete bağlılıklarını da göstermektedir. Korkutma kampanyasına alet olanlar acizdir, çözümsüzdür, mutsuzdur ve umutsuzdur. Başarı şansları yoktur. </p><h3>KORKMA!</h3><p>Bu kadar çok korku tezgahlayan varsa o zaman Mehmet Akif’in “Korkma!” çağrısı geçerlidir. Herkese bu çağrıyı yapıyoruz. Türkiye Kemalist Devrimi tamamlayacağı iklime yerleşmiştir. Milletimize özgüven gerektir. Korku tezgahı kuranların huzur getiremeyeceği, ekonomiye çözüm getiremeyeceği, birlik getiremeyeceğini hepimiz biliyoruz.</p><p>“Tavşan korktuğu için kaçmaz, kaçtığı için korkar.” Savaşanlar korkmazlar. Korku tezgahlarından etkilenmemek için tek bir çare var. Vatan Partisi’ne üye olmak, üretim devrimi ve 2. İstiklal Savaşı mücadelesine katılmak. Vatan Partisi, korku tezgahlarını tezgahçıların başına geçiriyor. Gönlümüz ferah. Çünkü biliyoruz; hakikatin aydınlığı, korkunun karanlığını daima yener.</p><p class=\"ql-align-justify\"><br></p>","outro":"","hideAds":false,"createdDate":1617386244852,"updatedDate":1617386244852,"hitCount":505,"active":true,"lastUpdaterIp":"172.69.182.213","hasEmbeddedTitle":false,"showOnHomePage":false,"currentUrl":"tezgahlanan-korkular-239516"},{"id":234211,"title":"Vatan Partisi bayrağı onlardan rüzgar aldı","contentType":"CORNER_POST","coverImage":"","coverCode":"","publicationDate":1613948400000,"tags":[],"intro":"","spot":"","body":"<p>Şimdi deprem çizgileri yığınların göz bebeklerinde</p><p>Şimdi yumruk çiçekleri o sömürge ülkeler”</p><p>Gözleri karanlığın sonsuzluğunda kaybolurken, yürekleri Akdeniz’in eşsiz güzelliğiyle doluydu. Bora, sırtını Lübnan kayasına yaslamış, Türkiye’de bıraktığı arkadaşlarını düşünüyordu. Demir gibi sert ama gerçek düşüncelerin seline bırakmıştı kendisini. Bir yanda hapiste bulunan arkadaşları, bir yanda Filistin halkına yardım etmek için arkadaşlarıyla çıktığı bu yol hiç aklından çıkmıyordu. Büyük insanlık davasına hizmet etmenin tarif edilemez mutluluğu ve heyecanıyla karış karış dolaşmaya başladı kamp alanını. Bugün nöbet komutanı oydu. Aynı zamanda kampta kalan 11 Türkiye İhtilalci İşçi Köylü Partili devrimcinin lideri…</p><p>Güneş günlük yolculuğunu çoktan tamamlamıştı, kamp alanın olası bir saldırıya karşı korunmak için ışıkları söndürülmüş, karanlık dört yanı sarmıştı. Bora az önce kurduğu hayalleri bırakmış, 2 gün sonra Almanya’daki Türk işçileri örgütlemek için çıkacakları yolu en ince ayrıntısına kadar düşünüyor, aynı zamanda Ali’nin bulunduğu tarafa doğru ilerliyordu. Dirliksiz, düzensiz, hürriyetsiz yaşayan Türk milletini gerçek bağımsızlığına kavuşturacak olan partisini büyütmek en yüce amacıydı. Ilık ılık esen yel, ortasında olduğu karanlık, attığı adımın onun için bir anlamı buydu.</p><p>Ali’nin yanına varmak üzereyken saate baktı, nöbet değişimi zamanı gelmişti. Barakaya döndü. Arkadaşlarının derin uykusunu bozmamak için parmak uçlarında yürüyordu. Her adımında birbirinden çok farklı arkadaşlarının özelliklerini düşünüyordu.</p><p>Hele Kerim Öztürk, 7 kilitten geçmişti, bugüne kadar Mamak Askeri Cezaevi’nden kaçabilen tek devrimciydi. Kaçışı bütün devrimcilere moral veren büyük bir başarıydı. Henüz 22 yaşında girdiği cezaevinde Şafak’ın basıldığı yeri söylemediği için büyük işkenceler görmüştü. Bunun üzerine partinin emriyle, beraat eden başka bir arkadaşının kimlik bilgilerini ezberleyerek cezaevinden kaçmıştı.İhtilalci Gençlik Birliği’nin başkanıydı.</p><p>Yücel Özbek, Şükrü Öktü, Ahmet Özdemir, Cafer Topçu, Gürol İlban yan yana yatıyordu. Zaten onlar hep yan yana yatardı. Mamak’ta da birlikte yatmış, birlikte tahliye olmuş, Filistin halkının bağımsızlık mücadelesine destek olmak için Nahr-el Bared kampına birlikte gelmişlerdi. Hepsi de okuyan, sorgulayan, çalışkan, disiplinli ve devrimci kararlılığı yüksek arkadaşlardı.</p><p>En uç köşede yatan Faik’i Ali’den nöbeti devralması için uyandırdı, daha sonra dikkatli bir şekilde nöbet yerine geri döndü. Geçtiğimiz günlerde Filistin’den Türkiye’ye geçen bir grup yakalanmıştı. Bora onları kimin ihbar ettiğini ve kampa bir saldırı olma ihtimalini düşünüyordu.</p><p>Geceleri Akdeniz görünmez bir güzellik taşırdı maviliğinde. Dalga sesleri bu dingin güzelliği iletirdi kulaklara. Kusursuz bir bekleyiş ve sessizlik hakimdi bugün dalgalara. Bora’nın ufka bakan kararlı gözleri İstanbul üniversitesi koridorlarının, Malatya’da dağıttığı İşçi- Köylü gazetelerinin, Türk köylüsünün, yönettiği büyük eylemlerin özlemiyle buğulanmıştı şimdi.</p><p><strong>Yaşamış sayılmaz zaten</strong></p><p><strong>Yurdu için ölmesini bilmeyen…</strong></p><p>Bu anda deniz kıyısından gelen havan topları hem karanlığı hem de bu sessizliği parçaladı. Bora Gözen ve nöbette olan Ali Kiraz şehit oldular. Daha sonra İsrail komandaları karaya çıkarak mitralyözü kurmaya çalışan&nbsp;Yücel Özbek,Şükrü Öktü, Ahmet Özdemir, Cafer Topçu, Gürol İlban’ı da şehit ettiler. 1520 Kişilik İsrail Komando birliği Filistin’in özgürlük mücadelesine destek olmak için gelen devrimcileri bir ihbar sonucu bulmuştu. Yalnızca devrimcilerin kaldığı kamp değil kampın biraz ilerisinde bulunan ve sivillerin yaşadığı mülteci bölgesi de bombalanmıştı.</p><p>Bora Gözen ve arkadaşları, Lübnan’daki “Enternasyonalizm ve Halkların Kardeşliği Mezarlığı”na defnedildi. İsrail bombalarıyla bu mezarlık da tahrip oldu. Türk devrimcileri bugün kardeş filistin halkının yüreğinde ve genç devrimcilerin mücadelesinde yaşamaktadır.</p><h3>AYDINLIKÇILAR NASIL AYDINLIKÇI OLDU?</h3><p>Aydınlıkçılar 50 yıldır hiçbir kuvvete dayanmadan varlıklarını nasıl sürdürüyor? Habertürk gibi gazeteler bile kapanırken Aydınlık Gazetesi ve Ulusal Kanal nasıl ayakta duruyor ? Vatan Partisi, Türkiye’nin en etkili ve öncü gücü olmayı nasıl başarıyor? Aydınlıkçılar gençlik mücadelesinde ve üniversitelerde neden bu kadar etkili?</p><p>Bu soruların cevabı işte yukarıdaki fedakarlık anlatısındadır.. Partimizin Türkiye’nin bağımsızlığı için verdiği mücadelede ortaya çıkan insan birikimi ve fedakarlık geleneği dağları delecek, kayaları oyacak büyük bir iradeye yol açmıştır. Büyük fedakarlıkların üzerinde ufukları geniş, insanlık için canını vermekten çekinmeyen kadrolar yetişmiştir.. Köklerimizi anlamak, Aydınlıkçıların ısrarlı mücadelesini kavramaktır.</p><p>Vatan Partisi Genel Başkanı Doğu Perinçek, partili arkadaşı Bora Gözen’i şöyle anlatır:</p><p><strong>“Bora, emekçilerin devrim davasını her şeyin üzerinde tutmuştur. Onun ‘kendi’ meselesi, hayatı, her şeyi budur. 1968’de Deniz Gezmiş’le birlikte Sultanahmet Cezaevi’nde tutuklu iken, ona görüşe gitmiştim. Daha ‘Merhaba’ demeden günün devrimci meselelerini konuşmaya başladık. Görüş bitti. Çıktım. Karısı Engin, Bora’ya söylemem için birçok şey tembih etmişti. Hiçbirini anlatmaya fırsat vermemişti. Sakin, vakurlu, ağır başlıydı, abartısızdı, ölçülüydü, başı dikti, ikna ediciydi. Ne yaptığını bilirdi. Davranışları kararlıydı. Hafifliklere kapılmazdı. Sözünü tartarak söylerdi. Ve iri gözleri, ışıltılı bakışları, sıcak gülüşüyle çok güzel bir insandı. Bora’yı daima sakin görenler, onun aynı zamanda kitleleri harekete geçiren iyi bir ajitatör olduğunu belki tahmin edemezler. Bora, arkasından ağıt yazılacak bir sınıfın değil, senfonilerle anlatılabilen bir sınıfın, partili devrimcisidir.”</strong> (Fahriye Gözen, Bora İçin Şiirler, Kora Yayın, İstanbul, 1998, s.10-11.)</p><p>Aydınlıkçı gençler onların kahramanlıklarıyla yetişti. Gözümüzdeki kor, elimizdeki bayrak, verdiğimiz söz oldular.</p><p>Bora Gözenlerin açtıkları yolda olmanın mutluluğu hiçbir şeye benzemez. Şehit oluşlarının 46. yılında saygıyla anıyoruz.</p><p>Detaylı Bilgi Sahibi Olmak İçin:</p><p><a href=\"https://www.aydinlik.com.tr/boralari-44-yil-once-filistin-de-sehit-vermistik-ozgurluk-meydani-aralik-2017-4\" rel=\"noopener noreferrer\" target=\"_blank\" style=\"background-color: transparent; color: rgb(197, 12, 24);\">https://www.aydinlik.com.tr/boralari-44-yil-once-filistin-de-sehit-vermistik-ozgurluk-meydani-aralik-2017-4</a></p><p><a href=\"http://www.lodoshaber.com/haber/kerim-ozturk-un-mamak-tan-kacisinin-42-yillik-sirri-19739.html\" rel=\"noopener noreferrer\" target=\"_blank\" style=\"background-color: transparent; color: rgb(197, 12, 24);\">http://www.lodoshaber.com/haber/kerim-ozturk-un-mamak-tan-kacisinin-42-yillik-sirri-19739.html</a></p><p><a href=\"https://www.aydinlik.com.tr/aydinlikcilar-in-filistin-gunleri-ozgurluk-meydani-mayis-2018\" rel=\"noopener noreferrer\" target=\"_blank\" style=\"background-color: transparent; color: rgb(197, 12, 24);\">https://www.aydinlik.com.tr/aydinlikcilar-in-filistin-gunleri-ozgurluk-meydani-mayis-2018</a></p><p><a href=\"http://vatanpartisi.org.tr/genel-merkez/haberler/bora-gozen-leri-sehit-oluslarinin-25-yildonumunde-saygiyla-aniyoruz-9741\" rel=\"noopener noreferrer\" target=\"_blank\" style=\"background-color: transparent; color: rgb(197, 12, 24);\">http://vatanpartisi.org.tr/genel-merkez/haberler/bora-gozen-leri-sehit-oluslarinin-25-yildonumunde-saygiyla-aniyoruz-9741</a></p><p>Faik Bulut, Filistin Rüyası(İsrail Zindanlarında 7 Yıl), Berfin Yayınları, 2016</p>","outro":"","hideAds":false,"createdDate":1613936107894,"updatedDate":1613947336846,"hitCount":624,"active":true,"lastUpdaterIp":"141.101.105.24","hasEmbeddedTitle":false,"showOnHomePage":false,"currentUrl":"vatan-partisi-bayragi-onlardan-ruzgar-aldi-234211"},{"id":231375,"title":"Keloğlanın 21.yüzyıl serüveni","contentType":"CORNER_POST","coverImage":"","coverCode":"","publicationDate":1612134000000,"tags":[],"intro":"","spot":"","body":"<p class=\"ql-align-justify\">Geçen Cumartesi günü Genel Başkanımız Doğu Perinçek katıldığı bir televizyon programında herkesi güldürdü. Yakın gelecekte herkesin Vatan Partisi programını çıkış yolu olarak benimseyeceğini ve benimsemeye başladığını söylemesi üzerine stüdyodan yükselen alaycı gülüşmelerden bahsediyorum.Tarihe bakınız, çarpışma hep o alaycı gülüşmeler ve iddialı insanlar arasında gerçekleşmiştir.</p><h3 class=\"ql-align-justify\"><strong>BİNLERCE YILLIK SESLER </strong></h3><p class=\"ql-align-justify\">Bütün toplumlarda, yeni görüşler getiren, eleştiri yapan, mevcudu kabul etmeyen, cesur insanlar ilk başta alaya alınır. Onların elde edecekleri büyük başarılardan önce böyle gülüşleri&nbsp;duymaları adeta törensel bir nitelik kazanmıştır.</p><p class=\"ql-align-justify\">İtiraz eden, sorgulayan, merâk eden, inceleyen, isyan eden, keşfeden, yenilik getiren, yaratan, örgütleyen ve esareti kabul etmeyen herkes bu seslere aşinadır. Göçebe Arap Kabilelerini birleştirerek uygarlığın öncüsü haline getiren Hz. Muhammed, Dünya’nın öküzün boynuzu üstünde dönmediğini ispatlamaya çalışan bilim adamları, İstanbul’u fethetmek isteyen Fatih Sultan Mehmet, Kurtuluş Savaşı’nı zafere ulaştırmak isteyen Mustafa Kemal Atatürk… Saymakla ve yazmakla bitmez.</p><p class=\"ql-align-justify\">21. Yüzyıl açısından bakarsak bu türden gülüşleri en çok duyan insanların başında Vatan Partisi Genel Başkanı Doğu Perinçek gelmektedir. Ermeni Soykırımı yalanını bitirmek için Avrupa kapılarına dayandığında, Silivri duvarlarının arasından FETÖ’cü hakimlere kendi kaldığı hücreleri gösterdiğinde, FETÖ’nün kökünü kazıyacağız dediğinde, 15 Temmuz darbesi ezilecek diye haykırdığında, Dolar Saltanatının yıkıldığını bildirdiğinde ve daha nice tarihe yön veren eylemlerinde Habertürk Televizyonundaki gülüşlerin aynısını duymuştur.</p><h3 class=\"ql-align-justify\">&nbsp;<strong>KELOĞLAN ARAMIZDA</strong></h3><p class=\"ql-align-justify\">Sadece Genel Başkanımız Doğu Perinçek değil, devrimci mücadeleye atıldığımız günden beri hepimiz bu türden durumlarla karşılaşmışızdır. Bu alayları gördüğümde aklıma hep Keloğlan gelir. Kimilerinin Vatan Partisi dışında bir “ahlak”, “karakter” ve “namus” aradığı bugünlerde bu benzerliği bazı yönleriyle ortaya koymak faydalı olacaktır.&nbsp;</p><p class=\"ql-align-justify\">Türk kavminin olmazlara kafa tutan çok derin, çok zarif ve bastırılamayan bir kültür ve karakter birikimi vardır. Mahallede, köyde, kahvede hepimiz o kültürün içinde yetiştik. Bu kültür ve karakter birikiminin vücut bulmuş halidir Keloğlan. Karanlık gecede kara taşın altındaki kara karıncayı bilen Keloğlan’nın bütün özelliklerinin Vatan Partisi’nin taşında, toprağında, insanlarında ve fikirlerinde olduğunu düşünürüm.</p><p class=\"ql-align-justify\">Kuşkusuz Asya’nın eşsiz deneyimlerinden beslenen ama en azından Anadolu erenlerinden bugünlere ulaşan o geleneğin kökleri, binyılların derinliğindedir. Keloğlan karakterine önem vermemizin nedeni, işte o bin yılları üzerinde taşımasıdır. Onda Oğuz Kağan’dan Deli Dumrul’a, Köroğlu’ndan Karagöz’e, Nasrettin Hoca’dan orta oyununa kadar pek çok kahramanımızın özellikleri vardır. Konu hakkında çalışma yapan hemen herkes bu noktaya vurgu yapar. Vatan Partisi de bu milletin bağrından doğduğu için Keloğlan’a benzer.</p><h3 class=\"ql-align-justify\"><strong>ŞÖHRETSİZ ŞÖHRET</strong></h3><p class=\"ql-align-justify\">Kahramanlar, destanlar döneminden itibaren çoğunlukla fiziksel olarak göz dolduran ve olağanüstü güçlerle donanmıştır. Keloğlan, alışılmış kahraman modelinin gölgesinde kaldığı için böyle bir benzetme küçük görülebilir. Varsın görülsün.&nbsp;Keloğlan doğumları bile olağanüstü biçimlerde gerçekleşen destan kahramanları yanında sıradan bir köylü çocuğu olsa da onun içinde barındırdığı büyük güç halkın yaratma iradesidir. Şöhretsiz bir şöhreti vardır. Seçkindir ama seçilmez. Kibir ona en uzak duygudur.</p><h3 class=\"ql-align-justify\">&nbsp;<strong>HAKSIZLIĞIN HAKKINDAN GELEN OĞLAN</strong></h3><p class=\"ql-align-justify\">Keloğlan, keleş oğlandır ama aynı zamanda haksızlığın hakkından gelen oğlandır.&nbsp;Büyük milletlerin Keloğlanları vardır. Hemen hemen her serüveninde önceleri herkesçe küçümsenen sıradan bir Anadolu</p><p class=\"ql-align-justify\">delikanlısıdır o. Başlangıçta kimse onu anlayamaz. Hoyrat bulur, uçuk bulur, hayalci bulur.&nbsp;Önüne gelen iter kakar, kabak hep onun kel başına patlar. Evet, keloğlandır, keleş oğlandır, ama yiğittir, yüreklidir, namusludur. Haksızlığa karşı savaşmak boynunun borcudur. Yüzünün akıyla, bileğinin hakkıyla ödemesini bilir bu borcu. Halkın ve haklının yanında yer alır hep. Gözünü kırpmadan hak yoluna kor kel başını. Yapılmaz sanılanı yapar, olmaz denileni oldurur, güldürmezi güldürür, aşar tüm engelleri; mutsuzu, mutlandırır, umutsuzu umutlandırır... Ve eninde sonunda haksızlığın hakkından gelmesini bilir…</p><h3 class=\"ql-align-justify\"><strong>TEK SERMAYESİ AKLI</strong></h3><p class=\"ql-align-justify\">Padişahların güç ve zenginliğine karşı&nbsp;Keloğlanın tek sermayesi aklıdır. Keloğlan’ın kimsenin çözemediği bilmeceleri bilmesiyle, Vatan Partisi’nin Türkiye’nin önündeki sorunları çözen fikirleri arasında ne büyük benzerlik vardır. Beğenilme, onaylanma duygularıyla hareket edip boyunduruğa girmeyen yapısıyla Vatan Partisi Keloğlan geleneğinin bir devamıdır.</p><h3 class=\"ql-align-justify\"><strong>CESARETİNİN KAYNAĞI</strong></h3><p class=\"ql-align-justify\">Keloğlan’ın cesurdur. Kimileri “bu cesareti, dünyada bir garip başı, bir yırtık peşi ve başında poşusunda&nbsp;başka bir şeyi olmamasına” bağlar.&nbsp;Oysa bu bir yanılgıdır. Keloğlan’ın cesaretinin arkasında bilinçli bir strateji söz konusudur. Onu cesur kılan en önemli özellik Vatan Partisi’nin cesaretinin kaynağı ile aynıdır. Bu yaptığı işlerin sonunu görüyor olmanın verdiği kendine güven duygusudur. Beğenilme, onaylanma duygularıyla hareket edip boyunduruğa girenlerde olmayan bir özelliktir bu.</p><h3 class=\"ql-align-justify\"><strong>KAHRAMANLIĞINDAKİ ZEKA</strong></h3><p class=\"ql-align-justify\">Keloğlan ile Devler masalında Keloğlan devlere bir oyun oynar. Yattığı yatağa eğri bir odun koyar ve üzerini yorganla örter. Devler yatakta Keloğlan’ın yattığını düşünerek yorganın altındaki odunu iyice dövdükten sonra yatar, uyurlar. Sabah Keloğlan’ı karşılarında görünce de şaşırıp geceyi nasıl geçirdiğini sorarlar.Yatak “yumuşak, hem de rahattı, ama birazcık pire vardı, sırtım çok kaşındı” cevabı ile yediği dayakların pire ısırığı gibi geldiğini anlatan Keloğlan’ın kahramanlığındaki zekadır bu. Gladyo kumpaslar kurar, hapisler tertipler, işkencelerden geçirir. Vatan Partisi kahramanlığı da aynı değil midir? Zalimin zindanlarında türkü söyler gibi yatan Parti Keloğlan gibi değil de nedir?</p><h3 class=\"ql-align-justify\"><strong>FATURASIZ FEDAKARLIĞI</strong></h3><p class=\"ql-align-justify\">Tek öküzünü kesip köylüye ziyafet verecek kadar cömerttir. Köylüler onun bu davetine karşılık vermedikleri gibi bir de bacasından aşağı hayvan pisliği dökerek onunla alay ederler. Ancak Keloğlan’ı hangi alay yolundan döndürmüştür, saflığı, başı dikliği ve temizliğini hangi çıkar ilişkisi tersine çevirebilmiştir? Sistemin bütün olanaklarını elinin tersiyle iten, bütün hilelere karşı doğruluktan şaşmayan Vatan Partisi’nin de varının yoğunun doğruluk olmasının bir anlamı vardır elbet.</p><h3 class=\"ql-align-justify\"><strong>HERKES KELOĞLAN’A SARILACAK</strong></h3><p class=\"ql-align-justify\">İmkansız aşklar mutlu sonlarla sadece masallarda bitmez, fakir delikanlılar padişahlık tahtına yalnızca masallarda oturmaz,&nbsp;dağların zirvesinden getirilen çiçekler sadece masallarda dertlere deva olmaz, zalimler sadece masallarda cezasını bulmaz, mazlumların yüzü bir tek masallar da gülmez. İşte görüyoruz, hiç kimsenin yenemediği devler bir keloğlanın önünde diz çöküyor, perişan oluyor. Bütün dünya Keloğlan’ı konuşuyor. Herkes çareyi onun aklında, cesaretinde, azminde, kahramanlığında, fedakarlığında arıyor. O alaycı bakışların ve gülümsemelerin sahiplerinin de filmlerde olduğu gibi Keloğlan’a sarılmak için birbiriyle yarışacakları günler geliyor.&nbsp;<strong>VATAN PARTİSİ İKTİDARA YÜRÜYOR. </strong></p><p>&nbsp;</p>","outro":"","hideAds":false,"createdDate":1612138786331,"updatedDate":1612140454624,"hitCount":506,"active":true,"lastUpdaterIp":"141.101.76.230","hasEmbeddedTitle":false,"showOnHomePage":false,"currentUrl":"keloglanin-21-yuzyil-seruveni-231375-2"},{"id":230234,"title":"Vatan Partisi’nin safları çelikleşti","contentType":"CORNER_POST","coverImage":"","coverCode":"","publicationDate":1611348060000,"tags":[],"intro":"","spot":"“Vatan Partisi’nde teoriye, programa ve siyasete ilişkin sorunlar, açık tartışmayla çözülür.” Vatan Partisi Tüzüğü, Madde 11","body":"<p>“Partimizin ideolojik birikimi, programı, öncü parti geleneği, örgütlenme çizgisi, doğru eylem ilkeleri çalışma tarzı, Türkiye’nin büyük devrimci mirası temelinde 1968 sonrasındaki iki çizgi mücadelelerinde gelişmiştir.” Sosyalist Devrim hayalciliğine, maceracılığa, Sovyet revizyonizmine, inkarcılığa, sivil toplumculuğa, partisiz devrimciliğe ve en son saray savaşı bozgunculuğuna, PKK ve CHP kuyrukçuluğuna karşı saflarımızı hep ideolojik mücadeleler ile berraklaştırdık. Ayaklarımız Türkiye toprağına, köklerimiz tarihsel mirasımıza uzanıyorsa partimizin iki çizgi mücadelelerini açıkça ve cesurca yürütmesindendir. Yaşadığımız bütün bu çizgi mücadeleleri göstermiştir ki, dünya ölçeğindeki her karşıdevrimci cereyan, Türkiye’nin yalnızca Atlantik sistemini savunan kesimlerinde değil, aynı zamanda milli oluşumlarının içinde de etkili olmuştur. 12 Martlar, 12 Eylüller, Ergenekon-Balyoz tertipleri, neoliberal rüzgarlar, İstanbul Sözleşmeleri vatansever safların içine de sinsice sızmıştır. </p><h3>DEMOKRASİ BUDALALIĞI</h3><p>Sistem partilerinde sorunların üstü örtülür, alt kademeler yönetim erklerinden uzaklaştırılır. Partimizde ise sorunların üzerine açık tartışma ve parti içi demokrasi yoluyla gidilir. Demokratik merkeziyetçilik ilkemiz bu konularda partimize muazzam bir üstünlük sağlar. Onlarca toplantıda, onlarca oylama ve konuşmayla mahkum edilen yanlışlarda ısrar edenlerin bu ilkeyi hiç anlamadığı gözüküyor. Demokratik merkeziyetçilik, demokrasi budalalığı ve gevezeliği değildir. Devrimci partinin çelik disiplininin karar alma biçimidir.</p><h3>BUNLARI NİYE Mİ HATIRLATIYORUZ?</h3><p>Partimizin iktidara yürüdüğü bu koşullarda onu iktidar yürüyüşünden saptırmak için hareket eden bir avuç “Saray Savaşçısı” Vatan Partisi’nden istifa etti. Biden Medyası istifaları “Vatan Partisi’nde Deprem” diye duyurdu. Vatan Partisi’ni yolundan çıkarmak için kelepçeler ve duvarlar, iftiralar ve yalanlar yetmedi. Bu yüzden saldırıyı içeriden yapmaya kalktılar. 24 Temmuz 2015’te başlayan Vatan Savaşına karşı iç cephede kurgulanan bozguncu hareketin ve eğilimlerin bir benzeri Vatan Partisi’nde de zuhur etsin diye her türlü mesele fırsat olarak kullanıldı. Yel kayadan ancak toz alır. Partiden istifa ettiği söylenen 108 kişinin büyük çoğunluğunun Vatan Partisi’nin hiçbir çalışmasına katılmayan, Vatan Partisi programını benimsememiş, emek ve ter dökmeyen isimlerden oluşması bu atasözünü bir kez daha doğrulamıştır. </p><h3>HER ŞEY AÇIK KONUŞULACAK</h3><p>Bozgunculuğa önderlik yapan Mehmet Bedri Gültekin’in açıklamasını inceleyiniz. Orada bencillikten öte bir şey göremeyeceksiniz. Kendisi, Vatan Partisi’ni CHP ve HDP’nin yanında konumlandırmak istedi. “Dersim konusunda tavır almayalım” önerisiyle başlayan, seçim bildirilerimizden partimizin “Türk de biziz, Kürt de biziz, Hepimiz Türk Milletiyiz” diye özetlediği millet tanımını çıkarmaya varan anlayışlarıyla program ve stratejimizi tamamen reddetti. Ancak teoriye, programa ve siyasete ilişkin sorunlarını çeşitli perdeler altında gizleyen, lafı dolandıran, konuyu kişiselleştiren tavırlarıyla korkakça ve bencilce davrandı. </p><h3>KORKAKLARIN ve CESURLARIN GÖZLERİ</h3><p>Partimiz televizyon ekranlarından devlet bürokrasisine, esnaf ve çiftçilerden emekçi kesimlere toplumun her kesiminin içine derinlemesine kökler salar ve büyürken Mehmet Bedri Gültekin “partinin küçüldüğünü” iddia ediyordu. Partimizin doğrulanan siyasetlerine karşı partinin süreci kavramayan üyelerinin ayrılmasını başarısızlık olarak görmek gerçekleri gece karanlığında gizlemekti. Unutulmasın ki “gece ihanete müthiş bir gerekçedir.” </p><p>Oysa partimizin saflarının temizlenmesi önümüzdeki dönemin en güzel haberidir ve kalan tortular da yakında temizlenecektir. Sovyetler Birliği’nin kurucusu V.İ Lenin’in Bolşeviklerin başarısını “siyasi çalışmanın gereğini anlamayan devrim gevezelerini gözlerinin yaşına bakmadan zamanında suçlayıp saflarından atmış” olmalarına bağlaması çok öğreticidir. </p><p>Her savaş böyledir. Korkakların gözleri cepheden firar edenleri görmektedir. Çünkü kaçmak için bahaneye ihtiyaçları vardır. Cesurların gözleri siperden fırlayanların üzerindedir. Çünkü taarruza kalkmak için hazırlanmaktadırlar. Vatan Partisine katılan binlerce insanı görmeyenlerin gözlerinde sorun yok, onlara gözlük gerekmiyor. Onlara yürek gerek ancak yüreklik diye bir alet yok. </p><h3>BAŞARISIZLIĞIN PUSUSU</h3><p>Liberalizm başarısızlığın pususundadır. Yanlış eğilimler çoğu zaman bir “genel doğrular perdesinin” ardına gizlenmektedir. Bu genel doğrular daha kimse anlamadan en büyük yanlışlara dönüşmektedir. Sözde sosyalizm, vatanseverlik, ahlak ve parti uğruna yapılanlar, çapına uygun yanlışlara dönüşmektedir. Dış politikadan ittifaklara, ekonomiden kültürel mücadele mecralarına genel doğrular perdesinin arkasına gizlenme tutumu sinsice her konuda önümüze gelmektedir. Bütün bu “genel doğrular yığını” arasında partimizin “öncü ideolojik-politik tutumlar alma iradesi” ameliyat masasına yatırılmaktadır. “Yargı Altın Çağını yaşıyor” saptaması gibi devrimci söylemleri törpülemek için yapılan söz oyunlarını herkes görüyor. Şimdi o söz oyunlarını yapanların hangi limanlara dümen kırdıkları çok daha iyi anlaşılıyor.</p><h3>YALANDAN KİM ÖLMÜŞ?</h3><p>Yıllardır sorulan bu soruya bir tek yanıt var: Yalandan bir tek devrimci ölmüş. Partimizin yöneticilerine karşı kişisel bir karalama ve yalan kampanyası yürüterek partimizin önderliğine olan güveni sarsmaya çalışanlar devrimcilikten bahsedemez. Genel Başkanı beğenmemek ya da vatan savaşının pratiğini yürüten kadroları karalamak insanı nerelere götürüyor sadece bir örneğe bakarak bile anlaşılabilir. Troçki, ABD’nin en gerici, işçi ve devrim düşmanı dergisine çağın en büyük devrimcisi Stalin nefretiyle yazar olmuştur.(Derginin adı bile “Liberty”.) Bu “büyük dünya devrimcisi”nin ne hale geldiği, “vefa” uğruna bozgunculara toz kondurmayan az sayıda insanımız için çok öğreticidir. Mehmet Bedri Gültekin’in Cumhuriyet ve Birgün tarafından baş tacı edilmesinin anlamı işte buradaki tarihi örnektedir.</p><h3>EN BÜYÜK TEHLİKE: DİLSİZ ŞEYTANLAR</h3><p>Ne yazık ki parti karşıtı faaliyetlere katılan veya sessiz kalan arkadaşlarımız olmuştur. Parti içindeki yanlış eğilimlere karşı mücadeleden kaçınmak, Partimiz için en büyük tehlikedir. Arkadaşlık uğruna veya ideolojik zaaflar nedeniyle yanlışlar içinde yüzen üye ve yöneticilerimizi savunmak liberalizmin en canlı biçimdir. Bu tutumlar yanlışların zemin bulmasına, yanlış içinde olanların da dönek ve parti düşmanı olmasına yol açmıştır. En başta Genel Başkanımız Doğu Perinçek olmak üzere sessiz kalmayanların başarısıyla Vatan Partisi’nin saflarından hiçbir “devrimci” ayrılmamıştır.</p><h3>PARTİSİZ AYDINLIKÇILIK TASLAMAK</h3><p>Son yıllarda Vatan Partili kadroların iktidar ruhu tekrar tekrar sınava girmiştir. 12 Eylül güçleri değiştirilmezlik ideolojisini her türlü yönlendirme yoluyla devrimci değerlerin üzerine sürmüştü. Bunun için yalnızca çıplak şiddetin kullanılmadığını biliyoruz. İktidar ruhundan uzaklaşma ve tepkisel bir muhalif olarak kalma psikolojisi en büyük düşmanımızdır. Toplumsal muhalefetin sözcüsü olmak ve Türk milletinin öncüsü olmak aynı şeyler değildir. Vicdan rahatlatmak için değil, Türkiye’yi değiştirmek için devrimciyiz. Türkiye’de başlayan devrimci sürecin hem ideolojik hem örgütsel anlamda tek öncüsüyüz ve iktidara adayız. Bu bilince sahip olmayanların “Aynı Gemideyiz” stratejisini anlamadığını görüyoruz. Son zamanlarda ayrılan bazı isimlerin “partisiz Aydınlıkçılık” taslamaları da muhalif kalma hastalığının son aşamadır. Her şeye muhalif olan en sonunda mutluluğu ÖNCÜ PARTİ’den ayrılmakta bulmaktadır ve partisizlikle övünmektedir. Sn. Erkan Önsel’in “kör kuyulara yuvarlanıyorsun Bedri Gültekin” diye haykırması ne büyük dostlukmuş. Umarım herkes daha iyi anlamıştır.</p><h3>DİSİPLİNLİ PARTİ</h3><p>Öncü Parti’nin disiplini teknik bir sorun değil, tamamen ideolojik bir sorundur. Devrimci partide disiplinimizin özü emperyalist kültürün yaşam tarzından, programından, kültüründen kendini ayırmaktır. Türkiye savaş düzenindedir. Partimiz de bu savaşa liderlik etmektedir. Önümüzdeki dönem emir, demiri kesmelidir. Demokratik organ kararlarına, talimatlara, emirlere uymayanlara karşı parti tüzüğü ve geleneği işletilmelidir. Bugün her zamankinden daha çok saat gibi çalışan, uygun adım yürüyen bir partiye ihtiyacımız vardır. Liberaller bu değerlere istedikleri kadar çamur atsınlar bizim ihtiyacımız olan DİSİPLİNLİ bir partidir.</p><h3>&nbsp;İDEOLOJİK MÜCADELE SORUMLULUĞU</h3><p>Devrimci değerlerden uzaklaşmak-tembellik, yükün altına girmeme, işleri havale etme, kapalı-ilkesiz-liberal tutumlar, hatalarla uzlaşmak-görmezden gelmek, dedikodu, partiyi sosyal medyada hedef göstermek ve yukarıda saydığımız bütün bu anlayışlara karşı bir ideolojik mücadeleyi önümüze görev olarak koyuyoruz. İşimiz gücümüz toplumsal mücadeleye, üretim devrimine ve emperyalizme karşı savaşa önderlik etmektir. Bu önderliği güçlendirdiğimiz ölçüde parti içinde bunalım yaratmaya çalışan bozguncuları da bertaraf etmiş olacağız ve oluyoruz. Parti içi ideolojik mücadeleye duyduğumuz sorumluluk Türkiye’ye karşı duyduğumuz sorumluluktur. Partimizin safları artık çelik gibidir önümüzde iktidara yürüme görevi vardır. </p><h3>AYDINLIKÇILIK BAYRAĞI ELLERİMİZDE</h3><p>Nazım Hikmet, kimlerin aydınlıkçı olduğunu oldukça güzel ve kısa bir şiirle anlatmıştı. Aslında biz de kimlerin aydınlıkçı olmadığını bu uzun yazıda anlatmaya çalıştık. Kimse kendisini boşuna kandırmasın.</p><p>11. Genel Kurultay Rapor Taslağında Genel Başkanımız Doğu Perinçek bizlere (ÖNCÜ GENÇLİK’e) partimizin 7 ateşten geçmiş devrimci çizgisini emanet ediyor. Herkes bilsin, bu emanete hıyanet etmeyeceğiz. Partimizin ve Genel Başkanımız Doğu Perinçek’in siyasi çizgisinin arkasında sıra dağlar gibi duracağız. Bunun yanında yine Partimizi bugünlere getirenler gibi sade yaşayacağız, lükse tamah etmeyeceğiz. Hz. Muhammed gibi, Atatürk gibi, Mao Zedung gibi, Doğu Perinçek gibi. Devrimci olmak için iyi tarih bilgisi, doğru yerde doğru şeyi söylemek vs. gibi olumlu özellikler yetmez. Tam anlamıyla bir ahlak, terbiye ve edep timsali olmak, iddialarımızla yaşantımızın örtüşmesini sağlamak en önemli görevimizdir. Kartallı Kazım gibi kavgadan önce bahçıvan, kavgadan sonra bahçıvan olma anlayışıyla. Bu mutluluğu dünyadaki hiçbir şeye değiştirmeme iradesiyle. Partili devrimcilik fikrine yapılan saldırılara meydan okuyarak. </p><p>&nbsp;Sistemin partimize saldırısı siyasi tuzaklarla sınırlı değil, kişisel zaaflar en büyük düşmanımız. Konfor düşkünlüğü, ünvan, para tutkusu bu kirleri benliğimizden silip atmak en büyük meselemiz. Hatalarımızın esiri olmamak, hatalarımızı özel mülkiyetimiz yapmamak, hata yapan ve hatalarımızı söyleyen arkadaşlarımıza kin duymamak felsefemizin özüdür. Hatasını paylaşan, kamulaştıran doğruyu kamulaştırmış olur. Parti Arkadaşlığını hayatımızın anlamı haline getirmek partimizin toplumun değerlerinde özümsediği yüksek kültüre sarılarak gerçekleştireceğimiz en büyük işimizdir. Bütün bu işleri yaparken “Aydınlıkçı” maskesi takmaya çalışan liberallere de gerekenleri söyleyeceğiz. Fitneciler ve fesatçılar iyi seyretsin, Vatan Partisi’nin vatan, emek ve namus bayrağını en yüksek burçlara dikeceğiz ve Üreticilerin Milli Hükümeti’ni kuracağız.</p><p><br></p>","outro":"","hideAds":false,"createdDate":1611348370898,"updatedDate":1611348370898,"hitCount":2877,"active":true,"lastUpdaterIp":"141.101.76.146","hasEmbeddedTitle":false,"showOnHomePage":false,"currentUrl":"vatan-partisi-nin-saflari-celiklesti-230234"},{"id":229776,"title":"Capitol'ü Titreten İsyancılar","contentType":"CORNER_POST","coverImage":"","coverCode":"","publicationDate":1611038280000,"tags":[],"intro":"","spot":"","body":"<p>\tABD’de gelişen halk hareketinin kongre binasını ele geçirmesi basit bir kriz değildir. ABD, o gün bütün emperyalist iddialarını yitirmiştir. Liberal Batı demokrasisinin mabedi olan Capitol’ün şatafatı, görkemi müesses nizama başkaldıran Amerikalıların ayakları altında kalmıştır. Dünya mafyasının yönetim merkezi basılmış, Pentagon’un ve Amerikan derin devletinin bütün itibarı yerle bir olmuştur. Dünya halkları açısından Amerika artık dalga geçilecek “çıplak kral” haline gelmiştir.\t</p><p class=\"ql-align-justify\">\tAydınlık gazetesi olayların ertesi günü bir manşet atmıştı: “Amerikan Rüyası ve Kabusu Bitti.” Ancak meseleye Capitol binasının camlarından bakanlar, demokrasiye dönük büyük bir saldırı gördüler. Milyonlarca insanın Trump’ın kişisel fantezisiyle hareket ettiğini ileri sürdüler. “Cahillerin”, “barbarların”, “ensesi yanıkların” tarihi devinimi ve devrimleri sağladığını unutanların gözlerini Capitol’ün çürüyen parlaması kamaştırıyor.</p><h3 class=\"ql-align-justify\"><strong>AYAK TAKIMININ HAREKETİ VE TARİHİN DEVİNİMİ</strong></h3><p class=\"ql-align-justify\">\tRoma’ya isyan eden kölelere ve onu yıkan akınları yapanlara “barbarlar” diyorlardı. Fransız İhtilalini yapanlara “baldırı çıplaklar” diyorlardı. Kurtuluş Savaşımız ve Kemalist Devrim için Anadolu’da isyan edenler, eşkıya ve ayak takımı olarak görülüyordu. Aynı bakış açısını paylaşanlar, 15 Temmuz’da FETÖ’cülere karşı ayağa kalkan Türk milletine de “Erdoğan’ın talimatıyla hareket eden sürüler”, “cihatçılar” ve “gericiler” diyerek hakaret etmişlerdi. Amerikan medyasının sayfalarını süsleyen hakaretleri paylaşanların yıkılan sınıfların ve hâkim güçlerin yanında tavır aldığını görmek için birazcık tarih bilmek yetiyor. Çıkarları Capitol binasının içinde olanlar, kitlelerin hareketinden telaşa kapılıyor. Kitlelerin hareketinin önüne surlar, setler ve askerler çekiyorlar. PKK, FETÖ, Biden Tayfası, sahte solcular, sosyal demokratlar ve liberaller o askerlere selam duruyor.</p><h3 class=\"ql-align-justify\"><strong>ROMA İLK KEZ TİTREMİYOR</strong></h3><p class=\"ql-align-justify\">\tKimileri, Atina ve Roma medeniyetlerine hayrandır. Ancak o medeniyetler ile Rönesans arasındaki Avrupa’nın feodal döneminden nefret ederler. Roma’yı yıkanlara düşmandırlar. “Karanlık Çağ” dedikleri dönem olmasaydı, Avrupa’nın “Aydınlanma Çağı”na geçemeyeceğini bilmezler. En koyu karanlığın Roma’nın son dönemlerinde olduğunu, aslında Roma’nın yıkılışının insanlığın önünü açtığını tespit edemeyen bir tarih okumasının hala canlı olduğunu biliyoruz.</p><p class=\"ql-align-justify\">\tTarihi böyle değerlendirenler, Roma’nın ileriyi temsil ettiği dönemlerle gerici olduğu dönemleri birbirine karıştırırlar. Bütün uygarlıkların ilerici yükseliş dönemleri ve gerici çöküş dönemleri vardır. Tarihe karşı tavır aslında günümüze karşı tavırdır. Gerici çöküş dönemine isyan edenlere yapılan hakaretlerin Amerika’da Capitol binasını basanlara karşı da tekrar edilmesi çok öğreticidir.</p><p class=\"ql-align-justify\">\tSpartaküs, Roma’yı titreten ne ilk isyancıdır ne de son!</p><p class=\"ql-align-justify\">\tRoma yine çürümüştür ve yine yıkılmaktadır.</p><h3 class=\"ql-align-justify\"><strong>ROMA’NIN İKİZ KARDEŞİ</strong></h3><p class=\"ql-align-justify\">\tKulağa hoş geldiği için Roma benzetmesi yapmıyoruz. Amerika’nın kurduğu Dolar İmparatorluğuna bütün dünyaya egemen olmak bakımından en çok yaklaşan tarihsel örnek Köleci Roma olduğu için bu benzetmeyi yapıyoruz. Onun nasıl yıkıldığını hatırlamanın, Dolar İmparatorluğunun yıkılışını daha iyi anlamamıza yarayacağını düşünüyoruz.</p><p class=\"ql-align-justify\">\tKöleci Roma tarihin gördüğü en yaygın sınırlara sahipti, bilinen dünyanın bütün ticareti Roma’ya akıyordu ve o dönemin en önemli ticaret güzergahı olan Akdeniz havzası bir Roma gölüydü. Bu dönemde bütün yollar Roma’ya çıkardı.</p><h3 class=\"ql-align-justify\"><strong>ÜRETMEYENİN HAZİN SONU</strong></h3><p class=\"ql-align-justify\">\tMeta ekonomisi o kadar gelişmişti ki insanlar bile alınıp satılıyordu. Ekonomi esas olarak köle emeğine dayanıyordu. Üretimin köle emeğine dayandığı bu sistemde zenginliğin yegâne kaynağı bir üretim aracı olarak köle sayısına bağlıydı. Roma savaş makinesi kusursuz bir şekilde işlediği dönemde köleler köle sahibine çok ucuza mal oluyordu. Öyle ki bu durum mevcut kölelere yaşam vasıtalarını sürdürecek kadar bile kaynak ayrılmamasına neden oluyordu. Ayrıca köleler bilgisiz ve cahil bırakıldıkları için de beceri gerektirmeyen toprak işlerinde ve ağır işlerde çalıştırılıyorlardı. Daha çok çalışmaları, ya da işlerini daha iyi yapmaları onlara ayrılan kaynağın artmasına neden olmadığı için de verimsiz üreticilerdi. Ayrıca yaşam vasıtalarının yetersiz olması nedeniyle kölelerin üreme ve aile kurma gibi özellikleri de çok sınırlıydı.</p><p class=\"ql-align-justify\">\tBu koşullarda köle sayısını arttırmanın ve sürekli hale getirmenin tek yolu uzak diyarlara yapılan seferlerde zafer kazanarak ganimet olarak yeni kölelere sahip olmaktı. Zenginlik kaynağı daha çok köleye sahip olmak olduğu için teknoloji ve bilim üretimi bir süre sonra durdu. Kaynaklar lüks ve şatafata aktı. Peki bu sistemin yıkılmasının köleye dayanan ekonomik sistemin bu açmazlarının dışında esas sebebi neydi?</p><h3 class=\"ql-align-justify\"><strong>YENİ ESKİNİN İÇİNDEN FİLİZLENİR</strong></h3><p class=\"ql-align-justify\">\tRoma uygarlığı doğal sınırlarına ulaşıp artık seferlerde zafer yerine yenilgi almaya başladığında, açılan savaşlar çok uzun süre neticeye ulaşmadığında, ekonomiyi döndürecek ucuz üretim aracı olan yeni köleler yabancı topraklardan ele geçirilemedi. Bunun sonucu olarak muazzam Roma ordusunu beslemek ve savaş makinesini takviye etmek güçleşti. Ordu güçsüzleştikçe savaşlarda zafer kazanmak giderek daha da zorlaştı hatta en sonunda Roma İmparatorluğu yalnızca kendi sınırlarını korumak maksadıyla savunma savaşlarına girmek zorunda kaldı. Bu durumda köle emeğine dayanan ekonomik sistem çatırdadı ve daha Roma yıkılmadan çok daha önce bazı köleler azâd edilerek toprağa bağlı serflere dönüştürülmeye başlandı. Feodalizm, Roma’da eski toplumsal sistemin içinde böylece filizlendi. Buna dışarıdan baskısını iyice arttıran kavimlerin akınları son darbeyi vuracak ve köleci Roma uygarlığı tarihe karışacaktı. Bu sistemin asla yıkılmayacağını düşünen Roma soylu sınıfının temel varsayımı Roma’nın asla yenilmeyeceğiydi. Özetlersek, köleci sistem hem büyük bir üretim gücüne hem de belli bir süre sonra önlenemez bir biçimde üretimin verimsizleşmesine ve üretimden kopmaya yol açıyordu. Bu noktada üretimden kopmayı izleyen askeri başarısızlıklar Roma uygarlığının tarihe karışma nedenleriydi. Sistemin iki önemli ayağı askeri ve ekonomik güç yitirilmişti. Biraz dikkatli bakarsak ABD’nin de aynı akıbeti paylaştığını görürüz.</p><h3 class=\"ql-align-justify\"><strong>DOLAR İMPARATORLUĞU YIKILIYOR</strong></h3><p class=\"ql-align-justify\">    Bugün ABD’nin kurduğu “dolar saltanatı” da önce üretimden koptu, sonra askeri olarak yenilgiler almaya başladı. Bu olayın iç cepheye yansıması Amerikalıların yoksullaşması oldu. Dolarla kurdukları haraç sistemi başlarına yıkılıyor.</p><p class=\"ql-align-justify\">Amerikalılar üretimden kopmanın ve çürümenin bedellerini LGBT, uyuşturucu bağımlılığı, hurafe ve tarikatların yaygınlaşması olarak ödedi. Kelimenin bütün manasıyla evli, arabalı, çocuklu ve mutlu “Amerikan Rüyası” artık gerçek değil.</p><p class=\"ql-align-justify\">Bu durumda tıpkı Roma hukukunun iflas etmesi gibi Amerika’nın istikrar döneminde düzeni sağlayan hukuk kuralları iflas etti. Artık kılıçların kuralları geçerli. Artık çürüyen sisteminin içinden filizlenen güçler ile tutucu küreselci güçler arasında bir hesaplaşma kaçınılmaz.</p><p class=\"ql-align-justify\">İşte Amerika’nın asla yıkılmayacağını düşünen Amerikancıların bütün varsayımları çürüdü. Dünyada Amerika’ya tapan, Biden’den medet uman kim varsa hepsinin karalar bağlamasının bütün nedeni bu.</p><p class=\"ql-align-justify\">Üretimden kopan ve insanlığı haraca bağlamaya kalkan bir Amerika’yı insanlığın elinden kimse kurtaramaz. ABD mazlum dünyanın namlusu ve gelişimi önünde diz çökmek zorunda. Hala diş göstermeye çalışan küreselcilerin insanlığa vaadettikleri hiçbir şey yok. Bunu görmek istemeyenler sadece kendisini kandırıyor.</p><h3><strong>ÇÜRÜYEN TOPLUMUN TEK ÇARESİ</strong></h3><p class=\"ql-align-justify\">\tÇürüyen toplumun tek çaresi devrimdir. 340 Milyon ABD vatandaşı kendisini okyanusa atmayacağına göre o tek çareyi bulmak durumundadır. Hegemonyacı emperyalist devletin tekelci sermayesine karşı diğer gelişmiş kapitalist ülkelerin sermaye sınıflarının ve Ezilen/Gelişen Dünyanın burjuvazileri ile emekçilerinin çıkarlarının buluştuğunu biliyoruz. İşte bu büyük buluşmaya “globalizme ve kapitalizme” karşı ayağa kalktığını söyleyen o boynuzlu adamın sembolü olduğu kitleler de katılmıştır. Uluslararası alandaki sınıflaşma ve saflaşma gerçeği budur. Boynuzlu adamı kendi safında görmeyen bir bakış açısı tarihsel, sınıfsal ve dolayısıyla bilimsel değildir. Capitol’ü titreten isyancılara selam olsun.</p><p class=\"ql-align-justify\">\tSon olarak, ağacın dibini testereledikten sonra onu devirip yıkmak işten bile değildir.&nbsp;Köhnemiş çınarın dibini testereleme görevi henüz bitmemiştir. Bu yüzden işin büyüğü hala mazlum uluslara ve gelişen dünyaya düşmektedir. 1945 sonrası süreçte insanlığın geleceği açısından en tarihsel olay, en umut verici gelişme, ezilen ulusların en büyük başarı göstergesi nedir diye sorarsanız, Mehmetçik’in silahıyla 2. İsrail planını bozguna uğratmasıdır. Bugün yaşanan gelişmelerin kaynağı da ABD’nin Kürdistan projesinin 2017 yılındaki yenilgisidir. Dolar İmparatorluğunu yıkmak için güncel görev ABD’nin dolaylı ve dolaysız silahlı kuvvetlerini yenilgiye uğratmak, ABD’yi kendi kabuğuna çekilmeye mecbur bırakmaktır.</p><p class=\"ql-align-justify\"><strong>Ferdi Tanhan</strong></p><p class=\"ql-align-justify\"><strong>Vatan Partisi Öncü Gençlik Genel Başkanı</strong></p><p><br></p>","outro":"","hideAds":false,"createdDate":1611038462100,"updatedDate":1611038462100,"hitCount":1284,"active":true,"lastUpdaterIp":"162.158.159.100","hasEmbeddedTitle":false,"showOnHomePage":false,"currentUrl":"capitol-u-titreten-isyancilar-229776"},{"id":227655,"title":"2021'de aradıklarımız ve bulacaklarımız","contentType":"CORNER_POST","coverImage":"","coverCode":"","publicationDate":1609404060000,"tags":[],"intro":"","spot":"","body":"<h3><strong style=\"background-color: transparent;\">DÜNYA</strong></h3><p><span style=\"background-color: transparent;\">Yeni bir yıl geliyor. Yeni bir dünya doğuyor.</span></p><p><span style=\"background-color: transparent;\">Tüm dünya koronavirüs belasına şifa arıyor.&nbsp;</span></p><p>Mazlum uluslar, zalim uluslara karşı mutlak zaferi arıyor.&nbsp;</p><p>Afrika rüyasını, Asya mucizesini, Latin Amerika efsanesini arıyor.&nbsp;</p><p>Yeni dünya, eskinin yıktığı güçlü devletlerini arıyor.&nbsp;</p><p><span style=\"background-color: transparent;\">Batı Asya, emperyalistlerin parçaladığı birliğini arıyor.&nbsp;</span></p><p><span style=\"background-color: transparent;\">Kafkasya, Kafkas Seddi’ni yıkan </span>Abhazya ve KKTC'nin de yer aldığı 8'li platformunu arıyor.</p><p><span style=\"background-color: transparent;\">Suriye, komşularıyla birlikte vatan bütünlüğünü arıyor.&nbsp;</span></p><p><span style=\"background-color: transparent;\">Irak, milletiyle ve dostlarıyla Coni’yi kovduğu günleri arıyor.&nbsp;</span></p><p><span style=\"background-color: transparent;\">Rusya ve İran, Amerikan Kuşatmasını yarmak için dostlarını arıyor.&nbsp;&nbsp;</span></p><p><span style=\"background-color: transparent;\">Avrupa, Atlantik zincirlerini kıracak Goethe’lerini ve Robespierre’lerini arıyor.</span></p><p><span style=\"background-color: transparent;\">Milli paralar, Dolar Saltanatı’nı yıkacak düzeneği arıyor.&nbsp;</span></p><p><span style=\"background-color: transparent;\">Tarihin sarkacı, Asya’dan yükselen insanlığı arıyor.</span></p><p><span style=\"background-color: transparent;\">Türkiye, Asya’daki onurlu ve öncü konumunu arıyor.</span></p><p><span style=\"background-color: transparent;\">Devletler bağımsızlığını, milletler kurtuluşunu, halklar devrimini arıyor.</span></p><h3><strong style=\"background-color: transparent;\">MAVİ VATAN</strong></h3><p><span style=\"background-color: transparent;\">Türk milleti, engin maviliklerde aydınlık geleceğini arıyor.</span></p><p><span style=\"background-color: transparent;\">Türk donanması, Mavi Vatan’da egemenlik haklarını arıyor.&nbsp;</span></p><p><span style=\"background-color: transparent;\">KKTC, kanıyla kazandığı vatanını dünyaya tanıtacak stratejiyi arıyor.&nbsp;</span></p><p><span style=\"background-color: transparent;\">Oruç Reis, denizlerimizin altında milletimizin rızkı olan enerjiyi arıyor.&nbsp;</span></p><p><span style=\"background-color: transparent;\">Ege’deki adalarımız ve kayacıklarımız </span><span style=\"background-color: transparent; color: rgb(34, 34, 34);\">mâzîye hasret, gerçek sâhiplerini arıyor.</span></p><p><span style=\"background-color: transparent;\">MİLGEM’in mühendisleri, yurdu bayram yerine çevirecek buluşlar arıyor.</span></p><p><span style=\"background-color: transparent;\">Karadeniz-Akdeniz Dostluk planı uygulayıcısını arıyor.</span></p><p><img src=\"https://cdn.aydinlik.com.tr/file/aydinlik-bucket/raw/2020/12/31/71b5819c-acdc-4b37-b746-7eb61cc124f3.jpeg\"></p><p><br></p><p><br></p><p><br></p><h3><strong style=\"background-color: transparent;\">TÜRK ORDUSU</strong></h3><p class=\"ql-align-justify\"><span style=\"color: rgb(33, 37, 41);\">Ordumuz, düşmanı devirecek olan son kılıç darbesini arıyor.&nbsp;</span></p><p><span style=\"color: rgb(33, 37, 41);\">Türk milleti, yeniden bütün dünyada emsali görülmemiş bir zafer arıyor.&nbsp;</span></p><p><span style=\"background-color: transparent;\">Fırat’ın Doğusundaki hainler, sonlarını getirecek Mehmedimizin süngüsünü arıyor.</span></p><p><span style=\"background-color: transparent;\">Kurmaylarımız, NATO’dan çekilecek, üsleri ABD kullanımına kapatacak bir cesaret arıyor.&nbsp;</span></p><h3><strong style=\"background-color: transparent;\">ÜRETİCİLER</strong></h3><p><span style=\"background-color: transparent;\">KİT’ler için mezardan kalkmanın vaktidir.&nbsp;</span></p><p><span style=\"background-color: transparent;\">İşçimiz, ekmek teknesini büyüteceği Türkiye’yi arıyor.&nbsp;</span></p><p><span style=\"background-color: transparent;\">İşsiz genç, umutlarıyla işbaşı yapacağı günleri arıyor.&nbsp;</span></p><p><span style=\"background-color: transparent;\">Sanayici, Üreticilerin Milli Hükümeti’ni arıyor.&nbsp;</span></p><p><span style=\"background-color: transparent;\">Esnaflarımız, çarşılarımızda şenlik arıyor.&nbsp;</span></p><p><span style=\"background-color: transparent;\">Tüccarlarımız, İpek yolunda kervanını arıyor.&nbsp;</span></p><p><span style=\"background-color: transparent;\">Zonguldak Dağının altındaki kömür, madencisini arıyor.</span></p><p><span style=\"background-color: transparent;\">Çürük binalar, çürük şehirler depreme teslim olmayan devrimcileri arıyor.&nbsp;</span></p><h3><strong style=\"background-color: transparent;\">KÖYLÜLER</strong></h3><p><span style=\"background-color: transparent;\">“Yolcu yollarda insansız toprağın ve topraksız insanın feryadını duyuyor.”</span></p><p><span style=\"background-color: transparent;\">Topraksız köylü işleyecek toprak arıyor.&nbsp;</span></p><p><span style=\"background-color: transparent;\">Hazine toprakları ve 2B Arazisi köylüsünü arıyor.&nbsp;</span></p><p><span style=\"background-color: transparent;\">Mahalle yapılan köyler, isimlerini arıyor.</span></p><p><span style=\"background-color: transparent;\">Pamuklar ekicisini, tütünler dikicisini arıyor.</span></p><p><span style=\"background-color: transparent;\">Traktörler, biçer-döverler mazotunu arıyor.&nbsp;</span></p><p><span style=\"background-color: transparent;\">Şıhbızın Aşireti üretmek için koyunlarını, kuzularını ve keçilerini arıyor.&nbsp;</span></p><p><span style=\"background-color: transparent;\">Millet efendisini arıyor. </span></p><p><img src=\"https://cdn.aydinlik.com.tr/file/aydinlik-bucket/raw/2020/12/31/512a6b06-a31c-49b3-a706-5b3398ba4b9e.jpeg\"></p><h3><strong style=\"background-color: transparent;\">KADINLAR</strong></h3><p><span style=\"background-color: transparent;\">Diyarbakır anneleri HDP-PKK önünde evlatlarını arıyor.&nbsp;</span></p><p><span style=\"background-color: transparent;\">Annelerimiz uyuşturucu bataklığını kurutacak çareyi arıyor.&nbsp;</span></p><p><span style=\"background-color: transparent;\">Kadınlarımız, cehennem zebanilerinin elinden kurtulacak bir toplum arıyor.</span></p><p><span style=\"background-color: transparent;\">Başı dik kadın, Atatürk Türkiye’sini arıyor.&nbsp;</span></p><p><span style=\"background-color: transparent;\">Kadın aramaya başladı mı, zamanı gelmiş demektir.&nbsp;</span></p><p><img src=\"https://cdn.aydinlik.com.tr/file/aydinlik-bucket/raw/2020/12/31/8f6e5f33-25fe-4533-a052-ddbeb0bd4db0.jpeg\"></p><h3><strong style=\"background-color: transparent;\">GENÇLER</strong></h3><p><span style=\"background-color: transparent;\">“Gençlerin yüreği bayram yeri gibi cıvıl cıvıl.” </span></p><p><span style=\"background-color: transparent;\">Arkadaş hasreti, Vatan sevgisi genç gönüllüleri arıyor.&nbsp;</span></p><p><span style=\"background-color: transparent;\">Sınıflardaki boşluklar, yaramaz çocuklar arıyor.&nbsp;</span></p><p><span style=\"background-color: transparent;\">Üniversite kürsüleri, bilimsel tartışmalar arıyor.&nbsp;</span></p><p><span style=\"background-color: transparent;\">Şenlikler, şölenler, piknikler, halı sahalar, tiyatrolar, sinemalar güleç yüzler arıyor.&nbsp;</span></p><p><span style=\"background-color: transparent;\">Yerleşkelerde, vatansever gençlerin ayak sesleri Mehmetçik için inletecek yer ve gök arıyor.</span></p><h3><strong style=\"background-color: transparent;\">ORMANLAR, DENİZLER, HAYVANLAR</strong></h3><p><span style=\"background-color: transparent;\">Kavaklar düşen yapraklarını arıyor.&nbsp;</span></p><p><span style=\"background-color: transparent;\">Ormanlarımız, denizlerimiz ve hayvanlarımız, koruyucusunu arıyor.</span></p><p><span style=\"background-color: transparent;\">Ozon tabakası kendisini yamayacak tamirciler arıyor.&nbsp;</span></p><p><span style=\"background-color: transparent;\">Yıldızlarımız, eskisi gibi parlayacak geceler arıyor.&nbsp;</span></p><p><span style=\"background-color: transparent;\">Derelerimiz, nehirlerimiz tertemiz akacak bir iklim arıyor.&nbsp;</span></p><p><span style=\"background-color: transparent;\">Balıklarımız, nefes almak için hava arıyor.</span></p><p><span style=\"background-color: transparent;\">Börtümüz, böceğimiz, kedilerimiz ve köpeklerimiz daha güzel bir dünya arıyor.&nbsp;</span></p><h3><strong style=\"background-color: transparent;\">BİDEN TAYFASI</strong></h3><p><span style=\"background-color: transparent;\">Atlantik Muhalefeti, namı diğer Biden Tayfası, biat edecek ABD Korsanı arıyor.&nbsp;</span></p><p><span style=\"background-color: transparent;\">Ağlayacak duvar arıyor.&nbsp;</span></p><p><span style=\"background-color: transparent;\">Azerbaycan’da, Akdeniz ve Karadeniz’de bozgun arıyor.&nbsp;</span></p><p><span style=\"background-color: transparent;\">Yüreği düşman başarısı için çarpıyor.&nbsp;</span></p><p><span style=\"background-color: transparent;\">Milletimizin açlık, sefalet ve perişanlık içinde kıvrandığı bir 2021 arıyor.&nbsp;</span></p><p><span style=\"background-color: transparent;\">Selahattin Demirtaş için “özgürlük” arıyor.&nbsp;</span></p><p><span style=\"background-color: transparent;\">Sıcak para, soğuk namlu arıyor.</span></p><p><span style=\"background-color: transparent;\">İçirecek “bonzai” arıyor.</span></p><p><span style=\"background-color: transparent;\">FETÖ için “adalet” arıyor.</span></p><p><span style=\"background-color: transparent;\">Çocuklarımızı LGBT yapacak bir çürüme ve yozlaşma iklimi arıyor.</span></p><p><span style=\"background-color: transparent;\">Ararken inliyor. “Yetiş ya Biden” diye inliyor.</span></p><p><span style=\"background-color: transparent;\">İnlemeleri aradıklarını bir tek onların bulamayacaklarını gösteriyor. </span></p><p><img src=\"https://cdn.aydinlik.com.tr/file/aydinlik-bucket/raw/2020/12/31/3c6d387b-347e-4c40-af97-6ccfb16324ae.jpeg\"></p><h3><strong style=\"background-color: transparent;\">EMPERYALİSTLER</strong></h3><p><span style=\"background-color: transparent;\">Arayan belasını da buluyor, mevlasını da.&nbsp;</span></p><p><span style=\"background-color: transparent;\">Zurnacı, ince ses çıkaran bölümü arıyor.&nbsp;</span></p><p><span style=\"background-color: transparent;\">ABD, belasını arıyor. </span></p><p><span style=\"background-color: transparent;\">FETÖ ve PKK elebaşları kaçacak delik arıyor.&nbsp;</span></p><p><span style=\"background-color: transparent;\">HDP, cezasını arıyor.&nbsp;</span></p><p><span style=\"background-color: transparent;\">Dolar, Borsa, Faiz ve sıcak para vurguncuları mezarını arıyor.&nbsp;</span></p><h3><strong style=\"background-color: transparent;\">VATAN PARTİSİ</strong></h3><p><span style=\"background-color: transparent;\">Dünya gözlerini Türkiye’ye çevirince Vatan Partisi'ni arıyor. </span></p><p><span style=\"background-color: transparent;\">Kul sıkışmayınca Hızır yetişmezmiş. </span></p><p><span style=\"background-color: transparent;\">Türkiye öncüsünü arıyor.&nbsp;</span></p><p><span style=\"background-color: transparent;\">Boz atlı Hızır doğunun şafağında gözüküyor.</span></p><p><span style=\"background-color: transparent;\">Arayanların bütün aradıklarını bulacakları bir yıl geliyor. </span></p><p><span style=\"background-color: transparent;\">Vatan Partisi programıyla, stratejileriyle, taktikleriyle Türkiye’yi yönetmeye geliyor. </span></p><p><span style=\"background-color: transparent;\">2021 hoş geliyor, safa geliyor.</span></p><p><img src=\"https://cdn.aydinlik.com.tr/file/aydinlik-bucket/raw/2020/12/31/bed95df0-d564-4170-b8d5-09982b04600e.jpeg\"></p>","outro":"","hideAds":false,"createdDate":1609405783037,"updatedDate":1609407864795,"hitCount":408,"active":true,"lastUpdaterIp":"172.68.238.130","hasEmbeddedTitle":false,"showOnHomePage":false,"currentUrl":"2021-de-aradiklarimiz-ve-bulacaklarimiz-227655-5"},{"id":226978,"title":"Biden'dan Ağıralioğlu'na nasihatler","contentType":"CORNER_POST","coverImage":"","coverCode":"","publicationDate":1608976620000,"tags":[],"intro":"","spot":"","body":"<p class=\"ql-align-justify\"><span style=\"color: rgb(74, 74, 74);\">İcazetli milliyetçi Yavuz Ağiroğlu Türkiye'yi AİHM kararını uygulamaya davet etmiş. Selahhatin Demirtaş'ın serbest bırakılmasını savunmuş. İYİ Parti'nin NATO'dan icazetli milliyetçiliği bu kadar oluyor. İyi Parti ve Yavuz Ağıralioğlu'nun iktidara geçmek için Amerika'dan aldıkları nasihatleri çok iyi uyguladıkları gözüküyor. Gelin o nasihati hep birlikte hatırlayalım:</span></p><h3 class=\"ql-align-justify\"><span style=\"color: rgb(74, 74, 74);\">Biden Nasihati</span></h3><p class=\"ql-align-justify\"><span style=\"color: rgb(74, 74, 74);\">“Ey oğul, artık Biden Gemisinde Tayfasın!</span></p><p class=\"ql-align-justify\"><span style=\"color: rgb(74, 74, 74);\">Bundan sonra öfke bana, uysallık sana.</span></p><p class=\"ql-align-justify\"><span style=\"color: rgb(74, 74, 74);\">Gücenme bize, Amerika'nin gönlünü almak sana.</span></p><p class=\"ql-align-justify\"><span style=\"color: rgb(74, 74, 74);\">Suçlamak bize, Avrupa'ya katlanmak sana.</span></p><p class=\"ql-align-justify\"><span style=\"color: rgb(74, 74, 74);\">Acizlik bize, ABD'yi hoş görmek sana.</span></p><p class=\"ql-align-justify\"><span style=\"color: rgb(74, 74, 74);\">AİHM'de Türkiye'ye hedef almak bize, adaleti düşünmek sana.</span></p><p class=\"ql-align-justify\"><span style=\"color: rgb(74, 74, 74);\">Haksızlık bize, bağışlamak sana.</span></p><p class=\"ql-align-justify\"><span style=\"color: rgb(74, 74, 74);\">Ey oğul, sabretmesini bil, vaktinden önce çiçek açmaz.</span></p><p class=\"ql-align-justify\"><span style=\"color: rgb(74, 74, 74);\">Şunu da unutma; NATO'yu, AİHM'i yaşat ki Amerika yaşasın.</span></p><p class=\"ql-align-justify\"><span style=\"color: rgb(74, 74, 74);\">Ey oğul, işin ağır, işin çetin, gücün Atlantik'e bağlı.</span></p><p class=\"ql-align-justify\"><span style=\"color: rgb(74, 74, 74);\">Büyük Amerika yardımcın olsun…</span></p><p class=\"ql-align-justify\"><span style=\"color: rgb(74, 74, 74);\">Güçlü değilsin , kuvvetli değilsin, akıllı değilsin, ama kelâmın Benim kelamım!</span></p><p class=\"ql-align-justify\"><span style=\"color: rgb(74, 74, 74);\">Korkma,  beni dinlersen sabah rüzgârında gemin savrulmaz, Atlantik rotasından bir adım şaşmazsın.</span></p><p class=\"ql-align-justify\"><span style=\"color: rgb(74, 74, 74);\">Gururun, namusun bir olup küçük hesaplarını bozmasın.</span></p><p class=\"ql-align-justify\"><span style=\"color: rgb(74, 74, 74);\">Daima sabırlı, sebatlı olmalısın ve iradeni bana teslim etmelisin! </span></p><p class=\"ql-align-justify\"><span style=\"color: rgb(74, 74, 74);\">Dünya,  o Kuvayı Milliyeci şakilerin söylediği gibi değildir. Dünya, senin dahi gördüğün gibi de değildir. Çin ekonomide bizi geçmemiştir, Rusya bize rakip olacak güçte değildir, İran çaresizdir. Asya'da bizi durdurabilecek güçte kimse yoktur. Bütün bilinmeyenler, fethedilmeyenler, görünmeyenler, ancak sen bana koşulsuz bağlanırsan gün ışığına çıkacaktır.</span></p><p class=\"ql-align-justify\"><span style=\"color: rgb(74, 74, 74);\">Ey oğul, ananı, atanı unut!</span></p><p class=\"ql-align-justify\"><span style=\"color: rgb(74, 74, 74);\">Başı dik ve bağımsız yaşama geleneklerini unut. Bereket AB ile, ABD'yle beraberdir.</span></p><p class=\"ql-align-justify\"><span style=\"color: rgb(74, 74, 74);\">İnancını kaybedersen, yeşilken çöllere dönersin.</span></p><p class=\"ql-align-justify\"><span style=\"color: rgb(74, 74, 74);\">Açık sözlü olma! HDP ile bir olduğunu gizle. Etrafından çıkacak vatanseverlerin sözünü üstüne alma!</span></p><p class=\"ql-align-justify\"><span style=\"color: rgb(74, 74, 74);\">Uygur İslam Partisi teröristleri, Türk askerine kurşun sıkacak. Gördüğünü görme! FETÖ ve PKK senin yanında yürüyecek Bildiğini bilme!</span></p><p class=\"ql-align-justify\"><span style=\"color: rgb(74, 74, 74);\">Onlar seni çok seviyor. Sevildiğin yere sık gidip gelme ki gizli olan açığa çıkmasın.</span></p><p class=\"ql-align-justify\"><span style=\"color: rgb(74, 74, 74);\">Ey oğul, üç kişiye acıma, </span></p><p class=\"ql-align-justify\"><span style=\"color: rgb(74, 74, 74);\">AB ve ABD'ye meydan okuyanlara, </span></p><p class=\"ql-align-justify\"><span style=\"color: rgb(74, 74, 74);\">Çin, Rusya ve İran ile dostluğu savunanlara, </span></p><p class=\"ql-align-justify\"><span style=\"color: rgb(74, 74, 74);\">PKK, FETÖ ve IŞİD'e karşı mücadele edenlere, </span></p><p class=\"ql-align-justify\"><span style=\"color: rgb(74, 74, 74);\">Ey oğul! &nbsp;Unutma ki biz de yol bitmez. Seçimle olmazsa, tertiple, sokakla ve kumpasla daha çok yolumuz var. Düşmanların ne kadar güçlenirse güçlensin emniyette değildir. Senin gibi nice yiğit bizim emelimizdedir ve emrimizdedir. Korkma!\"</span></p><p class=\"ql-align-justify\"><strong style=\"color: rgb(74, 74, 74);\">NOT:</strong><span style=\"color: rgb(74, 74, 74);\"> Şeyh Edebali’nin 700 yıl önce Osman Gazi’ye verdiği iddia edilen vasiyetten uyarlanmıştır. Şeyhleri de, padişahları da, imparatorluk rüyaları da ABD olduğu için çok yakışmıştır.</span></p>","outro":"","hideAds":false,"createdDate":1608976754589,"updatedDate":1608976754589,"hitCount":473,"active":true,"lastUpdaterIp":"172.68.238.148","hasEmbeddedTitle":false,"showOnHomePage":false,"currentUrl":"biden-dan-agiralioglu-na-nasihatler-226978"}]},"success":true}