{"data":{"totalCount":9,"author":{"id":291,"name":"Gözen Esmer","image":"2021/2/13/d1a7eb74-508a-40db-8279-5f091f8d092c.png","authorType":"WEBSITE","emailAddress":"gozenesmer15@gmail.com","twitter":"","facebook":"","background":"","active":true,"socialImage":"2021/2/13/5134c160-a797-47c0-ad16-52c850f13680.png","lastPublicationDate":1615564323312,"slugUrl":"gozen-esmer"},"contents":[{"id":236958,"title":"Galatasaray’ın parası yere atılmaz","contentType":"CORNER_POST","coverImage":"","coverCode":"","publicationDate":1615563960000,"tags":[],"intro":"","spot":"","body":"<p>Zorunlu bir yazıdır bu.Asırlık bir kulübün önce ufkunu sonra iradesini ve muhtemelen sonunda kalan bütün varlığını yitireceğinin ilanıdır.</p><p>Meşhur hikâyedir…</p><p>Büyük golcülerinden Roman Kosecki, Galatasaray’a transfer olur. O dönem Galatasaray’ın başkanı da Alp Yalman’dır.</p><p>Türk futbolu için şerefli yenilgilerin bitmeye başladığı ve tribünlerde Avrupa Avrupa duy sesimizi tezahüratlarının yükseldiği dönemdir.</p><p>Kosecki, aldığı parayı az bulup yere fırlattığı için kulüpten gönderilir. Alp Yalman, <strong>“Galatasaray’ın parası yere atılmaz” </strong>der. Bu tavrın kaynağı vefadır.</p><p>Her ne kadar yozlaşsa da Galatasaray’ın özelliğidir vefa. Baba Gündüz’ler, Metin Oktay’lar diye başlar…</p><p>O vefayı bilen Metin Oktay “Ben mi Galatasaray mı?” diye soran eşine <strong>“Galatasaray, o senden daha vefalı” </strong>diye cevap verir.</p><p><strong>Genç Türklerin devrimci ruhu ve ufku her zaman Galatasaray’da yaşar.</strong></p><p><strong>Dünden bugüne gelen o ruh ve ufuk Türk futbolunu Avrupa’yla yarışır hale getirmiştir. Bu yüzden yeni anlayışlar Galatasaray’la gelir.Avrupa kupalarına gidildiğinde sarı kırmızı forma sahada 12.adamdır.</strong></p><p><strong>Kulübü kuran Ali Sami Yen, “Maksadımız Türk olmayan takımları yenmektir” diyerek zaten Galatasaray’ın ufkunun genişliğini göstermiştir.</strong></p><p><strong>Galatasaray küçük çıkarlar uğruna bu hedeften vazgeçemez. Geçerse Galatasaray diye bir şey kalmaz.</strong></p><p>Özellikle son üç senedir Galatasaray’ın günlük sorunlarla boğuştuğunu, ve o ruhu kaybettiğini görüyoruz.</p><p>Son yaşanılan Belhanda ve zemin olayı ile Galatasaray’ın iradesini de kaybettiğini görüyoruz. Yıldız futbolcuları yönetemeyen, herkesle ve her şeyle çekişen, düşman yaratarak ayakta kalmaya çalışan bir kulüp…</p><p>Futbolda 50’den fazla oyuncu gidip gelmiş, Basketbol şuben kapanacak hale gelmiş, milyonlarca liralık borca girmiş bir Galatasaray…</p><p>Karşılığında ise lig şampiyonluğu ve Kadıköy’de maç kazanmak. Avrupa'da 1 golü bile zar zor atan bir takım.</p><p>Öte yandan Belhanda olayında gördüğümüz gibi Galatasaray vefasını da yitirmiş vaziyette. Haklı bir eleştiri yapan Belhanda’nın sözleşmesi feshediliyor. Fayda-zarar denkleminden bir an olsun vazgeçelim. Diğer sporcular bu saatten sonra kendilerini ne kadar kulübe ait hissedebilir?</p><p>Ya da Galatasaray Kadın Basketbolu’nun ve hatta Türk Kadın Basketbolu’nun efsanesi Işıl Alben’le sözleşme yapmazsanız, o vefa yalnız mazide hatırlanır.</p><p>Galatasaray Kulübü’nün bir ilkesi daha vardır o da<strong> “Fikri hür, irfanı hür, vicdânı hür”</strong> olmaktır.</p><p>Bu ilke Tevfik Fikret’in ve Genç Türklerin mirasıdır. Fatih Terim'in söylediği gibi, <strong>\"Her Firavun'un bir Musa'sı vardır\"</strong></p><p><strong>Düşünüyorum: Metin Oktay şimdi yaşasa o sözü söyler miydi acaba?</strong></p><p><strong>Şemsiyesinin altında kısa paslaşmalar…</strong></p><h3>KARNINDAN KONUŞAN KULÜP YÖNETİCİLERİ</h3><p>Diğer bir konu ise Türk futbolundaki yozlaşma.Aslında kulüplerin borç durumları her şeyi gösteriyor. Bu başarısızlıklarla da Bankalar Birliği’nden alınan kredilerin de batacağı görülüyor. Peki bu israf değil mi? Bu para geri ödenemediği takdirde ne olacak? Federasyon ve bankalar bu konuda hangi yaptırımları uygulayacak? Bunların belirsiz olduğu TFF’nin bütçe sınırlamasını bile doğru düzgün uygulayamamasıyla ispatlandı.</p><p>Milyonlarca dolar borcu olan kulüpler milyonlarca liralık transferler yapmaya devam etti. Hem de TFF'nin koyduğu sınırları delerek.</p><p>Galatasaray Başkanı Mustafa Cengiz ve İkinci Başkan Abdürrahim Albayrak “<strong>Adalet istiyoruz” </strong>diyor. Albayrak daha önceden de <strong>“zamanı geldiğinde çok şey paylaşacağım”</strong> demişti. Fakat hiçbir girişimde bulunmadı. Belki istediği çoktan sağlanacak ya da en azından bir adım atılacaktı.</p><p>Spor yorumcusu Rıdvan Dilmen ise Türk futbolunda temizlik için çok basit bir şey önerdi:Herkes bildiği ne varsa savcılığa anlatsın ve hatta kendisini de ihbar etsin. Albayrak adalet istiyorsa bunu yapmalı işte. Ya da Fenerbahçe Başkanı Ali Koç futbolda hala FETÖ var demek yerine savcılığa gitmeli. Böylelikle Türk yargısı bu iddianın üzerine gitsin. Zaten futbolda şike kumpası davasıyla da gitmektedir.</p><p>Sonuç: Herkesin karnından konuştuğu, TFF’nin ne yazık ki otorite olamadığı bu kaotik ortamda başarı zor değil imkânsız. Belki de Federasyon'un kamu özerk konumu değiştirilerek, kamu kurumu olma vakti gelmiştir.</p>","outro":"","hideAds":false,"createdDate":1615564323314,"updatedDate":1615570303436,"hitCount":321,"active":true,"lastUpdaterIp":"141.101.76.50","hasEmbeddedTitle":false,"showOnHomePage":false,"currentUrl":"galatasaray-in-parasi-yere-atilmaz-236958-1"},{"id":236736,"title":"Muhsin Bey, Zeki Müren, altın kolyeli İbo ve Ajda","contentType":"CORNER_POST","coverImage":"","coverCode":"","publicationDate":1615417200000,"tags":[],"intro":"","spot":"","body":"<p>Yıllardan 1987’dir ve Şener Şen’in ilk dram filmi Muhsin Bey çekilmiştir. </p><p>12 Eylül’le diz çöktürülen Türkiye, Evren-Özallı yıllarla küresel radyoaktif ışınlara daha çok maruz kalmaktadır. Yine de Özal kuşağının ikinci neslinden olan uzun etekli sarışın abla Tansu Çiller’in “Son sosyalist ülkeyi yıktık” demesine, malum “Jet Ski” mevzularına daha vardır.</p><p>Yıl 1987’dir ve 2 sene sonra Cemal Süreya Turgut Özal’a birlikte intihar etme çağrısı yapacaktır. Anavatan sözcüğünün sömürgecilik kökenini yazmadan edemeyecektir elbette.</p><p>Peki Yavuz Turgul’un gözünden izlediğimiz Muhsin Bey kimdir?</p><p>Eski İstanbulludur bir kere.Sanıyoruz gençliği iki dirhem bir çekirdek Beyoğlu’dur. Gazinolar yine vardır elbette. </p><p>Züğürt Ağa henüz Çiçek Pasajı’nda çiğ köfte satmıyordur. İstiklal Caddesi “Kebap” kokmuyordur. Bizce ziyanı yok eğer isteyen herkes kebap yiyebilecekse.</p><p>Muhsin Bey….</p><p>Bencilliğin, nezaketi kenara itmesidir. En çok Müzeyyen Senar’dır. Zaten filmin girişi onun rüyasıdır ya. &nbsp;</p><p>O meşhur hayal sahnesi vardır bir de izleyenler hatırlayacaktır. Orada iki Türkiye vardır işte. Biri eski Türkiye’dir, diğeri Arabesk Türkiye.</p><p>Birinde Üsküdar’dan Kız Kulesi’ni ev almak hayali vardır. Tespih yapılır, fasıl geçilir. </p><p>Diğerinde kebapçı dükkânı, İbrahim’in altın kolyesi gibi bir kolye ve son model araba vardır.</p><p>Birinde bir sürü “karı” vardır, diğerinde küçük bir gülümsemeyle düşlenen Sevda Hanım.</p><p>Yavuz Turgul, uğradığımız kültürel yıkımı böyle vurmaktadır yüzümüze:</p><p>Muhsin Bey bitmiş bir devrin yankısıdır, o kadar. </p><p>Fakat o sesten yeni üç tane ses doğmuştur artık: Altın kolyeli İbo ve Zeki Müren ve Ajda. </p><p>Türkiye’nin diz çöktürülmesi öyle kolay değildi. Bu işin “balyozla” görülemeyeceği anlaşıldı. “Küçük Amerika” süreci illüzyona mecburdu. </p><p>Görkemli kostümler, büyük orktestralar, gazinolar, gösterişler, şaşalar, Cear’lar, Dallas’lar, Papatyalar…. Bizim çocuklar…. </p><p>İşini bilen memur, keriz olmayan patron, uyanık işçi, anasının gözü köylü ve sonunda geldik “muz cumhuriyeti”</p><p>İnsanlara durmadan aşılanan ”bak sen de zengin olabilirsin fikirleri..”</p><p>İnsanlara durmadan aşılanan “umutsuzluk” ve gecekonduları için tapu vaatleri</p><p>Bankerler, yeşil sermayeler, doların Merkez Bankası’nın elinden “kurtarılması”</p><p>Satılmayıp beslenen Kamu İktisadi Teşekkülleri’nden arınarak “pamuklaşma”</p><p>Bunların hiçbiri birden benimsenemezdi. Çünkü Türk milleti de çıplak elleriyle kazandığı cumhuriyetini öyle huzurla mezara gömemezdi. </p><p>Öte yandan bu illüzyon halktan birine de ihtiyaç duyuyordu.Bu da “Urfa’da Harvard bulamadığı için okuyamayan” İbrahim oldu. Orhanlar,Ferdiler vardı ama İbo koşarak yetişti onlara. </p><p>Orta sınıfa ve gençlere de bir süper star gerekti elbette.Ajda Pekkan, Fransız pop müziğinden “aranje” ettiği parçalarla ve performansıyla tüm Türkiye’yi büyüledi.</p><p>Bu nedir; acımasız bir girdaptır.Ailecek gidilen tiyatrolar, sinemalar,matineler yerini pavyonlara, genelevlere bırakır. </p><p>Bu nedir;Münir Nurettin, Hafız Burhan, Müzeyyen Senar günlerinden gazinolar imparatorluğuna geri dönüştür. Fabrika kızı Safiye’nin ve Niyazi’nin düştüğüdür.</p><p>Kızılay Bahçesi’nden, Atatürk Orman Çiftliği’nden, betonlara gökdelenlere giden mavi otobüse binmektir.</p><p>Fahrettin Aslan’la başlar, Zeki Müren’le yükselir, Kozlu’da duvara toslar, 15 Temmuz’da devrilir…</p><p>“Paşa”nın sırmalarında “Dallas” güneşi…</p>","outro":"","hideAds":false,"createdDate":1615421478533,"updatedDate":1615421478533,"hitCount":348,"active":true,"lastUpdaterIp":"141.101.104.105","hasEmbeddedTitle":false,"showOnHomePage":false,"currentUrl":"muhsin-bey-zeki-muren-altin-kolyeli-ibo-ve-ajda-236736"},{"id":236115,"title":"Şairler de savaşır","contentType":"CORNER_POST","coverImage":"","coverCode":"","publicationDate":1615071600000,"tags":[],"intro":"","spot":"","body":"<p>Şiirin büyüden geldiğini, ilkel çağlarda kader birliğini güçlendirmeye yaradığını biliyoruz.</p><p>İlk kutsal kitapların edebi ve şiirsel dili büyünün köklerini yakalamamızı sağlıyor.Öyle ki İncil bugün Batı edebiyatının ve hatta sinemasının temelini oluşturuyor.Biçimden öze indiğimizde Kenan çobanlarının masallarını buluyoruz hemen. Büyücülük ise şiire yıkma ve yapma gücü veriyor.Bu yapma ve yıkma gücüne eski çağlarda “ilham” deniyor. Şimdi ise “imgelem” yani hayal gücü diyoruz.</p><p>Bir de “devinim” var tabi. Cemal Süreya’nın “<strong>şimdiki insanlar kafayla deviniyor”</strong> deyişindeki devinim. Buna da bilincin hareketi diyebiliriz. Bilincin hareketi demek de aslında toplumun hareketi demek oluyor.</p><p>Dahası zamanın çizgisel olmadığını da kabulleniyoruz. Dijitalleşmeyle beraber soyut mekânlar icat etmeyi de başardık.</p><p>Bütün bu gelişmeleri kötülük ve iyilik olarak tanımlamıyoruz elbette.Hayatın başka bir evresine geldiğimizi anlatmak istiyoruz.Öyleyse biraz da insan denilen kahramanın yolculuğuna bir bakalım.</p><p>Önce yolcu, sonra hekim, sonra peygamber/kâhin/şair (bu yüzden şiir yasaklanmıştır), ve şimdi mühendis.Bugün şiirin yıkma ve yapma gücü mühendislerin elinde.Üretim aşamalarından, yazılım, kodlamaya, şehir tasarımlarına, evlerin yapılmasına kadar.</p><p>Ancak mühendislerin nasıl ufuksuzluğa itildiğini, <strong>“işlevsellik” </strong>uğruna çirkinliğe mahkûm edildiğini görüyoruz. Görmekten çok bu çirkinliğin sonuçlarını yaşıyoruz.</p><p>Öte yandan şiir elindeki gücü henüz yitirmedi.Bütün çabalara karşın dil işlevsellik çuvalına sığmadı çünkü.Fakat şiir böylesi yıkımın ve değişimin sonucunda üstün konumunu yitirdi. Daha açık söylemek gerekirse,şair, şiir ve dil uğruna ve bunları yaratan kültürünün uğruna cephe hattında savaşmak zorunda.Tepegöz’ü ya da Capitol’ü artık dolaylı anlatımla yenemezsiniz.</p><p>Çünkü onlar da çıplak yumrukla geliyor üzerimize.Kurşunlarını şekere bulamaya bile gerek görmüyorlar.En sıradan bilgisayar oyunundan, büyük maliyetli, geniş yapımlı dizi ve filmlerine kadar her yerde, neoliberal bayrağı dalgalandırıyorlar.</p><p>Engels'in \"Önce siz ateş edin Mösyö burjuvazi\" sözü geliyor aklıma.</p><p><strong>Önce siz ateş edin Mösyö Amerika!</strong></p><h3><strong>NEMZETİ DAL YA DA AYAĞA KALK </strong></h3><p><strong>“Büyük şair, inanmış adam”</strong> Âkif bunu yaptı işte.Şair değil diyen bir “Büyük Doğulu” bile çıktı sonra. Âkif’in <strong>“Korkma”</strong> diyen sesiyse bütün mazlum milletlerin kalbine işledi. Ezelden beri hür yaşamanın parolasıdır bu tek sözcük: Korkma. Korkmayınca sana dayatılan emperyalist kültüre boyun eğmezsin çünkü. O ne der, bunu dersem şiirim şu dergide çıkar mı diye de düşünmezsin. Futbolcu Alpay'ın İstiklal Marşı'nı okuduğu gibi Türk edebiyatı dersin böylelikle. Ağlamadan, eğilmeden ve dilin ayaklarına dolaşmadan. Savaşan şiir de böyledir. Edebiyatı ve onun atası şiiri oyun olarak belleyenler elbette küçümseyeceklerdir. Ve elbette <strong>\"seçkin\"</strong>, <strong>\"azınlık\"</strong> sofralarında yılgınlık yemeye devam edeceklerdir.</p><p>Rus devrimci şair Mayakovski <strong>“Dualardan daha etkilidir damarlar, kaslar” </strong>diyor. Nâzım Hikmet o etkili damarlara ve kaslara güvenerek putları yıkma cesaretini göstermişti.</p><p>Goethe bu yüzden <strong>“önce eylem vardı”</strong> demiştir Faust’unda.</p><p>Anarşist ruhlu Rimbaud Paris Komünü’ne katılıyor keza. Bakmayın siz onun <strong>“şairler yalancıdır” </strong>demesine. O şiirin yasaklı olduğu yıllardan beri söyleniyor. Fuzuli’nin ince alayları işte.</p><p>Unutmadan, büyük şairimiz Fuzulî de vaktiyle şikâyetçi olmuştur bozuk düzenden.</p><p>Keza bir diğer şairmiz Nabi şöyle demiştir devlet adamlarına: <strong>“Bir hadeng-i cân-güdâz-ı âhdır sermâyesi</strong></p><p><strong>Biz bu meydânın nice çâbük-süvârın görmüşüz”</strong> yani</p><p><strong>“O garipler ki, bütün sermâyeleri can yakıcı bir âh silâhından ibarettir ama, onu şöyle bir attıkları zaman, nice hızlı süvarilerin vurulup yere serildiklerini gördük.”</strong> diyerek kini dile getirmiştir.</p><p>Vatan ve hürriyet şairi Namık Kemal ise Kuvayi Milliye’nin kadın ve erkek kahramanlarını yaratmıştır. İslâm Bey ve Zekiye Hanım. Var mıdır dahası, 19.yüzyıl sonunda Osmanlı’da bir kadın vatan savunmasına katılıyor.</p><p>Türk hikâyeciliğinin kurucularından Ömer Seyfettin Balkan Savaşı'nda esir düşüyor mesela. <strong>\"Yarım okka ekmek otuz kuruşa satılırken kim edebiyatla uğraşabilir? Ama ben uğraştım…\" </strong>diyerek de anlatıyor içinde yaşadığı toplumu ve yazma ısrarını..</p><p>Ateşten gömleği giyen Halide Hanım'ı ve Yakup Kadri Bey'i zaten savaşanların listesine yazıyoruz. Keza Yahya Kemal Beyefendi'yi de Yakup Kadri'nin yanında görüyoruz.</p><p>En insancıl, karıncayı incitemez,belki de ömründe kavga etmemiş Metin Altıok Sivas katliamında eline fırça alabiliyor yalnızca.</p><p>Ancak o şair <strong>“bil ki gülün âhı hançerin sapı var”</strong> diyerek insanlık anıtının altına kallavi bir imza atmıştır.</p><p>Peki Brecht şöyle sormamış mıydı pergelini Kafkas tebeşir dairesinin merkezine koyduğunda: “<strong>Nasıl yendiydi Galyalılar’ı Sezar?E bir aşçı olsun yok muydu yanında?”</strong></p><p>Brecht insanlık adına sormuştu bu soruyu elbette ve savaşa düşünceyi katmıştı.</p><p>Cemal Süreya folklorü yıktı mı yıkamadı bilinmez ama 555K parolasıyla kurtarılması gereken bir <strong>“geyikli gece”</strong>yi işaret etmişti.</p><p>Nemzeti Dal; Macarların milli devrim marşı. Nemzeti Dal’ı yazan Macar milli şairi Sandor Petöfi ise “imgelem”i bırakıp 1848 devrimine katılmış ve ülkesi uğruna can vermiştir. Attilâ İlhan Hürriyet ve İstiklal Şiirinde <strong>“Budapeşte radyosu susmuş/Fabrikaların isli duvarlarında Petöfi’nin mısraları sımsıcak”</strong> diye bahsediyor ondan. Petöfi belki savaşanlar arasında bayrağı tutanlardandır. Bir şiirinde şöyle sormuştur:</p><p><strong>\"</strong><strong style=\"color: rgb(20, 24, 35);\">Yatakta, başım yumuşak yastıkta mı ölmeli?</strong></p><p><strong style=\"color: rgb(20, 24, 35);\">Yoksa bir karanfil gibi mi solmalı yavaşça,</strong></p><p><strong style=\"color: rgb(20, 24, 35);\">gizli bir kurdun içten içe kemirdiği?\"</strong></p><p>Şiirin devamında bu sorduğu soruyu da şöyle yanıtlar:</p><p><strong style=\"color: rgb(20, 24, 35);\">\"ve başlayınca saldırılar zorbalığa karşı,</strong></p><p><strong style=\"color: rgb(20, 24, 35);\">isterim ölmek en ön sıralarda,</strong></p><p><strong style=\"color: rgb(20, 24, 35);\">isterim sulasın yüreğim o şeref tarlasını</strong></p><p><strong style=\"color: rgb(20, 24, 35);\">gençliğimin fışkıran al kanatlarıyla.\"</strong></p><p><br></p><p>Nemzeti dal ya da Korkma,</p><p>Artık şairler de savaşacak!</p>","outro":"","hideAds":false,"createdDate":1615046513081,"updatedDate":1615163805698,"hitCount":342,"active":true,"lastUpdaterIp":"172.69.54.85","hasEmbeddedTitle":false,"showOnHomePage":false,"currentUrl":"sairler-de-savasir-236115-6"},{"id":235031,"title":"Geyikli Gece’yi kim kurtaracak?","contentType":"CORNER_POST","coverImage":"","coverCode":"","publicationDate":1614380400000,"tags":[],"intro":"","spot":"","body":"<p><strong><em>“Halbuki korkulacak hiçbir şey yoktu ortalıkta</em></strong></p><p><strong><em>Her şey naylondandı o kadar”</em></strong></p><p>Adına <strong>“post truth”,</strong> <strong>“hakikat ötesi” </strong>ya da <strong>“sahte gerçeklik”</strong> dedikleri çağımızdaki ideolojik hegomonyaya yakışacak en iyi sıfatlardan birisi belki de naylon sözcüğüdür.</p><p>Şiirin devamında geyikli geceyi bulduktan sonra korkulacak bir şeyin olmadığını da söylüyor Turgut Uyar. Çünkü O, yalnızca <strong>“göğe bakmıyordu”;</strong> <strong>“görüyordu beş on bin birden”</strong> yerin altını da.</p><p>Çağın böyle oluşu ya da bu çağda tez, anti tez, sentezin yerine saygıyla anılması zorunlu olan bilinçsiz duyarlılıkların ve modern kutsalların el üstünde tutulması bir tür beyin humması yaşatıyor insana.</p><p>Gelecek kipinde yaşayan Tahsin Yücel bu yüzden “Peygamberin Son Beş Günü”nde soruyor:</p><p><strong>“Bu ne biçim memleket bunlar ne biçim insanlar? </strong></p><p><strong>Her şey tersine mi dönüyor? </strong></p><p><strong>Tarih geriye doğru mu ilerliyor?”</strong></p><p>Yüzeyselleşme ve çarpıklaşma çağında bu sorular daha da önemli hale geliyor. Çünkü Peygamber’in serzenişle söyledikleri bir çözümü de işaret ediyor.</p><p>Tahsin Yücel, sonradan “Peygamber” lakabını alan ve uzlaşmaz bir Marksçı olan Rahmi Sönmez’in merkezinden bir Türkiye çiziyor. Elbette manzaralarla yetinmiyor ve Türkiye’nin “<strong>Küçük Amerika“ </strong>sürecini anlatırken <strong>“sol ideallerle” </strong>ve kopuşlarla da yüzleşiyor.</p><p><strong>“Gerçek proleter olmak herkesin harcı değil”</strong> sözü tam da bu idealizmi yıkmak üzere romanda yer alıyor.</p><p>Bunu birkaç noktadan yapıyor Tahsin Yücel. İlkin devrimci olabilme ölçütleriyle başlıyor.</p><p>40 kuşağında 141 ve 142.maddeden hapis yatmak olan bu <strong>“ölçüt”</strong> 1970’lerde çok adam öldürerek kendini kanıtlamaya dönüşüyor. Rahmi Sönmez bütün arkadaşlarının hapis yatmasına karşın tutuklanmıyor, soruşturulmuyor. Hatta bu dönemde tahta bavulunu hazırlıyor şair ve tutuklanmamış olmanın hüznüyle yaşıyor.</p><p>Romandaki şu konuşma tam da bu dönemi ifade ediyor aslında. “<strong>Onlar hep kendilerine yapılanlarla büyüdüler, oysa sen kendi yaptıklarınla büyüksün, büyükbaba”</strong></p><p>İkinci dönemde ise yani silahlı devrimin <strong>“ölçüt”</strong> olduğu dönemde, Rahmi Sönmez anarşi ve yıldırı eylemlerini, devrim öncesi yıkılış süreci olarak yorumluyor. Çifte tabancası ve Nâzım Hikmet’in “Memleketimden İnsan Manzaraları” kitabıyla Kurtalan Ekspresi’ne biniyor. Hedef kırlardan İstanbul’a yani Üsküdar’a yürümek.</p><h3>&nbsp;“O YAMAN DEVRİMCİLER EN GÜZEL ARABALAR BİNİP GİTTİLER”</h3><p>Akla <strong>“Peki neden Beyoğlu değil?”</strong> sorusu da gelmiyor değil. Demek ki yazar şekilciliğini ve idealistliğini eleştirdiği Rahmi Sönmez’i yine de bir yere koyuyor. Batı’ya değil Anadolu’ya.Çünkü bütün tutuculuğuna karşın Rahmi Sönmez devrimcilikle anarşist ve yıldırıcı eylemleri birbirinden ayırmaya çalışıyor. Burada devrimci ozanın ileri yönleri kendisini gösteriyor.</p><p>Yine de ozan başarısız silahlanma girişimiyle bu çabayı boşa çıkarıyor. Silahlı devrim fikrine kuşak meselesi olduğunu düşünerek yani kendi babasından ileri doğmamış torunundan geri bir sıra neferi olarak meylediyor. Rahmi Sönmez silahlı devrim fikrinin felsefesini şöyle açıklıyor: <strong>“lümpenliğe lümpenlikle, bilgisizliğe bilgisizlikle karşı koymak..”</strong></p><p>Fakat hayat yine onu yanlışlıyor. Rahmi Sönmez, <strong>“silahlı devrim”</strong> için kitaplarını sattıktan sonra bindiği Kurtalan Ekspresi’nde bambaşka bir manzara görüyor. Hiçbir şeyin Nâzım’ın dizelerinde olduğu gibi kalmadığını anlıyor aslında. Pendik katarı, Haydarpaşa sonra <strong>“kenterleşmiş proleterya</strong>”….</p><p>Takkeli adamlar, pişmaniyeciler, Ford marka arabalardan, arsadan, ihaleden söz eden insanlar…</p><p>Sonra bir dönemin filozofu Matrakçı Maruf’un en önde gelen bar işletmecilerinden biri olması…</p><p>Sonra Marlboro sigaraları, kovboy filmleri….</p><p>Peygamber neden kovboyları desteklediğini düşünüyor bir an.</p><p>Tren gıcırtıları Mehmetçik Mehmet hecelerine uymuyor sonra, bunu düşünüyor şair.</p><p>Ve bir yandan “<strong>silahlı mücadele” </strong>fikrininin daha doğrusu yakın arkadaşı Fehmi Gülmez’in deyimiyle “ayak takımının ayaktakımını öldürmesine” karşı çıkıyor.</p><p>Kendi iz düşümü olan Nâzım’ın hayaline şunu söylüyor Peygamber<strong>:”Evet bu Marksçı devrim olmaktan çıkıyor, anarşi ve yıldırı oluyor. Oysa tarih ilerliyorsa, bunun böyle olmaması gerekir.”</strong></p><p>Romanda dönekliğin kısa tarihini de görüyoruz. Bütün her şeyden sonra o <strong>“güzel insanlar”</strong> yeni efendilerine kapılanıyorlar:</p><p><strong>“Dergilerden, kitaplardan, söylevlerden, gazetelerden bildiğimiz bütün o devrimciler neredeler?</strong></p><p><strong>-Kestirmeden söyleyeyim sana;o yaman devrimciler, o mangalda kül bırakmayan kuramcılar en güzel arabalara binip gittiler</strong></p><p><strong>-Rahmi, oğlum arabaları nereden çıkardın şimdi? Ne demek istiyorsun?</strong></p><p><strong>-Çokları yeni efendilere bağlandı, bağlanmayanları da öldü ya da içerde”</strong></p><p>Nâzım’ın hayaliyle yaptığı konuşmada bahsettiğimiz anlayışın ütopyasının <strong>\"Küçük Amerika\" </strong>olduğunu gösteriyor bize Rahmi Sönmez:</p><p><strong>“Bu gördüğün yer başlangıç noktası, ileride beton villaları ve yetmiş yedi kat iş hanlarıyla küçük Amerika var.Küçük Amerika da, biliyorsun bizim en büyük düşümüz.Diyeceğim burası yeryüzü cennetinin yalnızca küçük bir köşesi, büyükbaba.”</strong></p>","outro":"","hideAds":false,"createdDate":1614360029013,"updatedDate":1614362462528,"hitCount":206,"active":true,"lastUpdaterIp":"141.101.105.24","hasEmbeddedTitle":false,"showOnHomePage":false,"currentUrl":"geyikli-gece-yi-kim-kurtaracak-235031"},{"id":233649,"title":"Nizar Kabbani, coğrafya ve kader","contentType":"CORNER_POST","coverImage":"","coverCode":"","publicationDate":1613602800000,"tags":[],"intro":"","spot":"","body":"<p><strong>“Sorumludur gözlerin, sultanım</strong></p><p><strong>Arzın dönmesinden</strong></p><p><strong>Ve istikbalinden milletlerin”</strong></p><p>Nizar Kabbani bize şiirin pasaportunu gösteriyor. O pasaportun soğuk damgasıdır sorumluluk. </p><p>İşin aslına bakacak olursak burnumuzun dibini görmüyoruz. Sözlü kültürün her zaman ağır bastığı bir iklimde, yani <strong>“şiir tebeşir dairesinde”</strong> yaşamamıza rağmen Kenan çobanlarının sesini duymuyoruz. Nedenleri üzerine binlerce matematik denklemi kurulur, formüller yazılır, görelilik kuralı yıkılır. Eğer bir nedene bağlamak gerekiyorsa <strong>“Coğrafya kaderdir”</strong> sözünün üzerimize sinmiş olmasından ya da <strong>“kader”</strong>e boyun eğmeyişimizden diyebiliriz. İki türlü düşünebiliriz bunu, gözümüz kulağımız Batı’da. Hem hesaplaşmak için hem de <strong>“Biz öyle değiliz, develere binmeyiz” </strong>demek için.</p><p>Güney sınır hattımıza çekilmiş soyut duvarlar, Arap ve Lübnan coğrafyasını bir dekor, Akdeniz haritasında görünen uzak bir nokta yapıyor o kadar. Öyle olunca intifada alkışlanacak bir rüzgâr olarak kalıyor.</p><p>Eğer Filistin davası olmasa bilmeyecektik belki Nizar Kabbani’yi.</p><p>Kimilerine göre bir âşk şairidir, kimileri der ki toplumcu gerçekçi – ne oluyorsa o-, bunun sebebi kendisinin diplomatlığından gelir ve felsefeye, siyasete, iç savaşa duyarsız kalamayışından. Beyrut’un, Lübnan’ın çiğnenmesinden canı yanmıştır.</p><h3>BEYRUT KİMDİR?</h3><p>Beyrut her dönemin merkezlerinden biri. Üç gün savaşı, 70’ler, 90’lar ve bugün.</p><p>Dünyadaki bütün saflaşmaların tavında dövüldüğü yer…</p><p>Bir dönem Fenikelilerin kıyılarından atlayıp Kıbrıs’a kadar yüzme yarışı yaptığı söylenir.</p><p>El-Hamra Caddesi’nin arzın merkezi olduğu rivayet edilir.</p><p>Arap şiirinin kadın imgesidir belki. Gençliği Fenikelileri beklemekle geçmiştir.</p><p>Bu yüzden şair bütün Lübnan biletlerinin arkasına<strong> “Ben Beyrut, Ben Beyrut. Yüzüklerini, bileziklerini, gerdanlıklarını suda yitiren su kraliçesi...”</strong> yazar. Ve ansızın bir kâhin gibi belirip ekler:</p><p><strong>“Yıldızlar, güneşler,göktaşları, devrimcilerin gözleri, peygamberlerin sözleri, hepsi bir ateşin cevherinden yapılmış değil midir?”</strong></p><p>O yüzdendir ki Beyrut’un bütün Akdeniz akşamlarında hiç bitmeyen <strong>“kinimizi taşa yazan”</strong> devrimcilerin gözleri parlar.</p><h3>PETROLSÜLEŞEN DEVİR </h3><p>Kabbani Beyrut’un tarihini iki ayrı zamana ayırıyor: Petrolden önce ve petrolden sonra:</p><p>“<strong>Deniz öyküleriyle, deniz kulüpçülükleriyle kafamı ütülediler.Öyle ki, Akdeniz'den geçen her balık kendini aile bireylerinden sayar oldu. Karaya çıkan her kumral denizciyi nişanlım saydım.</strong></p><p><strong>Çöle gelince kumamdı o benim.Ürünleri de hurma, Arap yağı, koyun yünü, acı kahve, çakıl taşları boyunca yürüyen uzun uzun şiirler...</strong></p><p><strong>Bu, petrolden önceydi. Petrolden sonraysa, duygularım petrolsüleşti, yaklaşımlarım çölsüleşti. Son hatıra fotoğrafımda kefiyem ve agelim bile var.”</strong></p><h3>İÇ SAVAŞ ANCAK OTELLER SEMTİNDE FELAKETE DÖNÜŞEBİLİR</h3><p>Kabbani Lübnan İç Savaşı’nı anlatırken bir gerçeği daha vuruyor yüzümüze. Emperyalistler tarafından çıkartılan bir iç savaşın ancak kendilerini yaktığında endişe duyulacak bir sorun olması. Lübnan İç Savaşı, yabancıların kaldığı Oteller semtine gelince “felaket”e dönüşebilmiş.</p><p><strong>“Lübnan iç savaşının üzerinden altı ay geçti, binlerce ölü ve yaralı düştü burada. Savaş nedeniyle Beyrut kentinin yarısı yandı ama bu Batı medyasına göre bir felâket oluşturmadı. En büyük felâket savaşın \"Oteller Semti\"ne yahut ecnebilerin \"Yurduna\" ulaşması oldu.”</strong></p><p>Coğrafya kaderdir safsatasından daha gerçektir bu.Öyle bun, ya da buhran değildir. Kıyametler koparır, ağıtlar yaktırır.Fakat bu sfenks’in bilmecesi çözülmektedir ve çözüldükçe daha çok acı vermektedir.</p><p><img src=\"raw/2021/2/18/1c72b771-b335-41bd-982c-c17667bd8d44.jpeg\"></p><h3>FEYRUZ'UN SESİNİN FEYRUZ'A KARŞIT OLDUĞU DEVİR </h3><p>Beyrut’u bir kadına, sevgilisine, Belkıs'a benzetiyor Kabbani. Aslında herkesi Beyrut’tan sorumlu tutuyor, fakat en çok Hz.Ömer’i. Yaser Arafat’ın düşlerini yıktıkları için kızıyor Arap toplumuna; İsrail’le, emperyalizmle mücadele etmek yerine birbirlerine düştükleri için...</p><p>&nbsp;<strong>“Feyruz'un sesinin Feyruz'a karşıt olduğu devir”</strong> diyor şair. Bir not düşelim Feyruz o meşhur \"Le Beyrut’\"u söyleyen sanatçıdır. Ve iç savaşta ülkesi adına üzülüp çekip gitmemiştir Avrupa’ya. </p><p>&nbsp;Akdeniz’e dökülen kanlara gözyaşlarını katarken soruyor:</p><p><strong>“Ateş suyuyla yakılmadan, bıçaklarla kazınmadan önceki eski yüzümü tanıyor musunuz?”</strong></p>","outro":"","hideAds":false,"createdDate":1613612456032,"updatedDate":1613612456032,"hitCount":215,"active":true,"lastUpdaterIp":"141.101.105.14","hasEmbeddedTitle":false,"showOnHomePage":false,"currentUrl":"nizar-kabbani-cografya-ve-kader-233649"},{"id":232973,"title":"Savulun kar geliyor","contentType":"CORNER_POST","coverImage":"","coverCode":"","publicationDate":1613257200000,"tags":[],"intro":"","spot":"","body":"<p>“<strong>Meteorolojinin kar haberini vermesinin ardından, ülkemizde romantizm akımında artış görüldü. Kar sevinci bütün ülkeyi sardı.”</strong></p><p>Kar deyince akla ilkokul sınıflarındaki o meşhur mevsim tablosu gelir. Şişko bir kardan adam. Şimdi <strong>“kardan yapılmış özgür birey”</strong> diye tarif ediliyor kimilerince.</p><p><img src=\"https://cdn.aydinlik.com.tr/file/aydinlik-bucket/raw/2021/2/14/a4f44ae3-7aa5-4c79-814c-d6d2522233be.jpeg\">Kışın varlığı biraz o tabloyla biçimlenir. Sonra ilk haber gelir Erzurum-Erzincan yolundan: Refahiye yolu kapandı. Anlaşılır ki <strong>“rahmet yolları kesecek”</strong></p><p>Sonra Bolu dağında mahsur kalan araçlar ve onları traktörleriyle saatliği 100 tl’ye (şimdilerde daha fazladır) çekmek için bekleyen köylüler…</p><p>İstanbul’da yürürken düşenleri görürüz beyaz camda sonra.</p><p>Sonra <strong>“karlı bir gecede dostu uyandırmak”</strong> daha kolaydı. Teklifsizlik, zor değildi öyle.</p><p>Nostaljiden bunlar kalıyor aklımda. Daha eskiye gidince, -yani bizim kuşağın yaşamadıklarına- Cemse kamyonlar, arkası yarınlar, ninelerin anlattığı masallar var. Tilki ve Karga masalı dışında bir masal anlatılmadı bana. Şanssızlık!</p><p>Bir de şu klişe var tabi:</p><p><strong>“Kardan adamın burnuna havuç takan insanlardık biz; çay içer kederlenir, kestane pişince sevinirdik Sobanın üzerindeki mandalina kabuklarında yaşardık bir vakit.”</strong></p><p>Ya da şimdilerde şu:</p><p><strong>“Şimdi ormanda bir kulübede olsak seninle, ne telefon, ne twitter; bir Netflix bir de sen.”</strong></p><p>Kar demişken, Kars’ı ve Pamuk’u unutmamak gerekir. Çünkü Pamuk “Elhan-ı Şita”nın günümüz Türkçesi’dir artık. Generalimizin Nobelli kitabında “<strong>Şeyh’im beni Kars’a ışınla”</strong> gibisinden konuşuyordu. Nasıl konuşmasın, Kars’ta jilet gibi yüz dolarları çıkartmanın yolu kıldan ince, kılıçtan keskindir elbet. Ne ilginçtir yaklaşık bir yüzyıl sonra Pamuk, Kuvayi Milliyecilerle uğraşmaya devam ediyor. Demek yüzyıl boyunca yağan kar, Kurtuluş Savaşı’nın onlarda bıraktığı acının üzerini örtememiş.</p><p>İlginç bir tesadüftür: Cenap Şahabettin’in işgalcileri savunması, <strong>“büyük şair” </strong>olmasıyla örtülür. Pamuk için de öyle diyorlar ya. Dünyanın en büyük romancılarından biri ama Türkçe bilmiyor. Olsun canım, kıyamet mi kopar!</p><p>Gelelim kar soğuğunu yüzümüze bir tokat gibi indiren gerçeklere:</p><p> Bilmem gördünüz mü, evsiz bir vatandaşımız, yorganını paylaşmış kediyle. Ne ilginçtir, haberi yapan gazete bunu iç ısıtan görüntüler diye vermiş. Oysa utanç verici olmalıydı, konut fazlası olan ülkemizde evsiz vatandaşlarımızın olması. Neyse ki İstanbul Valiliği yurttaşlarımızı yerleştirmiş otele. Göz kapaklarımızı kapatabilir, kalbimizin zembereğini kurabiliriz eski ritmine.</p><p>Kar kış,kıyamet… Neden bu üç sözcük yan yana gelir ve tamamlar birbirini. Bir de kara kış vardır, insanın ayaklarına kara sular indiren, kara kış.</p><p><strong>&nbsp;“Tabutta rövaşata”</strong> gelir aklıma.Uyuşturucu övgüsü var denir, karamsarlık var denir. Haksız değildir belki bu eleştiriler peki ya evsizlik yok mu?</p><p>Sonra Vedat Türkali’nin şiirinde geçen Tophane’nin karanlık sokakları, sonra sabahçı kahveleri, çorbacılar yok mu?</p><p>Hakkâri’de yalnızca bir mevsim mi kış?</p><p>Liste kabarık ve dahası…</p><p>İnsanın dünya âleminden bir kenara atılmışlığı mesela…</p><p>Ya da insanın soysuzlaşması…</p><p>Kar bütün günahları örtüyor mu?</p><p>“<strong>Sen ey kendiyle yetinen”</strong></p><p>Eğer ciğerin delinmiyorsa bütün bunlara <strong>“Hiç çıkma ekmek”</strong> sözünü duymamış kadar kötüsün demektir. İstediğin kadar kedi sev ve istediğin kadar oyna yalnızlığınla!</p><p>Belki bu yüzden, bütün bu gerçeklerin bizi içine alması yüzünden, bu mevsimde Akaki Akakiyeviç’in hayaleti dolaşır ve kar Marmeladov’un sarhoşluğu kokar, biraz.</p><p>Fakat o en çok eski Anadolu’dur ve Emreler soyundan Cemal Süreya, Dıranas’ın şiirini o edayla okur:</p><p>“Sesin nerde kaldı, her günkü sesin,</p><p>Unutulmuş güzel şarkılar için</p><p>Bu kar gecesinde uzaktan, yoldan</p><p>Rüzgâr gibi tâ eski Anadolu'dan</p><p>Sesin nerde kaldı? Kar içindesin!”</p><p>Kapanır perde: <strong>Kar geliyor, savulun!</strong></p>","outro":"","hideAds":false,"createdDate":1613264755487,"updatedDate":1613266146559,"hitCount":200,"active":true,"lastUpdaterIp":"141.101.105.14","hasEmbeddedTitle":false,"showOnHomePage":false,"currentUrl":"savulun-kar-geliyor-232973-4"},{"id":232974,"title":"Gidelim Buralardancılık Felsefesi","contentType":"CORNER_POST","coverImage":"","coverCode":"","publicationDate":1613170800000,"tags":[],"intro":"","spot":"","body":"<p>Başlıktaki dil bozukluğunu ve bu yöndeki eleştirileri göze almaya mecburduk.</p><p>Gidelim buralardancılık akımını, şimdilerde iklim kriziyle daha da ünlenen bir tür ‘minimalizm’, ‘stoa’cılık gibi düşünebilirsiniz. Bu akım ülkemizin ‘göz bebeği’ sınıfında yer alan gençler içinde çok yaygın. ‘Arka sıralarda’ kalanlar siz şöyle kenarda bekleyin. Bu ‘bataklık’ta yaşamaya mahkumsunuz siz. Müstehaktır.</p><p>Bu nedir, Gidelim buralardancılık hakikat ötesinin ya da sahte gerçekliğin sloganıdır.</p><p>Dolayısıyla gidelim buralardancılık felsefesi insanı değiştiren dönüştüren bir canlı olmaktan çıkarıp, bir tüketim maddesi haline getirmesidir.</p><p>Öyle olunca da insan kolayca istif edilip, kalite kontrolden geçirilip, ayrıştırılmaktadır. İşe yarayanları yani “katma değer üretenleri” bir yana, hammadde olarak kullanılacaklar bir yana.</p><p>İşin bir diğer ilginç yanı bu ayrıştırmanın da beğenilmeyen, insan potansiyelini ortaya çıkarmadığı düşünülen (bizce de öyle) eğitim sisteminin sınavlarına göre yapılması. Şimdi diplomalar, dereceler konuşuluyor kamuoyunda.</p><p>Bir tür beyin hummasına tutulduk diye düşünüyorum. Ya da bir sayrılık geçiriyoruz.&nbsp;</p><p>Fakat içimizden ne bir Benjamin Button çıkıyor ne de Dadacılık!</p><p>Yani beyin hummasının beklenen karşılığı, o turuncu güneş de yok!</p><p>Çılgınlıklarıyla manşet olabilecek bir Fritgeraldımız da olmadığına göre, zamanın böylesi ivmesinde bilince sıkı sıkıya tutunmaktan başka çare yok gibi görünüyor.</p><p>Yani şöyle keyfince bir sayrılıktan, bol kahkahalı alaylardan, deliliğe övgülerden bile söz edemiyoruz.</p><p>Başka nedir, bir sömürge, yarı sömürge zihniyetidir. Tarihin sonuna gelinmiştir, yıkıcılar her şeyi yıkmıştır, her yer çöl, herkes bedevidir. Mecnun gaflet uykusuna dalmış ve develerin boyunlarındaki çanları duyamamıştır. Gidilmezse yitilir. Gidilecek yer neresidir? Üzerinde güneş batmayan İngiltere’dir, macera dolu Amerika’dır, kültür başkenti Paris’tir.</p><p>İnsan keşke bunlar olsa diyor. Yeni Tanzimat, soylu konumundan feragatte bulunup, Kanada’da temizlikçi, İrlanda’da taksi şoförü olmaya can atıyor. Yeter ki Batı’nın köprüsünden geçmek, Platon hamamında keselenmek olsun.</p><p>Öyleyse unutulmalıdır, kayısı çekirdeğinin, bir tohum olduğu ve Anadolu’nun her zaman saklı bir hayatı Ağrı dağının kalbinde sakladığı. Bütün insancıl günahlardan arınmak için insanlığı unutmak birinci farzdır.</p><p>Diyeceksiniz ki “haksızlar mı?” ve sonra ülkenin bütün dertlerini bir çırpıda satıp dökeceksiniz. Bunu yaparken de haklılığın mağrurluğunu takınacaksınız. İyi de eşitsizlik herkesin sorunu değil mi? Ölümün karşısında bile eşit olmadığımız günlerden yalnızca birkaçımız mı geçiyor?</p>","outro":"","hideAds":false,"createdDate":1613264930768,"updatedDate":1613264930768,"hitCount":92,"active":true,"lastUpdaterIp":"141.101.76.62","hasEmbeddedTitle":false,"showOnHomePage":false,"currentUrl":"gidelim-buralardancilik-felsefesi-232974"},{"id":232975,"title":"Tartışılamayacak Tartışma: Türk Edebiyatı","contentType":"CORNER_POST","coverImage":"","coverCode":"","publicationDate":1607036400000,"tags":[],"intro":"","spot":"","body":"<p>En başta belirtelim: T24’ün, Mesut Varlık’ın ve Ahmet Ergenç’in minderinde görüşmeyeceğiz. Derdimiz onların açtığı neoliberal logolu turuncu bayrağın anlamını ortaya koymaktır. Yoksa edebiyat adlandırması hem bilimsel olarak hem de kültürel olarak tartışılmış, bitmiş bir meseledir.</p><p>Avrupa Birliği’nden ve ABD’den binlerce dolar fon aldığı ortaya çıkan P24 ve aynı ekibin yazıp çizdiği T24 günlerdir bir “tartışma” yürütüyor. Mesut Varlık’ın “Tartışılmayacak Bir Tartışma: Türkçe edebiyat” başlıklı yazısıyla tekrardan gündeme getirilen bu konunun bir edebiyat adlandırması tartışması olmadığı çok açık. Varlık’ın ve T24 çevresinin ve hatta Türkçe edebiyat başlıklarıyla kitap basan yayınevlerinin niyeti, siyasi ve askeri alanda yenilgiye uğrayan bir projeyi kültürel alanda başarıya ulaştırmaktır. Bilindiği gibi bir dönem ülkemizde “açılım” dönemleri yaşandı ve anayasadan Türk milleti çıkarılmaya çalışıldı. Ancak milletin direnciyle açılım “cehenneme gitti”, “görbagör” oldu.</p><h3><strong>EDEBİYAT HAYATA DÂHİLDİR</strong></h3><p>İbrahim Kaboğlu’nun yeni anayasa taslağı çalışmaları yeniden gündeme geldi. Üstelik meclisteki muhalefet partilerinin bir takım istikşafi görüşmeler yaptığı da ortaya çıktı. Ancak neticede bu görüşmeyi yapanlar çark etmek zorunda kaldılar. Askeri alanda da bu proje “görbagör” oldu. Özyönetim ilan eden, hendek kazan PKK, Türk Silahlı Kuvvetleri tarafından ezildi. Yetmedi, özgürleşen Kürt halkı da PKK’dan ve çocuklarını kaçıran HDP’den hesap sormaya başladı.</p><p>Şimdi bütün bunların edebiyatla ne ilgisi var diyebilirsiniz. Çok ilgisi var. Türk edebiyatı tarihini ve özellikle Türk edebiyatında dergicilik geleneğini incelerseniz, edebiyatın hiçbir zaman “salt” edebiyat olmadığını ve siyasi, toplumsal mücadelelerin tam ortasında olduğunu görürsünüz. Namık Kemal’e bakalım, Hüseyin Cahit Yalçın’a bakalım, Tevfik Fikret’e ve Nâzım Hikmet’e bakalım, hepsi böyledir.&nbsp;Yaşar Nabi Nayır’ın Varlık dergisi de böyledir.&nbsp;Hatta “post kemalizm” kapağı yapan şimdinin Varlık dergisi de böyledir Resimli Ay’ın putları yıkıyoruz demesi yalnızca yeni şiir anlayışını getirmek değildir. Yeni bir toplum modelini kültürel hayata getirmektir aslında. Adını bir teröristle yan yana andıkları Cemal Süreya da bunu yapmıştır. Folklor’ü yıkalım demiştir, ama ona 555k’yı yazdıran, “Türkçe bilenin işi rast gider” dedirten de yine bu milletin kültürel zenginliği olmuştur.</p><h3><strong>UYUYAN GÜZELLER UYANDI MI?</strong></h3><p>Mesut Varlık’ın açtığı bayraktan sonra -ki çoğu yayınevi sayesinde bu “Türkçe edebiyat” adlandırması yer tutmuştu- 30 Kasım’da Ahmet Ergenç vites yükseltti ve bu tartışmanın açılma nedenini aslında açıklamış oldu. Ahmet Ergenç, fon açıklamalarının ve yeni patronu Biden’in henüz kesinleşmeyen sonuçlara göre seçilmiş olmasından heyecanlanmış olacak ki, siyasi ve askeri alanda yenilmiş, Türk milleti düşmanlığını ortaya koydu. Ergenç’e göre, 30’lu yıllarda “Vatandaş Türkçe konuş”, “Ne mutlu Türk’üm diyene” sözleri dilsel bir şiddeti içeriyormuş. Hatta 12 Eylül 1980 Amerikancı darbesinin yaptığı eziyetleri de buraya bağlıyor. Nedense aklıma Hrant Dink suikastinin ardından, cinayeti işleyenlerin eline tutuşturulan Türk bayrağı pozu geldi. Dink suikastini yapanların FETÖ gladyosu olduğu ise bugün ortaya çıktı. Dikkat ederseniz Ergenç’in verdiği mesaj da aynı. Türklük adına işkenceler yapılır, şiddet uygulanır, “asimilasyon” yapılır. Ergenç, asimilasyon demiyor ama milliyetçilik semptomlarından, farklı etnik kökenlerden söz ediyor. İşaret ettiği yer orası. Fethullahçı gladyo da Dink suikastinin ardından katillere Türk bayraklı fotoğraf çekerek Türk bayrağı altında cinayet işlenir mesajını vermişti. “Ama siz yine de ne ilgisi var? Şimdi bu yazıyı yazan FETÖ’cü mü diye sorabilirsiniz? Haklısınız da. Böyle bir iddiada bulunmamakla birlikte verilen mesajın birbirine benzediğini söylüyorum, ikisinin de ortak yönü: Türk kavramını ve vatanseverliği “marjinalleştirmek”, ya da karalamak.</p><p>Aslında bu proje yeni değil, Kaynak yayınlarından çıkan Karen Fogg’un e postalları kitabı bu projeyi yıllar önce ifşa etmişti. 2000’li yılların başında Avrupa Komisyonu Delegasyonu Başkanı Karen Fogg’un e-maillerinin yayınlandığı bu kitaba Türkiye’deki değişim dönemlerinde göz gezdiririm. Karen Fogg’un dikkat çeken bir tanımı var “uyuyan güzeller.” Uyuyan güzeller tanımını Fogg kendi ilişki ağı için yapıyor. Uyuyan güzeller günü gelince harekete geçecekler. Kültürel alanda böyle bir taarruzla karşılaşmamızın sebebi ise Atlantik’in siyasi ve askeri alanda aldığı büyük ve tehlikeli yaralardır. Atlamadan geçmeyelim: Türkiye’de Tanzimatçılıkla başlayan Batı’ya teslim olma siyaseti, Kurtuluş Savaşı’nda – Yakup Kadri ve Safveti Ziya çok güzel anlatır- vatana ihanete kadar gitmiş, bugün de hem vatana hem de bütün insanlığa ihanet eden neoliberalleri yaratmıştır. Karen Fogg’un güzelleri, Alin Ozinianların, Kavalaların yol arkadaşları, Hrant’ın yalancı dostları.</p><h3><strong>TÜRK KİMDİR?</strong></h3><p>Biz Türk’ün, Türkçe’nin ve Türk milletinin ne ve kim olduğunu biliyor olmakla birlikte yaratılan kargaşadan dolayı bu kavramlar karışıyor. Özellikle de millet, milliyet ve etnik köken. Bundan faydalanarak Türk sözcüğünü de bir ırka -ki ırkların olmadığı artık bir gerçek- Türk demeyi de ırkçılığa dayandırıyorlar. Oysa Türk sözcüğünün ya da Orhun yazıtlarında geçtiği şekliyle Törük sözcüğünün anlamı çok nettir: “Töreli yasalarca düzenlenmiş olan”. Ziya Gökalp, Tâlat Tekin Hoca sözcüğü böyle açıklar. Zaten yazıtlar okunduğunda da Bilge Kağan’ın il, töre, bodun (boy, halk), gibi kavramlarla birlikte Törük sözcüğünü kullandığını görürüz. Elbette tarihte de Türk kavramını yaratan Türk kavmi de vardır. Ancak Atatürk’ün tarif ettiği “Türkiye Cumhuriyeti’ni kuran Türkiye halkına Türk milleti denir” ifadesi Fransız devriminin insanlığa hediyesi olan millet kavramından başka bir şey değildir. Kaldı ki bu milleti oluşturanlar yüzyıllarca birlikte yaşamışlar, birçok badireyi birlikte atlatmışlar ve dünyanın en büyük kurtuluş savaşlarından ve devrimlerinden birine imza atmışlardır. Dolayısıyla Türk sözcüğü ortaya çıktığından beri siyasi bir kavramdır. Kimin Türk olacağının sorusunu daha 11.yüzyılda Kaşgarlı Mahmut vermiştir: Türkçe konuşan Türk’tür.</p><p>Şimdi anladınız mı neden Türkçe edebiyat denemezmiş? Çünkü bu dili yaratan, “konuşan veya kullanan demiyorum” bu dili yaratan Türklerin kendisidir. Bugün de bu dili altın çağına kavuşturacak olan yine Türk milletidir.</p>","outro":"","hideAds":false,"createdDate":1613264996147,"updatedDate":1613264996147,"hitCount":27,"active":true,"lastUpdaterIp":"172.69.55.14","hasEmbeddedTitle":false,"showOnHomePage":false,"currentUrl":"tartisilamayacak-tartisma-turk-edebiyati-232975"},{"id":232976,"title":"Bizim hikâyemiz ve Batı","contentType":"CORNER_POST","coverImage":"","coverCode":"","publicationDate":1596495600000,"tags":[],"intro":"","spot":"","body":"<p class=\"ql-align-justify\">Cumhurbaşkanlığı Sözcüsü Sayın İbrahim Kalın’ın attığı tivitle başlayan ve katıldığı CNN Türk yayınıyla devam eden modernizm tartışması tam da Batılı namluların üzerimize çevrildiği ve ülkemize yönelik kültürel saldırıların yoğunlaştığı döneme denk geliyor. O yüzden gazetemizin bu meseleyi kamuoyu önünde tartıştırması daha da önemli hale gelmiştir. Batıcılarla millicilerin 150 yıllık hesabı yeniden görülmektedir.</p><p class=\"ql-align-justify\">İbrahim Kalın sözlerinin Avrupa merkezciliğe karşı olduğunu ifade etti. Tartışmanın bu yönde derinleşmesini faydalı buluyorum. Zira Batı’nın koca bir yalanla ve insanlıktan çaldıklarıyla kurulan Avrupa merkezci tarih tezi, insanlığa onur kırmaktan, nefretten ve çaresizlikten başka bir şey vermemiştir.</p><h3 class=\"ql-align-justify\">İMAL EDİLEN TEZLER</h3><p class=\"ql-align-justify\">Kaynak Yayınları’ndan çıkan Martin Bernal’in “Kara Atena” kitabı bu Avrupa merkezci tarih tezinin ve Eski Yunanistan uydurmacasının nasıl imal edildiğini ortaya koyuyor. Martin Bernal’ın bu eseri öyle rahatsız edici bulunuyor ki, İngiltere’de cevap olarak ücretsiz dağıtılan bir kitap bile basılıyor. Özetle Bernal aslında Antik Yunan’ın eski bir Mısır kolonisi olabileceğini, Yunan tanrılarının aslında Mısır tanrıları olduğunu çeşitli yönleriyle açıklıyor. Keza alfabenin de Fenikeliler üzerinden Yunanistan’a geçtiğini ifade ediyor. Benzer cümleleri Heredot’un “Tarih” kitabında da bulmak mümkün.</p><p class=\"ql-align-justify\">Keza Homeros’ta da Yunanlıların atalarının Mısırlı olabileceğine dair fikirleri bulabilirsiniz. Elbette Bernal’ın da yanıldığı yerler vardır. Ancak tarih yazımı ile ilgili uydurmaları ispatlanmıştır. Artan sömürüyle yükselen ırkçılık Batı medeniyetine bir kök bulma ihtiyacını da beraberinde getirdi. Buna en uygun yer de Yunanistan’dı. Ve adım adım tarih yazımında türlü kurnazlıklarla bu gerçekleştirildi. İlk önce Mısır önemsizleştirildi sonra git gide yok sayıldı. Daha sonra Fenikelilerin yalnızca taşıyıcı oldukları öne sürüldü. Daha sonra bundan da vazgeçildi, hatta öyle ki Fenikeliler o çağda hor görüldü. Batı’nın bu sahtekârlığının bir sonucu olarak birçoğumuz Troya Savaşı’nı Batılıların savaşı olarak algılarız.</p><p class=\"ql-align-justify\">Oya Fatih Sultan Mehmet mektubunda İtalyanlara “Hector’un çocuğuyuz” der. Cumhuriyet devrimimizin önderi Mustafa Kemal Atatürk de “Hector’un intikamını aldık” der. Bu sözlerin bir diğer anlamı, Türkler de devlet kuruculuğunun içinde yatmaktadır. Hatta Güneş Dil Teorisi de bu bağlamda değerlendirilebilir.</p><p class=\"ql-align-justify\"><img src=\"raw/2021/2/14/a718e675-e4dd-4807-8e06-502b9d12cfef.jpeg\"></p><h3 class=\"ql-align-justify\">İDEALİST ELEŞTİRİLER</h3><p class=\"ql-align-justify\">Bu kısa hatırlatmadan sonra modernizm tartışmasına devam edelim. Sayın Kalın’a yapılan eleştirilerin çoğu idealist eleştirilerdir. İki yönden idealist: Birincisi, Cumhurbaşkanlığı Sözcüsü ve bugün iktidar olan siyasal hareketin fikir adamlarından birisi olan İbrahim Kalın’ın sözlerinin AK Parti’nin son 6 yıllık pratiğinden bağımsız düşünülmeye çalışılması ve kafalardaki şablona uymamasıdır. Bu idealist eleştirilerin ikinci yönü ise kusursuzluk arayışıdır. Öyle bir şey istiyoruz ki, 2014 öncesinde Amerikancı ve tümüyle “siyasal İslamcı” siyasetler izleyen bir iktidarı sihirli değnekle değiştirelim ve kusursuz olsun. Eğer hikâyeler ve romanlar üzerinden gidecek olursak böylesine bir zihniyet dönüşümü romanlarda, hikâyelerde bile olmaz.</p><p class=\"ql-align-justify\">Bugün Sayın Kalın’ın kendi bakış açısıyla da olsa Avrupa merkezciliğe karşı çıkması büyük bir dönüşümdür. Kusursuz mudur? Günlük hayatta, kendimizde ve başkalarında gördüğümüz ne kadar kusur varsa burada da o kadar kusur, eksik, hata vardır.</p><p class=\"ql-align-justify\">Öte yandan adaletli olmak adına şu soruyu sormak zorundayım: Batı’ya bu konuda tanıdığımız imtiyazı neden bugün emperyalist kuvvetlerle savaşan bir iktidarın fikir adamlarına tanıyamıyoruz?</p><p class=\"ql-align-justify\">Hepimiz Voltaire’i aydınlanmanın öncüsü olarak biliriz. Stephan Zweig buna karşı çıkmış ve “Vicdan Zorbalığa Karşı” adlı eserini sırf bu meseleyi açıklığa kavuşturmak için yazmıştır. Yine de Voltaire’i öyle bilmiş olalım. Voltaire’in en ünlü eserlerinden birisi Candide’dir. Candide saf, temiz anlamlarına geliyor. Karamazovlardaki Alyoşa gibi. Kahraman Candide neredeyse dünyayı dolaşıyor, Rusya’yı, Paraguay’ı, Hollanda’yı, İspanya’yı. Türkleri Azak savunmasında kadınların etlerini yerken görüyor. Paraguay’da ise ilkelliğe duyulan özlemi gösterirken bize Kral’dan bir sürü koyun, elmas ve altın almayı da ihmâl etmiyor, kahramanımız. Aslında bu roman ırkçı romantizm bildirisinden başka bir şey değildir. Ancak hâlâ tam bir başyapıt olarak gösteriliyor.</p><p class=\"ql-align-justify\">Benzer fikirleri birçok yazarda ve düşünürde görebilirsiniz. Mesela Madame Bovary’nin yazarı Flaubert’in Salombo eseri. Flaubert o kadar ileri gidiyor ki Kartacalıların insan olmadığını anlatıyor kitabında. Keza, Platon’un en meşhur kitabı olan Devlet kitabı... Platon açık açık erkeklerin kadından üstün olduğunu ve sanatın gereksizliğinden söz ediyor ve bunu ispata kalkışıyor. Bunu bugün bir tarikat, cemaat lideri söylediğinde ayağa kalkıyoruz. Ama yeltenmiyoruz, Platon’u eleştirmeye. Elbette bu saydığım isimlerin eserlerinde bugün bizlerin benimsediği fikirler de bulunuyor. Bunların en başında da bana göre devrim yapma hakkı gelmektedir. Şüphesiz bu hakkı geçmişte bütün insanlığa bahşeden Batı, bugünün emperyalist-kapitalist anlayışı neticesinde bu hakkı yok saymaya çalışıyor.</p><h3 class=\"ql-align-justify\">NİYET OKUMA</h3><p class=\"ql-align-justify\">Özetle; her şeye rağmen Batı’ya gösterdiğimiz bu teveccühü -çünkü geçmişte insanlığın ilerleyişine büyük katkılar sundular- bugün emperyalizmle savaşan bir siyasal hareketin fikirlerine gösteremiyoruz?</p><p class=\"ql-align-justify\">Sayın Kalın’ın fikirlerinin özünde bizden olmayan ya da bize düşman olan ne var? Bugün yaşadığımız zihniyet dönüşümünü incelemek yerine neden niyet okuma işine giriyoruz? Bana göre yaşanan bu dönüşüm en çok Tarık Buğra’nın Küçük Ağa romanına benzemektedir. Bildiğiniz üzere başlangıçta Padişah’ın emrinde olan Küçük Ağa yaşadığı çelişkilerin ve Yunan ordularının zulümlerinin neticesinde bir kahramana dönüşüyor. Keza umudunu yitirmiş bir gazi olan Çolak Salih de benzer bir dönüşüm yaşıyor. İşte Türkiye’nin yaşadığı da bu duruma benziyor.</p><p class=\"ql-align-justify\">Çünkü Türkiye namlularını kendisine doğru çevirmiş emperyalist-kapitalist Batı’ya karşı siyasal ve kültürel alanda da cevap vermek zorunda. Fakat bunu yaparken yer yer çelişkiye düşebiliyor, hatalar yapabiliyor. Ancak bu hatalar ilerleyişimize engel olmadığı gibi, doğru müdahale ile yepyeni bir fırsata dönüşüyor. Bunu arkamızda bıraktığımız dönemde gördük. En çok da “hükümet vatan savaşından vazgeçti” sözü dilimizin ucuna geldiğinde gördük.</p><p class=\"ql-align-justify\">Tartışmanın başka bir boyutuna gelecek olursak; Avrupa merkezci tezlere karşı çıkarken karşımıza yeni bir sorun daha çıkıyor: Yıkmaya başladığımız bu tezin yerine ne koyacağız? Batı Asyalı dostlarımızla ortak bir tarih tezi mi ortaya atacağız? Yoksa Güneş Dil Teorisi’ni yeniden inceleyip yeni bir tez haline mi getireceğiz? Batıcılığı yıkarken ve kendi hikâyemizi yazarken geçmişin büyük birikiminden hareketle yeni bir medeniyet tezinin kilometre taşlarını da döşememiz gerekiyor. Tartışmanın bu yönüyle de ele alınması gerektiğini düşünüyorum.&nbsp;</p><p class=\"ql-align-justify\"><img src=\"raw/2021/2/14/03d8ffa7-0d19-4686-824b-4342d80339bb.jpeg\"></p><p><br></p>","outro":"","hideAds":false,"createdDate":1613265154305,"updatedDate":1613265154305,"hitCount":29,"active":true,"lastUpdaterIp":"141.101.105.16","hasEmbeddedTitle":false,"showOnHomePage":false,"currentUrl":"bizim-hikâyemiz-ve-bati-232976"}]},"success":true}