{"data":{"totalCount":17,"author":{"id":134,"name":"Pelin Güloğlu","image":"2020/1/15/851f61da-a60c-40fa-a10b-cf79ad1f37e5.jpeg","authorType":"NEWSPAPER","emailAddress":"guloglupelin@gmail.com","twitter":"","facebook":"","background":"","active":true,"socialImage":"","lastPublicationDate":1586467803382,"slugUrl":"pelin-guloglu"},"contents":[{"id":205116,"title":"Karantina günlerinde kilo almayı engelleyecek 8 öneri","contentType":"CORNER_POST","coverImage":"","coverCode":"","publicationDate":1586473200000,"tags":[],"intro":"","spot":"","body":"<p class=\"ql-align-justify\">Malum bu aralar hepimiz evlerimizdeyiz ve bu bizi gerek psikolojik açıdan gerekse fark etmeden fiziksel açıdan yoruyor. Bu yorgunluğun bir sonucu olarak da kendimizi buzdolabını açıp bir şeyler yerken bulabiliyoruz.</p><ul><li class=\"ql-align-justify\"><strong><em>Pekiyi, kilo almamızı nasıl engelleyebiliriz?</em></strong></li></ul><p class=\"ql-align-justify\">Güne güzel bir kahvaltıya başlayabiliriz. Unutmayalım ki kahvaltı en önemli öğünümüz. Kahvaltıda sucuk, salam, sosis gibi işlenmiş gıdadan uzak durup bol yeşillik tüketmeye çalışmalıyız. Ayrıca kahvaltıyı geç saatlerde yapmamakta fayda var. Sonuç olarak “Erken kalkan, yol alır” diyebiliriz. Erken kalkmak sirkadiyen ritmimizi de kontrol altına alarak metabolizmamızın daha hızlı çalışmasına katkıda bulunur.</p><p class=\"ql-align-justify\">Ara öğün yapmayı ihmal etmeyelim. Ara öğünler, ana öğünlerde daha az besin tüketmemizi sağlayacak ayrıca az az sık sık beslendiğimiz için metabolizmamızı hızlandıracak.</p><p class=\"ql-align-justify\">Ara öğünlerde düşük kalorili atıştırmalıklar tercih edebiliriz. Abur-cubur tüketimini bir kenara bırakarak meyveler tüketebilir; süt veya yoğurt ile beraber güzel bir ara öğün yapabiliriz.</p><p class=\"ql-align-justify\">Su için. Günlük kadınların 2,5 litre; erkeklerin ise 3,5 litre su tüketmeleri gerekmektedir.&nbsp;</p><p class=\"ql-align-justify\">Hiçbir şeyin aşırısına kaçmayın. Özellikle karbonhidrat tüketimi yaygın olmakla beraber, diğer besin gruplarından da çokça tüketildiği görülmektedir. Her şeyi kararında yemekte fayda vardır.&nbsp;</p><p class=\"ql-align-justify\">Gerçekten aç mısınız? Önce bunu sorgulayın. Duygusal açlığınızı kontrol etmeye çalışın.</p><p class=\"ql-align-justify\">Şok diyetlerden uzak durun. Çok düşük kalorili beslenme biçimleri bağışıklık sisteminizin düşmesine neden olur; bu da hastalıklara davetiye çıkarır.</p><p class=\"ql-align-justify\">Egzersiz yapın. Sağlıklı bir insanın günlük 45 dakika- 1 saat egzersiz yapması gerekmektedir. Egzersiz yaparken lütfen tok olmaya özen gösterin.</p><p class=\"ql-align-justify\">Sağlıklı günler.</p>","outro":"","hideAds":false,"createdDate":1586467803383,"updatedDate":1586502158338,"hitCount":762,"active":true,"lastUpdaterIp":"162.158.19.49","hasEmbeddedTitle":false,"showOnHomePage":false,"currentUrl":"karantina-gunlerinde-kilo-almayi-engelleyecek-8-oneri-205116-1"},{"id":204411,"title":"Duygusal beslenme","contentType":"CORNER_POST","coverImage":"","coverCode":"","publicationDate":1585868400000,"tags":[],"intro":"","spot":"","body":"<p class=\"ql-align-justify\">Kendinizi mutsuz veya üzgün hissettiğinizde hemen buzdolabına mı koşuyorsunuz? Gıdalarda duygularını bastırmak sık gözlenen bir durumdur ve duygusal beslenme biçiminin bir parçasıdır. Hatta bu şekilde yedikten sonra suçluluk veya utanç hissedilebilir, bu ise büyük bir kısır döngüye neden olur.</p><p class=\"ql-align-justify\">İş stresinden, ekonomik endişelere sağlık sorunlarından kişiler arası ilişkilere kadar her şey duygusal beslenmenize sebep olabilir.</p><p class=\"ql-align-justify\">Cinsiyet açısından bakıldığı zaman duygusal yeme problemi her iki cinsiyette de görülebilir fakat kadınlarda daha sık gözlenen bir durum olarak karşımıza çıkar.</p><p class=\"ql-align-justify\">Peki, neden yiyeceklere sarılıyoruz?</p><p class=\"ql-align-justify\">Olumsuz duygular boşluk hissine yol açıyor. Yiyecekler de bu boşluğu doldurma hissine neden olabiliyor.</p><p class=\"ql-align-justify\">Duygusal bir desteğe ihtiyacımız olduğu zaman kendi kabuğumuza çekilebiliyoruz. Bu da duygusal yeme dürtümüzü arttırıyor.</p><p class=\"ql-align-justify\">Fiziksel ve duygusal açlık arasındaki farkı anlamayabiliyoruz.</p><p class=\"ql-align-justify\">Strese tepki olarak kortizon seviyelerindeki değişme de bu isteklere neden olabiliyor.</p><p class=\"ql-align-justify\">Pekiyi duygusal açlık ve fiziksel açlık arasındaki fark nedir?</p><p class=\"ql-align-justify\">Duygusal açlık aniden ortaya çıkar, sadece belirli yiyeceklere karşı istek oluşur. Yiyecekler yenildiğinde dahi doygunluk hissi oluşmaz. Yemek yendiğinde suçluluk hissi oluşur.</p><p class=\"ql-align-justify\">Fiziksel açlık ise zamanla yavaş gelişir, birçok yiyecek grubunu tercih edebilirsiniz. Dolgunluk hissedip yemek yemeyi bırakırsınız ve yemek yemenize karşı suçluluk duygusu hissetmezsiniz.</p><p class=\"ql-align-justify\">Duygusal açlık nasıl bastırılabilir?</p><ul><li class=\"ql-align-justify\">Duygusal açlık yiyerek kolayca bastırılamaz.</li><li class=\"ql-align-justify\">Stresle başa çıkmanın diğer yollarını bulun.</li><li class=\"ql-align-justify\">Egzersiz yapın.</li><li class=\"ql-align-justify\">Meditasyon yapmayı deneyin.</li><li class=\"ql-align-justify\">Beslenme günlüğü oluşturun, gün içerisinde ne yediğinizi not alın.</li><li class=\"ql-align-justify\">Sağlıklı bir beslenme biçimini benimseyin.</li><li class=\"ql-align-justify\">Cips çikolata gibi yüksek yağlı tatlı veya kalori yüklü şeyleri dolabınızdan çıkarın.</li><li class=\"ql-align-justify\">Kendilerinizi üzgün hissettiğinizde market alışverişini erteleyin.</li><li class=\"ql-align-justify\">Porsiyonlarına dikkat edin.</li><li class=\"ql-align-justify\">Destek alın.&nbsp;</li><li class=\"ql-align-justify\">Dikkat dağınıklığını ortadan kaldırın. Özellikle televizyon veya bilgisayar karşısında yemek yemeyi bırakın.</li><li class=\"ql-align-justify\">Kendinizle barışın.</li></ul><p class=\"ql-align-justify\">Eğer yemeniz kontrolünüz dışında gelişiyorsa bir doktorla görüşebilirsiniz.</p><p class=\"ql-align-justify\">Mutlu günler.</p>","outro":"","hideAds":false,"createdDate":1585851125824,"updatedDate":1585851125824,"hitCount":614,"active":true,"lastUpdaterIp":"162.158.111.77","hasEmbeddedTitle":false,"showOnHomePage":false,"currentUrl":"duygusal-beslenme-204411"},{"id":203762,"title":"Takviyeler gerçekten kilo aldırır mı?","contentType":"CORNER_POST","coverImage":"","coverCode":"","publicationDate":1585263600000,"tags":[],"intro":"","spot":"","body":"<p>Günümüzde birçok insan o veya bu sebepten takviye almak durumunda kalıyor. Özellikle şehir hayatı, rutin devam eden iş yaşantısı da bu duruma yol açtığı için başta D vitamini ve demir minerali takviyeleri sıklıkla kullanılıyor.</p><p>Fakat diyet yapan daha doğrusu zayıflamaya çalışan bir grup birey ise bu takviyeleri almaktan çekiniyor veya bu takviyeleri almıyor. Bunun nedeni ise yalan yanlış duydukları bu takviyeleri alırsam kilo alırım korkusu.</p><p>Şimdi isterseniz bu takviyelerin gerçekten kilo yapıp yapmamasını inceleyelim.</p><p>Öncelikle D vitamininden başlayalım. D vitamini, güneş görmeyen şehir veya ülkelerde daha azdır; bunu hepimiz biliyoruz. Dünya çapında insanların yaklaşık %50si D vitamini bakımından düşüktür.</p><p>Obezite de D vitamini düşüklüğü için bir risk faktörüdür. Vücut yağlanması arttıkça D vitamininin emilme oranı da o denli azalır.</p><p>Bir çalışmada, bir yıl boyunca 218 kilolu ve obez kadın incelenmiş; hepsine kalorisi düşük diyet ve egzersiz uygulanmış. Kadınların yarısı D vitamini takviyesi alırken diğer yarısı herhangi bir takviye kullanmamış. </p><p>Araştırmanın sonunda; D vitamini gereksinimlerini karşılayan kadınların yeterli kan seviyelerine sahip olmayan kadınlardan ortalama 7 kilo daha fazla kilo verdiklerini keşfettiler.</p><p>D vitamini eksikliği insülin direnci ile de bağlantılı olduğundan herhangi bir eksiklik dâhilinde takviye almaktan çekinmeyin.</p><p><strong>PEKİ YA DEMİR TAKVİYESİ?</strong></p><p>Demir vücudun düzgün çalışması için gereken bir mineraldir. Kırmızı kan hücrelerinde bulunur ve vücudun her hücresine oksijen taşır. Demir eksikliğiniz varsa yorgunluğa ve anemiye yol açabilir. Yağ yakmak için vücudun oksijene ihtiyacı vardır. Demir seviyeleriniz düşükse vücut gerektiği kadar yağları oksitleyemez; böylece kilo vermeniz zorlaşır.</p><p>Yeterli oksijen olmadan yorgunluk metabolizmanızı da bir süre sonra yavaşlatır. Bu da toplam günlük kalori yakımını azaltır. Oksijensiz bir ateş yakmayı deneyin; yapamazsınız. Aynı şey, vücudumuz için de geçerlidir. Kan dolaşımında yeterli oksijen yoksa yağ yakamazsınız.</p><p>Lütfen, sadece ve sadece uzmanlara inanın ve güvenin. Vücudunuzda herhangi bir eksiklik varsa bu sadece kilo alıp veriminizi değil sağlığınızı da etkiler.</p><p>Bazen küçük şeyler büyük farklar yaratır. Sağlıklı günler.</p>","outro":"","hideAds":false,"createdDate":1585256816317,"updatedDate":1585256816317,"hitCount":654,"active":true,"lastUpdaterIp":"141.101.104.233","hasEmbeddedTitle":false,"showOnHomePage":false,"currentUrl":"takviyeler-gercekten-kilo-aldirir-mi-203762"},{"id":203210,"title":"Bağışıklık sistemini güçlendiren 10 gıda","contentType":"CORNER_POST","coverImage":"","coverCode":"","publicationDate":1584658800000,"tags":[],"intro":"","spot":"","body":"<p>Vücudunuzu belirli yiyeceklerle beslemek bağışıklık sisteminizi güçlü tutmanıza yardımcı olabilir. Gripten veya soğuk algınlığından kendinizi koruyabilmek için ilk adımınız yerel bir marketten alışveriş yapmak olmalıdır.</p><p>Yiyeceklerinizi seçerken bu 15 gıdayı göz önünde bulundurun:</p><p><strong>Narenciye meyveleri:</strong> Narenciye meyveleri başta portakal, mandalina, greyfurt, limon gibi meyveleri içermektedir. Çoğu insan üşüttükleri andan itibaren C vitaminine sarılırlar. Narenciye meyvelerinin C vitamini içeriği yüksektir. Bu da enfeksiyonlara karşı beyaz kan hücrelerinin üretimini arttırarak koruma sağlamasına yol açar. Vücudumuz C vitamini üretmediği için C vitaminini dışarıdan almamız gerekir. İster yiyerek istersek yiyeceklerimize sıkarak bu meyveleri tüketebiliriz.</p><ul><li><strong>Kırmızı biber</strong>:</li></ul><p>Kırmızı biber, narenciye meyvelerine göre iki kat daha fazla C vitamini içermektedir. Ayrıca zengin bir beta-karoten kaynağıdır. Bağışıklık sistemini güçlendirmenin yanı sıra C vitamini ve beta-karoten sağlıklı cildin korunmasında yardımcı olur.</p><ul><li><strong>Brokoli:</strong> </li></ul><p>Vitamin ve mineral oranı yüksek olan brokoli; A, C ve E vitaminin yanı sıra yüksek lif ve antioksidan içermektedir. Besin kaybının olmaması açısından en iyisi brokoliyi az pişirmek veya çiğ tüketmek.</p><ul><li><strong>Sarımsak:</strong></li></ul><p> Dünya mutfaklarının hemen hemen hepsinde bulunan sarımsak, kan basıncını düşürmeye damar sertleşmesini önlemeye yardımcı olur.</p><ul><li><strong>Zencefil: </strong></li></ul><p>Hasta bireylerin başvurdukları gıdalardan bir tanesi de zencefildir. Zencefil, inflamasyonu azaltmaya yardımcı olur. Son araştırmalara göre zencefil, kolesterol düşürücü etkiye sahiptir.</p><ul><li><strong>Ispanak: </strong></li></ul><p>Hem yüksek C vitamini düzeyi, hem de içerdiği beta-karoten ve antioksidandan ötürü bağışıklık sisteminin enfeksiyonla mücadele yeteneğini arttırıcı özelliğe sahiptir. Brokoliye benzer şekilde az pişirildiği zaman besin değerini korur.</p><ul><li><strong>Yoğurt: </strong></li></ul><p>Yoğurt büyük bir D vitamini kaynağı olabileceğinden bağışıklık sistemine karşı koruyucu etkisi olabilir.</p><ul><li><strong>Badem: </strong></li></ul><p>Soğuk algınlığını önleme konusunda C vitamini olduğu kadar E vitamini de büyük bir öneme sahiptir. E vitamini oranı yüksek olan badem de bağışıklık sistemini güçlendirir. 46 adet kabuklu badem günlük E vitamini düzeyinin yüzde yüzünü sağlamaktadır.</p><ul><li><strong>Zerdeçal: </strong></li></ul><p>Özellikle romatoid artrit ve osteoartrit gibi hastalıklarda kullanılan zerdeçal, anti-inflamatuar olarak uzun yıllardır kullanılmaktadır.</p><ul><li><strong>Yeşil Çay: </strong></li></ul><p>Hem yeşil, hem siyah çay bir tür antioksidan olan flavonoidlerle doludur. Fakat, siyah çayın geçtiği fermantasyon süreci içerisindeki bazı yararlı bileşenleri yok eder. Bu gıdaları hayatınıza ekleyerek bağışıklık sisteminizi güçlü tutabilirsiniz. Sağlıklı günler.</p>","outro":"","hideAds":false,"createdDate":1584650398525,"updatedDate":1584650398525,"hitCount":2822,"active":true,"lastUpdaterIp":"162.158.92.74","hasEmbeddedTitle":false,"showOnHomePage":false,"currentUrl":"bagisiklik-sistemini-guclendiren-10-gida-203210"},{"id":202657,"title":"Kontipasyon","contentType":"CORNER_POST","coverImage":"","coverCode":"","publicationDate":1584054000000,"tags":[],"intro":"","spot":"","body":"<p>Bugünkü konumuz kabızlık yani asıl ismiyle konstipasyon. Kabızlık, bağırsak hareketlerinin yavaş olması sebebiyle haftada üç veya daha az sayıda lavaboya çıkma durumudur. </p><p>Pekiyi, kabızlık durumunu beslenme ile nasıl çözebiliriz?</p><ul><li>Suya bal ve limon ekleyerek bir çay yapın. Bal bağırsaklarınızı çalıştıracak, limon ise sindirim sisteminizi uyaracaktır.</li><li>Çok su için:&nbsp;Kadınlar günde 2,7 litre; erkekler ise günde en az 3,7 litre su içmelidirler. Eğer dışkı, sert ve kuru ise su içmemek bunun en büyük nedenidir. Armut ve elma suları en iyi bağırsak çalıştırıcılardan bir tanesidir; muhakkak tüketin.</li><li>Kahve ve çaydan kaçının. Kahve ve çay diüretiktir. O yüzden vücuttan daha fazla su atılmasını sağlar bu da istemediğimiz bir durumdur.</li></ul><p><strong>LİF KAYNAKLARI</strong></p><ul><li>Lifli yiyecekler tüketin. Günlük beslenme düzeninize 20-35 gram lif eklemeniz bağırsak hareketlerinizi canlandıracaktır. Lif oranı yüksek gıdalar Brüksel lahanası, elma, incir, tam tahıllılar (yulaf, çavdar) ve kivi gibi gıdalardır.</li></ul><p>\t\tKabak, susam, ayçiçeği, keten tohumu gibi tohumlar ve fındık da iyi lif kaynaklarıdır. Fakat keten tohumu için şöyle bir şey söyleyebilirim; eğer kanama bozuklukları, bağırsak tıkanıklıkları ve yüksek tansiyonunuz varsa keten tohumu tüketmeyin. Hamile ve emziren anneler de tüketmemelidir.</p><ul><li>Kuru erik tüketin. Hep kuru kayısı deriz ama aslına bakarsanız kuru erik daha iyi bir lif kaynağıdır. Kuru eriğin etki göstermeye başlaması biraz zaman alabilir; bu yüzden tüketiminden sonra bir saat ya da iki saat bekleyin.</li><li>Kıvam arttırıcı maddeler tüketin. Keten tohumu, psilyum gibi bitkiler dışkıyı yumuşatır. Onları tüketip bol su içebilirsiniz.</li><li>Yemeklerinize doğal probiyotik olan yoğurt ekleyin fakat kefir dışında diğer süt ürünlerinden uzak durmanızda fayda var.</li><li>Doktor kontrolünde ek probiyotik alabilirsiniz.</li></ul><p>&nbsp;Sağlıklı Günler.</p>","outro":"","hideAds":false,"createdDate":1584046445974,"updatedDate":1584046445974,"hitCount":991,"active":true,"lastUpdaterIp":"162.158.92.242","hasEmbeddedTitle":false,"showOnHomePage":false,"currentUrl":"kontipasyon-202657"},{"id":202200,"title":"C vitamininin 7 faydası","contentType":"CORNER_POST","coverImage":"","coverCode":"","publicationDate":1583449200000,"tags":[],"intro":"","spot":"","body":"<p>C vitamini insan sağlığı için önemli bir vitamindir, fakat insan vücudunda üretilemez. Suda çözünür bir vitamin olmasının yanı sıra portakal, çilek, kivi, biber, brokoli, lahana ve ıspanak gibi birçok meyve ve sebzede bulunur. C vitamini için önerilen günlük alım miktarı kadınlar için 75 mg ve erkekler için 90 mg’dır. C vitamininizi gıdalardan almanız genellikle tavsiye edilirken, birçok insan ihtiyaçlarını karşılamak için takviyelere başvurur.</p><p>C vitamini almanın bilimsel olarak kanıtlanmış 7 faydasını şu şekilde belirtmek mümkün:</p><ul><li>Kronik hastalıkların görülme ihtimalini azaltır. C vitamini, doğal savunmayı güçlendirebilen bir tür antioksidandır. Antioksidanlar, bağışıklık sistemini güçlendiren moleküllerdir. Bunu hücreleri serbest radikaller olarak adlandırılan zararlı moleküllerden koruyarak yaparlar. Serbest radikaller vücutta çoğaldığı zaman kronik hastalıkların görülme ihtimali de artmış olur.</li><li>Tansiyonunuzu düzene sokar. Çalışmalar gösteriyor ki C vitamini, yüksek tansiyonu olan bireylerde tansiyonun düzenlenmesine neden oluyor.</li><li>Kalp hastalığı görülme riskini azaltır. Yüksek tansiyon, yüksek trigliserit veya LDL (kötü) kolesterol seviyeleri ve düşük HDL (iyi) kolesterol seviyeleri gibi&nbsp;birçok faktör kalp hastalığı riskini artırır. C vitamini, bu risk faktörlerini azaltmaya yardımcı olmaktadır.</li><li>Kan ürik asit seviyesini düşürerek gut hastalığının görülme olasılığını en aza indirger.</li><li>Demir eksikliğinin önlenmesine yardımcı olur. C vitamini demirin emilimini arttırır. </li></ul><p><strong>HAFIZAYI KORUR</strong></p><ul><li>Bağışıklığı arttırır. C vitamini bağışıklık sisteminin birçok alanında yer aldığından bağışıklık sistemini güçlendirici etkiye sahiptir. İlki C vitamini, vücudu enfeksiyonlara karşı korumakta olan lenfositler ve fagositler olarak bilinen beyaz kan hücrelerinin üretimine yardımcı olur. İkincisi C vitamini, bu beyaz kan hücrelerinin etkili bir şekilde çalışmasını sağlamaktadır. Üçüncüsü C vitamini, cildin savunma sisteminin önemli bir parçasıdır.</li><li>Yaşlandıkça hafızanızı korumanıza yardımcı olur.</li></ul><p>Tüm bu faydalara bakıldığı zaman diyetinize C vitamini içeren narenciye meyvelerini, yeşil biberi, kuşburnu çayını , kivi ve brokoliyi, çileği eklemenizi öneririm. Sağlıklı günler.</p>","outro":"","hideAds":false,"createdDate":1583447216326,"updatedDate":1583447216326,"hitCount":1186,"active":true,"lastUpdaterIp":"162.158.111.75","hasEmbeddedTitle":false,"showOnHomePage":false,"currentUrl":"c-vitamininin-7-faydasi-202200"},{"id":201733,"title":"Gebelikte beslenme","contentType":"CORNER_POST","coverImage":"","coverCode":"","publicationDate":1582869060000,"tags":[],"intro":"","spot":"","body":"<p>Gebelikte beslenme hem anne hem de bebek için çok önemlidir. Bebeğin tek besin kaynağı annedir. Bu yüzden gebelikte beslenme hem bebeğin büyüyüp gelişmesi hem de annenin gereksinimlerini karşılaması nedeniyle dikkat edilmesi gereken bir husustur.</p><p>Peki, gebelikte dikkat edilmesi gereken noktalar neler?</p><p>-Sağlıklı bir tabak oluşturmak</p><p>-Tam tahıllı gıdaları tüketmek</p><p>-Meyve ve sebzelerin antioksidan içeriğinden yararlanmak</p><p>-Demir alımını ‘Kırmızı et, yumurta, yeşil yapraklı sebzelerle’ arttırmak</p><p>-Kilonuza uygun protein alımı</p><p>-Folik asit alımı</p><p>-Süt ve süt ürünlerinde bulunan kalsiyumdan yararlanma</p><p>Bazı annelerde gıda isteksizliği veya bazı gıdalara karşı aşırı bir istek olabiliyor. Bunlar çikolata, baharatlı yiyecekler, meyve, patates püresi ve pizza gibi yiyecekler. Bunları çok fazla olmamakla beraber tüketebilirsiniz. Önemli olan bir alışkanlık haline gelmemesi!</p><p><strong>BUNLARDAN KAÇININ</strong></p><p>Bunun dışında annelerin tüketmemesi kaçınması gereken gıdalar da var.</p><p>-Alkol tüketmek</p><p>-Aşırı kafein alımı</p><p>-Çiğ et yumurta ve demiz ürünleri</p><p>-Pastörize edilmemiş süt</p><p>-Pişmemiş işlenmiş etler&nbsp;</p><p>-Yüksek cıva içeren balıklar</p><p>-Aşırı tuzlu besinler</p><p>Bunların dışında öğün atlanmamalı, yemekler kızartılmış olarak pişirilmemeli. Ayrıca gebelikte oruç tutulması sakıncalıdır.</p><p>Pekiyi anne ne kadar kilo almalı?</p><p>-Gebeliğe başlangıçta normal ağırlıkta ise 10-14 kg</p><p>-Gebeliğe başlangıçta zayıf ise 13-16.5 kilo</p><p>-Gebeliğe başlangıçta hafif şişman ise (BKİ 25-29.9) 7.5-12.5 kilo</p><p>-Gebeliğe başlangıçta şişman ise (BKİ 30 ve üstü) 6-10 kilo alması yeterlidir. Mutlu günler.</p><p><br></p>","outro":"","hideAds":false,"createdDate":1582869135222,"updatedDate":1582869135222,"hitCount":442,"active":true,"lastUpdaterIp":"172.68.226.136","hasEmbeddedTitle":false,"showOnHomePage":false,"currentUrl":"gebelikte-beslenme-201733"},{"id":200801,"title":"Kabızlık nedir?","contentType":"CORNER_POST","coverImage":"","coverCode":"","publicationDate":1581632460000,"tags":[],"intro":"","spot":"","body":"<p>Kabızlık, bağırsak hareketlerinin yavaş olması sebebiyle haftada üç veya daha az sayıda lavaboya çıkma durumudur.&nbsp;</p><p>Pekiyi, beslenme ile nasıl çözebiliriz?</p><p>Suya bal ve limon ekleyerek bir çay yapın. Bal bağırsaklarınızı çalıştıracak, limon ise sindirim sisteminizi uyaracak.</p><p>Çok su için. Kadınlar günde 2,7 litre; erkekler ise günde en az 3,7 litre su içmelidirler.Eğer dışkı, sert ve kuru ise su içmemek bunun en büyük nedenidir.Armut ve elma suları en iyi bağırsak çalıştırıcılardan bir tanesidir; muhakkak tüketin.</p><p>Kahve ve çaydan kaçının. Kahve ve çay diüretiktir. O yüzden vücuttan daha fazla su atılmasını sağlar bu da istenmeyen bir durum olarak karşımıza çıkar.</p><p>Lifli yiyecekler tüketin. Günlük beslenme düzeninize 20-35 gram lif eklemeniz bağırsak hareketlerinizi canlandıracaktır. Lif oranı yüksek gıdalar Brüksel lahanası, elma, incir, tam tahıllılar(yulaf,çavdar) ve kivi gibi gıdalardır.</p><p>Kabak, susam, ayçiçeği, keten tohumu gibi tohumlar ve fındık da iyi lif kaynaklarıdır. Fakat keten tohumu için şöyle bir şey söyleyebilirim; eğer kanama bozuklukları, bağırsak tıkanıklıkları ve yüksek tansiyonunuz varsa keten tohumu tüketmeyin. Hamile ve emziren anneler de tüketmemelidir.</p><p>Kuru erik tüketin. Hep kuru kayısı söyleriz ama aslına bakarsanız kuru erik daha iyi bir lif kaynağıdır. Kuru eriğin etki göstermeye başlaması biraz zaman alabilir; bu yüzden bir saat ya da iki saat bekleyin.</p><p>Kıvam arttırıcı maddeler tüketin. Keten tohumu, psilyum gibi bitkiler dışkıyı yumuşatır. Onları tüketip bol su içebilirsiniz.</p><p>Yemeklerinize doğal probiyotik olan yoğurt ekleyin fakat kefir dışında diğer süt ürünlerinden uzak durmanızda fayda var.</p><p>Doktor kontrolünde ek probiyotik alabilirsiniz.</p><p>Bunlara rağmen hala kabızlık probleminiz hala devam ediyorsa bir uzmana gözükmekte fayda var. Sağlıklı günler.</p><p><br></p>","outro":"","hideAds":false,"createdDate":1581632484680,"updatedDate":1581632484680,"hitCount":1089,"active":true,"lastUpdaterIp":"162.158.18.140","hasEmbeddedTitle":false,"showOnHomePage":false,"currentUrl":"kabizlik-nedir-200801"},{"id":200432,"title":"Akdeniz diyeti ve bağırsak mikrobiyotası","contentType":"CORNER_POST","coverImage":"","coverCode":"","publicationDate":1581057060000,"tags":[],"intro":"","spot":"","body":"<p>Trilyonlarca bakteri ve diğer mikroorganizmalar insanların sindirim sisteminde yaşar.&nbsp;Birlikte, bağırsak mikrobiyotası olarak bilinen bir topluluk oluştururlar. Mikrobiyotadaki birçok bakteri, insan sağlığında önemli roller oynar, yiyecekleri metabolize etmeye, bağırsak bütünlüğünü güçlendirmeye ve hastalığa karşı korumaya yardımcı olur.</p><p>Bağırsaktaki dost bakterilerin gelişmesine&nbsp;yardımcı olmak için, UEG Week 2019’da&nbsp;sunulan&nbsp;yeni araştırmalar, meyveler, sebzeler, tahıllar, baklagiller ve fındık gibi bitki bazlı gıdalar açısından zengin bir Akdeniz tarzı diyetin yanı sıra balık tüketiminin de etkili olduğu sonucunu ortaya çıkarmaktadır.</p><p>Hollanda’daki Groningen Üniversitesi Tıp Merkezi’nden araştırmacılar 1.400’den fazla katılımcının yeme alışkanlıklarını ve bağırsak bakterilerini değerlendirdiğinde, Akdeniz tarzı bir diyetin daha sağlıklı bağırsak mikrobiyotasına bağlı olduğunu buldular. Bu, bitki açısından zengin bir diyetin, irritabl bağırsak hastalığı (IBD) dahil olmak üzere bağırsak hastalıklarına karşı korunmada oynayabileceği rolüne işaret eder.</p><p><strong>AKDENİZ DİYETİ&nbsp;İLTİHABI AZALTABİLİR</strong></p><p>Yapılan bir çalışmaya genel nüfusun üyeleri ve Crohn hastalığı, ülseratif kolit ve irritabl bağırsak sendromu (IBS) olan hastalar dahil olmak üzere dört grup katıldı. Crohn hastalığı ve Ülseratif Kolit, bağırsaklarda kronik inflamasyonu içeren IBD formlarıdır. IBS, inflamasyonun rol oynayabileceği başka bir bağırsak hastalığıdır. Diyet, bağırsak mikrobiyotası ve bağırsak iltihabı arasındaki potansiyel bağlantıları tanımlamak için araştırmacılar bir gıda frekansı anketi uyguladı ve her katılımcıdan bir dışkı örneği topladı. Katılımcıların yeme alışkanlıkları, bağırsak mikrobiyotası ve bağırsak iltihabı belirteçleri arasında birçok bağlantı buldular. Meyve, sebze, baklagiller, tahıllar, kabuklu yemişler ve balıklar açısından zengin Akdeniz tarzı bir diyet, temel besinleri sentezlemeye, kolondaki hücreler için yakıt üretmeye ve iltihabı azaltmaya yardımcı olan daha fazla sayıda yararlı bakteri ile bağlantılıdır.</p><p>Buna karşılık, et, rafine şeker veya hızlı yiyecekler açısından zengin bir diyet, daha düşük seviyelerde yararlı bağırsak bakterileri ile bağıntılıdır.</p><p><strong>DAHA FAZLA ARAŞTIRMAYA&nbsp;İHTİYAÇ VAR</strong></p><p>Bu çalışma, Akdeniz tarzı diyetlerin ve bitki açısından zengin diğer yeme alışkanlıklarının insan sağlığı için faydaları olduğunu gösteren geniş bir araştırma grubuna katkıda bulunmaktadır.</p><p>Bazı araştırmalar,&nbsp;kardiyovasküler faydalara&nbsp;ve&nbsp;azalmış kanser riskine&nbsp;ek olarak, bitki açısından zengin yeme alışkanlıklarını irritabl bağırsak hastalığı görülme sıklığını azaltmaya bağladı.&nbsp;Bu yeni çalışma nedenini açıklamaya yardımcı olabilir.</p><p>Diyet, bağırsak mikrobiyotası ve bağırsak sağlığı arasındaki potansiyel ilişki hakkında daha fazla bilgi edinmek için daha fazla araştırmaya ihtiyaç vardır.&nbsp;Özellikle, bu kesitsel çalışmada tanımlanan bağlantıları test etmek için klinik çalışmalara ihtiyaç vardır.</p><p>Çalışmalarını takip etmek için Groningen Üniversitesi Tıp Merkezi’ndeki araştırmacılar, Crohn hastalığı olan kişilerde Akdeniz tarzı bitki açısından zengin bir yeme alışkanlığının etkilerini test etmek için bir deneme yapmayı planlıyorlar.</p><p>Benzer&nbsp;araştırmalar,&nbsp;araştırmacıların&nbsp;Akdeniz tarzı bir diyetin ve Crohn hastalığı olan yetişkinlerde Özel Karbonhidrat Diyeti olarak bilinen bir yeme alışkanlığının etkilerinin karşılaştırdığı ABD’de de sürüyor.</p><p><br></p>","outro":"","hideAds":false,"createdDate":1581057170155,"updatedDate":1581057170155,"hitCount":798,"active":true,"lastUpdaterIp":"162.158.19.45","hasEmbeddedTitle":false,"showOnHomePage":false,"currentUrl":"akdeniz-diyeti-bagirsak-mikrobiyotasi-200432"},{"id":199621,"title":"Bebeklere sebzeleri sevdirme yolları","contentType":"CORNER_POST","coverImage":"","socialMediaImage":"","publicationDate":1577401020000,"tags":[],"spot":"","body":"<p>Bebekler, yaşamlarının ilk 6 ayından sonra yavaş yavaş ek gıda alımına ge&ccedil;erler. Bundan sonraki aşama ise bebeklere sağlıklı beslenmenin aşılanması, onların sağlığı i&ccedil;in hangi gıdaları ne kadar t&uuml;ketmesi gerektiğinin ilk adımının atılmasıdır.&nbsp;<br />\r\n&Ccedil;ocuk, belirli bir yaşa geldikten sonra annelerin sıklıkla şikayet ettikleri şeylerden bir tanesi ise &ldquo;&Ccedil;ocuğum sebze yemiyor&rdquo; şeklindedir. Peki, bu sorun nelerden kaynaklanmaktadır? Bebeklere sebzeyi k&uuml;&ccedil;&uuml;k yaşta sevdirebilmek i&ccedil;in ne yapılmalıdır?<br />\r\n&nbsp;</p>\r\n\r\n<p><strong>DAMAK TADI&nbsp;S&Uuml;TTEN GE&Ccedil;İYOR</strong><br />\r\nl Anne t&uuml;ketsin, emzirirken &ccedil;ocuk da tadını &ouml;ğrensin. Evet, son yapılan &ccedil;alışmalarda bebeklerin, annenin emzirme d&ouml;neminde yediği yiyeceklerden zevk almaları, onlara karşı gıda reddinin daha az ger&ccedil;ekleştiği g&ouml;r&uuml;lm&uuml;şt&uuml;r. Bebekler, ek gıda d&ouml;neminde lezzetleri tespit edebilirler, eğer ona karşı deneyimleri varsa yiyecekleri daha fazla kabul ederler. Emziriyorsanız,bebeğinizin sebzeleri sevebilmesi i&ccedil;in &ouml;nce sebzeleri kendi tabağınıza yığmakla başlayın.<br />\r\nl Sebzeleri ilk gıdalarından biri yap. İlk 6 aydan sonra bebeklerde tamamlayıcı beslenmeye ge&ccedil;mek iyi bir fikirdir. Karışıma pişirilmiş sebzelerden ekleyebilirsiniz fakat mısır gibi potansiyel alerjenlerden uzak durduğunuza emin olun. Bal kabağı ve havu&ccedil; gibi tatlı veya hafif aromalı sebzelerle başlamayı deneyin. Avokado, doğal olarak bebek dostu dokusu nedeniyle bebeklere erken tanıtmak i&ccedil;in harika bir besindir. Bir hafta boyunca g&uuml;nde birka&ccedil; &ccedil;ay kaşığı sebze ile beslemek bebeğin lezzete alışması i&ccedil;in yararlı olacaktır.<br />\r\nl Nitrat seviyeleri hakkında d&uuml;ş&uuml;n&uuml;n. Toprak, g&uuml;bre ve suda bulunan nitratlar sebzelerde de doğal olarak bulunurlar ve bebekler i&ccedil;in zararlı olabilirler. Nitrat seviyeleri ıspanak, havu&ccedil;, kabak, pancar ve yeşil fasulyede en y&uuml;ksektir. Bebeklerin nitratları g&uuml;venle sindirebildiği 6. ayda bile bu t&uuml;r sebzeleri aynı anda &ccedil;ok fazla vermekten ka&ccedil;ınmak &ouml;nemlidir. Bebeğiniz mide asidini azaltan bir ila&ccedil; kullanıyorsa, y&uuml;ksek nitratlı sebzeleri almadan &ouml;nce bir &ccedil;ocuk doktoruna danışmalısınız.<br />\r\n&nbsp;</p>\r\n\r\n<p><strong>KARIN AĞRISINA&nbsp;KARŞI &Ouml;NLEM</strong><br />\r\nl Rahatsız edici yan etkilerden ka&ccedil;ının. Karnabahar,brokoli, lahana ve fasulye gibi k&uuml;k&uuml;rt oranı y&uuml;ksek sebzeler bebekte karın ağrısına sebebiyet verebilir, &ccedil;&uuml;nk&uuml; bu besinler fazla gaz &uuml;retebilmektedirler. Bu bir sorun haline gelirse, bebeklere yaşlanana kadar bu besinleri tanıtmayı bekleyebilir veya bu g&uuml;c&uuml; azaltmak i&ccedil;in sebzeyi patates gibi başka bir sebzeyle karıştırabilirsiniz.<br />\r\nl Y&uuml;zlerini buruşturmalarını yok sayın. Evet, bebeğiniz ona alışık olmadığı bir şey sunduğunuzda muhtemelen y&uuml;z&uuml;n&uuml; buruşturacak, kaşlarını &ccedil;atacak ve &ldquo;Anne, bana bunu neden yapıyorsun&rdquo; gibi bir y&uuml;z ifadesi takınacak. Bu hoşnutsuz g&ouml;r&uuml;n&uuml;ş, diz &ccedil;&ouml;km&uuml;ş bir tepkidir. Araştırmalara g&ouml;re bebeklerin bu tepkiyi verdikten sonra kaşık dolusu sebzeyi kabul etmeye devam ettikleri g&ouml;zlenmiştir. Bebek ilk ıspanak deneyiminde b&ouml;yle bir y&uuml;z takınırsa, ona ıspanak vermekten vazge&ccedil;meyin. Aksine &ldquo;nefis&rdquo; diyerek onu desteklemeye &ccedil;alışın.<br />\r\nl Sebzeleri tatlandırın. Sebzeleri daha lezzetli hale getirmek i&ccedil;in daha tatlı bir meyve ile servis etmeyi deneyin. Bebeğiniz yeşil sebzelerden kısa bir s&uuml;re sonra şeftali ile beslendiğinde yeşil sebzeleri daha &ccedil;ok sevebilir. Bebekler bu sayede meyveden gelen tatlı lezzetlerle sebzeleri ilişkilendirebilmektedir.<br />\r\nl Sebzeleri g&uuml;nl&uuml;k servis edin. &ldquo;Bebeğin emzirilip emzirilmediğine bakılmaksızın, bebek yaklaşık sekiz veya dokuz kez yiyeceğe maruz kaldığında o tada alışacak ve onu kabul edecektir.<br />\r\nl Unutmayın, annelerin de sebzeye &ccedil;ok ihtiya&ccedil;ları var. G&uuml;nde &uuml;&ccedil; porsiyon meyve ve iki porsiyon sebze &ouml;nerilmesine rağmen yetişkinlerin &ccedil;oğunun t&uuml;ketimi bu tavsiyelerin &ccedil;ok altındadır. Her &ouml;ğ&uuml;n veya atıştırmalıkta sebze veya meyve t&uuml;keterek bu tavsiyeler karşılanabilir.</p>\r\n","hideAds":false,"createdDate":1577418908000,"updatedDate":1577401020000,"hitCount":749,"active":true,"lastUpdaterIp":"94.54.240.249","hasEmbeddedTitle":false,"showOnHomePage":false,"currentUrl":"bebeklere-sebzeleri-sevdirme-yollari-pelin-guloglu-kose-yazilari-aralik-2019"},{"id":199562,"title":"Anemide beslenme","contentType":"CORNER_POST","coverImage":"","socialMediaImage":"","publicationDate":1576796220000,"tags":[],"spot":"","body":"<p>Anemi, v&uuml;cutta yeterince kan h&uuml;cresi bulunmama durumudur. Bazı durumlarda, v&uuml;cut bu h&uuml;creleri yeterli sayıda &uuml;retemez. Anemi, kırmızı kan h&uuml;crelerini tahrip eden bir hastalık gibi altta yatan bir sağlık probleminden kaynaklanabilir. &Ouml;nemli miktarda kan kaybı da kansızlığa sebebiyet verebilir.<br />\r\nAnemi, bireyin beslenme d&uuml;zeninde demir, folat veya B12 alımının az oluşundan kaynaklanabilir. Bunun yanı sıra kadınlarda ağır adet kanamalarının yaşanması, bireylerde mide ve bağırsak kanamalarının yaşanması, &uuml;lserler, basur veya kalın bağırsakta şişlik ve bazı kanser t&uuml;rleri de anemiye neden olabilmektedir. Gebelerde de gebelik &ouml;ncesi anemi g&ouml;r&uuml;len bayanlarda demir eksikliği gelişme riski daha fazla olduğundan gebelere demir takviyesi almaları &ouml;nerilmektedir.<br />\r\n&nbsp;</p>\r\n\r\n<p><strong>&Ccedil;AY VE KAHVEYE DİKKAT</strong><br />\r\n&Ouml;nerilen g&uuml;nl&uuml;k demir alımı, bir kişinin yaşına ve cinsiyetine bağlı olarak değişir. 6 aydan k&uuml;&ccedil;&uuml;k bir bebek g&uuml;nl&uuml;k&nbsp; sadece 0.27 miligram(mg) demir gerektirirken,19-50 yaş arası bir erkek i&ccedil;in g&uuml;nl&uuml;k 8 mg, aynı yaş aralığına sahip bir kadın i&ccedil;in 18 mg demir alımı yeterli olmaktadır. Hamilelik sırasında ise bir kişinin g&uuml;nl&uuml;k demir alımı 27 mg&rsquo;a kadar &ccedil;ıkmaktadır. Demir eksikliği anemisi olan bireyler ciddi bir demir ihtiyacına sahiptir. G&uuml;nl&uuml;k 150-200 mg demir alımını gerektirir.<br />\r\nDemir eksikliği anemisinde demirden y&uuml;ksek besinlerle beslenmek, demir emilimini engelleyen &ccedil;ay ve kahveden uzak durmak; lif oranı y&uuml;ksek tam tahıllı gıdalarla beslenmek yerine lif oranı d&uuml;ş&uuml;k gıdaları tercih etmek, demir alımıyla beraber t&uuml;ketildiğinde onun emilimini arttıran C vitamini i&ccedil;eren gıdalara sofralarımızda yer vermek yeterli olacaktır.<br />\r\n&nbsp;</p>\r\n\r\n<p><strong>C VİTAMİNİ DEMİRLE DOST</strong><br />\r\nDemir i&ccedil;eriği y&uuml;ksek olan besinler; başta et, karaciğer, yumurta gibi hayvansal &uuml;r&uuml;nlerdir. Onun dışında ıspanak gibi yeşil yapraklı sebzelerde de bol miktarda demir bulunmaktadır. Yağlı tohumlar da yine i&ccedil;lerinde demir barındırırlar. Bunun yanı sıra bu gıdaları C vitamini y&uuml;ksek gıdalarla t&uuml;ketmek demir emilimini arttıracaktır. &Ouml;rneğin et yemeğinin yanına bol limonlu zeytinyağlı salata yapmak gibi, ya da demir ilacı kullanılıyorsa limonlu veya portakallı su ile i&ccedil;mek gibi.&nbsp;<br />\r\nEğer herhangi bir demir eksikliği durumunuz varsa l&uuml;tfen bir sağlık kuruluşuna başvurun. Sağlıklı g&uuml;nler.</p>\r\n\r\n<p>&nbsp;</p>\r\n","hideAds":false,"createdDate":1576804755000,"updatedDate":1576796220000,"hitCount":848,"active":true,"lastUpdaterIp":"159.146.48.141","hasEmbeddedTitle":false,"showOnHomePage":false,"currentUrl":"anemide-beslenme-pelin-guloglu-kose-yazilari-aralik-2019"},{"id":199512,"title":"Bebeklere bir yaşından önce  verilmemesi gereken 10 besin","contentType":"CORNER_POST","coverImage":"","socialMediaImage":"","publicationDate":1576191420000,"tags":[],"spot":"","body":"<p>Bebeklerin, sindirim boşaltım ve n&ouml;rom&uuml;sk&uuml;ler sistemlerinin gelişim d&ouml;nemine bağlı olarak bir yaşından &ouml;nce bazı gıdaların verilmesi uygun değildir. Bu gıdaları sıralayacak olursak;<br />\r\n-Bal: Bebeklere 1 yaşından &ouml;nce bal verilmesi uygun değildir. Bunun nedeni balın &ldquo;Colstridium Botalium&rdquo; isimli bir bakteri i&ccedil;ermesi ve bu bakterinin bulunması dahilinde oluşan, v&uuml;cutta halsizlik, kabızlık, g&ouml;z kapaklarında d&uuml;şme ve başı tutamama gibi davranışlarla kendini belli eden Botulizm hastalığıdır.<br />\r\n-Bakla: Bakla t&uuml;ketimi, bebeklerde &ldquo;favizm&rdquo; yani bakla alerjisi dediğimiz bir olayı tetikleyebiliyor ve bunun sonucu olarak bebeklerde &ouml;l&uuml;mc&uuml;l sonu&ccedil;lara yol a&ccedil;ıyor.<br />\r\n-İnek S&uuml;t&uuml;: İnek s&uuml;t&uuml;n&uuml;n sindirimi zor olduğundan ve bebeklerin sindirim sistemleri gelişmediğinden &ouml;t&uuml;r&uuml; bebeklere inek s&uuml;t&uuml; verilmesi uygun değildir.<br />\r\n-Tuz: Tuz, b&ouml;brek solid y&uuml;k&uuml;n&uuml; arttırır ve hen&uuml;z b&ouml;brekleri gelişmemiş bir bebeğin b&ouml;breklerinde sorunlara yol a&ccedil;abilir. O y&uuml;zden bebeklere tuz verilmemesi gerekir.<br />\r\n-Şeker: Bebeklerde şeker t&uuml;ketimi onların karaciğerlerinin yorulmasına ve ileriki yaşlarında şeker t&uuml;ketimlerinin y&uuml;ksek olmasına neden olabilir. &Ouml;zellikle ağlayan &ccedil;ocuğa şeker vermek onun ileriki yaşlarında herhangi bir stresli anında şeker t&uuml;ketmesine neden olabilir.<br />\r\n-&Ccedil;ay: Bebeklerde anemi riskine neden olabileceğinden dolayı ve kafein riskine bağlı olarak bebeklerde &ccedil;ay ve kahve verilmesi &ouml;nerilmemektedir.<br />\r\n-Kuruyemişler: &Ccedil;iğneme ve yutma fonksiyonları gelişmemiş bebeklere kuruyemiş vermek boğulmalarına sebebiyet vereceğinden dolayı bu d&ouml;nemde verilmemesine dikkat edilmelidir.<br />\r\n-Baharatlar ve Acı Gıdalar: Baharatları bebeğin sindirilmesi zordur. Baharatlar bebekte refl&uuml; gibi rahatsızlıkların oluşmasına neden olur.<br />\r\n&nbsp;</p>\r\n\r\n<p><strong>İŞLENMİŞ GIDALARA DİKKAT</strong><br />\r\n-Konserveler: Konserve gıdalar da steril g&ouml;r&uuml;lse de botulizm riski taşımaktadır. O y&uuml;zden bebeklere verilmemesi gerekir.<br />\r\n-İşlenmiş Gıdalar: Sadece 1 yaşından &ouml;nce değil, 1 yaşından sonra da verilmemesi gereken yiyeceklerden olan salam, sosis gibi &uuml;r&uuml;nlerin, gerek i&ccedil;lerindeki kimyasallardan gerekse yapıldıkları malzemelerden &ouml;t&uuml;r&uuml; &ccedil;ocuklara verilmesi &ouml;nerilmez.<br />\r\nSağlıklı g&uuml;nler.</p>\r\n","hideAds":false,"createdDate":1576204953000,"updatedDate":1576191420000,"hitCount":747,"active":true,"lastUpdaterIp":"159.146.48.132","hasEmbeddedTitle":false,"showOnHomePage":false,"currentUrl":"bebeklere-bir-yasindan-once-verilmemesi-gereken-10-besin-pelin-guloglu-kose-yazilari-aralik-2019"},{"id":199462,"title":"Tamamlayıcı Beslenme","contentType":"CORNER_POST","coverImage":"","socialMediaImage":"","publicationDate":1575586620000,"tags":[],"spot":"","body":"<p>Tamamlayıcı Beslenme, anne s&uuml;t&uuml;ne ek olarak &ccedil;ocuğun yaş ve gereksinimine uygun olarak &ccedil;ocuğu beslenme bi&ccedil;imidir. İlk altı aydan sonra &ccedil;ocuğun beyin gelişimine, b&ouml;brek ve sindirim sistemlerindeki gelişimine bağlı olarak bebeğin ek besine ge&ccedil;işi sağlanır.&nbsp;<br />\r\nTamamlayıcı beslenmenin olduğu d&ouml;neme tamamlayıcı beslenme d&ouml;nemi denir. Bu d&ouml;nemi &uuml;&ccedil; b&ouml;l&uuml;me ayırabiliriz.&nbsp;<br />\r\n6-8 aylık d&ouml;nem: Bu d&ouml;nemde &ccedil;ocuk, kaşığı sıyırma eğiliminde olur ve p&uuml;re gibi besinleri t&uuml;ketebilir. Bebekler i&ccedil;in tamamlayıcı beslenme d&ouml;neminde ilk başlanabilecek besin yoğurttur. Bu d&ouml;nemde &ccedil;ocuğa, şeker ve tuz verilmez. Şeker yerine yiyecekleri tatlandırabilmek i&ccedil;in pekmez verilmesi daha uygundur.<br />\r\n8-10 aylık d&ouml;nem: Bu d&ouml;nemde &ccedil;ocuğun n&ouml;rogelişimsel durumuna bakarak daha p&uuml;rt&uuml;kl&uuml; yiyecekleri verebildiğimiz d&ouml;nemdir. Yine bu d&ouml;nemde anne s&uuml;t&uuml;n&uuml;n devamlılığı s&ouml;z konusudur. Bebeğe şeker ve tuz verilmemelidir.<br />\r\n11-12 aylık d&ouml;nem: Bu d&ouml;nem parmak besin dediğimiz bir d&ouml;nemdir. &Ccedil;ocuk artık iki eliyle bardağı tutabilecek durumdadır. Parmak besin d&ouml;nemi, &ccedil;ocuğun daha elle tutulabilir yiyecekleri yiyebildiği d&ouml;nem olarak adlandırılabilir.<br />\r\nEk besine ge&ccedil;ildiği d&ouml;nem, anne s&uuml;t&uuml;n&uuml;n devamlılığı &ouml;nemlidir. Tamamlayıcı beslenmeye erken başlanıldığı takdirde;<br />\r\n-Anne s&uuml;t&uuml;n&uuml;n verimi azalır.<br />\r\n-Anne s&uuml;t&uuml;n&uuml;n verimi azaldığı i&ccedil;in anne s&uuml;t&uuml;n&uuml;n koruyuculuğu azalır.&nbsp;<br />\r\n-Anne s&uuml;t&uuml;n&uuml;n koruyuculuğu azaldığı i&ccedil;in bebekte enfeksiyon ve alerji g&ouml;r&uuml;lme ihtimali artar.<br />\r\n-Bebekte dilin dışarı itme refleksi bu d&ouml;nemde g&uuml;&ccedil;l&uuml;d&uuml;r. Yiyecekleri geri itebilir ve bu da ilerleyen d&ouml;nemlerde bebeklerde besin reddine neden olur.<br />\r\n-Bebeğin bağırsak ve b&ouml;brek fonksiyonları hen&uuml;z gelişmemiştir.<br />\r\n-&Ccedil;iğneme fonksiyonları da gelişmediği i&ccedil;in boğulmalara neden olabilir.<br />\r\n-&ldquo;Erken ek besine ge&ccedil;ildiği takdirde bebek daha hızlı b&uuml;y&uuml;r&rdquo;şeklinde bir bilgi doğru değildir.<br />\r\nEn &ouml;nemlisi ilk 6 ay sadece anne s&uuml;t&uuml; ile beslemek, daha sonraki aylar emzirme devamlılığı ve doğru ek besin tavsiyeleri i&ccedil;in bir uzmandan yardım alabilmektir.<br />\r\nSağlıklı g&uuml;nler.</p>\r\n\r\n<p>&nbsp;</p>\r\n","hideAds":false,"createdDate":1575532413000,"updatedDate":1575586620000,"hitCount":632,"active":true,"lastUpdaterIp":"159.146.48.132","hasEmbeddedTitle":false,"showOnHomePage":false,"currentUrl":"tamamlayici-beslenme-pelin-guloglu-kose-yazilari-aralik-2019"},{"id":199418,"title":"Polikistik over sendromu ve beslenme","contentType":"CORNER_POST","coverImage":"","socialMediaImage":"","publicationDate":1574981880000,"tags":[],"spot":"","body":"<p>Polikistik over sendromu y&uuml;ksek androjen seviyeleri ve buna bağlı olarak v&uuml;cutta kıllanma adet d&uuml;zensizliği, ins&uuml;lin direnci ile seyreden endokrin bir hastalıktır. Obezite ve PCOS (polikistik over sendromu) arasında g&uuml;&ccedil;l&uuml; bir bağ bulunmaktadır. V&uuml;cut yağının y&uuml;zde 5-10 azalması hormon d&uuml;zeylerinde d&uuml;zelmeye neden olmaktadır. Hastalık ila&ccedil;larla beraber sağlıklı beslenme ve fiziksel aktivite ile d&uuml;zelme kaydeder.<br />\r\nPolikistik overda;<br />\r\n-Ara &ouml;ğ&uuml;nlerini d&uuml;zenli yapması i&ccedil;in birey, teşvik edilmelidir. Ara &ouml;ğ&uuml;nlerini atlamamalıdır.<br />\r\n-Kahvaltıya &ouml;nem verilmelidir. Kahvaltı alışkanlığının kazandırılması gerekmektedir.<br />\r\n-İns&uuml;lin direnci ve bozulmuş glukoz toleransı g&ouml;r&uuml;ld&uuml;ğ&uuml;nden &ouml;t&uuml;r&uuml; glisemik indeksi d&uuml;ş&uuml;k, kompleks karbonhidrat t&uuml;ketimine &ouml;nem verilmelidir. Kişi beyaz ekmek t&uuml;ketiyorsa tam buğday ekmeğiyle değiştirilmeli, pirin&ccedil; ve patates gibi glisemik indeksi y&uuml;ksek besinlerin t&uuml;ketimi sınırlandırılmalıdır.<br />\r\n&nbsp;</p>\r\n\r\n<p><strong>POSALI BESİNLERİN ALIMI</strong><br />\r\n-Bireyin beslenmesinde g&uuml;nl&uuml;k posa alımı desteklenmelidir. Bunun i&ccedil;in sebze, meyve ve tam tahıllı besinlerin daha &ccedil;ok alımı sağlanmalıdır.<br />\r\n-&Ccedil;oklu doymamış yağ asitlerinin alımı arttırılmalıdır. &Ouml;zellikle yağlı tohumlar ve balık t&uuml;ketiminin arttırılması d&uuml;zeltici etkiye sahiptir. Yirmi beş obez PCOS&rsquo;lu birey &uuml;zerinde yapılan &ccedil;alışmada katılımcılara 4 g omega-3 takviyesi sonrası yağ asidi miktarı ve y&uuml;ksek tansiyon riskinin anlamlı olarak azaldığı g&ouml;zlemlenmiştir.<br />\r\n&nbsp;</p>\r\n\r\n<p><strong>TRANS YAĞA DİKKAT</strong><br />\r\n-Trans yağ infertiliteye (kısırlık) neden olabileceğinden &ouml;t&uuml;r&uuml; trans yağ t&uuml;ketilmemelidir.<br />\r\n-Bireyin g&uuml;nl&uuml;k 2-2,5 litre su t&uuml;ketimi sağlanmalı; 30-45 dakika fiziksel aktivite alışkanlığı kazandırılmalıdır.<br />\r\n-Polikistik over&nbsp; sendromu multidisipliner olarak tedavi edilmesi gereken bir rahatsızlıktır. Hastalığın jinekolog, endokrinolog, beslenme uzmanı veya diyetisyen, fizyoterapist ve psikolog işbirliği i&ccedil;inde tedavi edilmesi gerekir.</p>\r\n","hideAds":false,"createdDate":1574980513000,"updatedDate":1574981880000,"hitCount":1304,"active":true,"lastUpdaterIp":"159.146.49.66","hasEmbeddedTitle":false,"showOnHomePage":false,"currentUrl":"polikistik-over-sendromu-ve-beslenme-pelin-guloglu-kose-yazilari-kasim-2019"},{"id":138999,"title":"Kış aylarında beslenme","contentType":"CORNER_POST","coverImage":"","socialMediaImage":"","publicationDate":1574377080000,"tags":[],"spot":"","body":"<p>Sonbahardan kışa doğru ge&ccedil;tiğimiz şu aylarda mevsimsel değişikliklere bağlı olarak bireylerde grip, soğuk algınlığı gibi belirtiler g&ouml;zlenebilmektedir. Bu tip rahatsızlıklardan kendimizi koruyabilmemiz i&ccedil;in bağışıklık sistemini g&uuml;&ccedil;lendirmemiz gerekmektedir. Ufak değişiklikler yaparak bağışıklık sistemini g&uuml;&ccedil;lendirebiliriz:<br />\r\n-Sebze ve meyve t&uuml;ketimine &ouml;zen g&ouml;sterin. &Ouml;zellikle kış aylarında C ve A vitamininden y&uuml;ksek gıdalar t&uuml;ketmek bağışıklık sisteminizi g&uuml;&ccedil;lendirecek; b&ouml;ylece hastalıklara karşı koruyuculuğunuz da artacaktır. C vitamininden y&uuml;ksek besinler &ouml;zellikle biber ve narenciye meyveleri; A vitamininden y&uuml;ksek besinler ise başta havu&ccedil; olmak &uuml;zere ıspanak, patates gibi gıdalardır.<br />\r\n-Su t&uuml;ketmeyi asla unutmayın. Yaz mevsiminde olduğu kadar kış mevsiminde de su t&uuml;ketimine &ouml;zen g&ouml;stermemiz gerekiyor. Su cildin yenilenmesi ve organların daha sağlıklı &ccedil;alışabilmeleri a&ccedil;ısından &ccedil;ok değerli.&nbsp;<br />\r\n&nbsp;</p>\r\n\r\n<p><strong>ŞEKERİ MEYVEDEN&nbsp;KARŞILAYIN</strong><br />\r\n-Sıcak i&ccedil;ecek t&uuml;ketirken şeker ve kalori i&ccedil;eriği y&uuml;ksek salep, sıcak &ccedil;ikolata gibi i&ccedil;ecekler yerine yeşil &ccedil;ay ya da sade T&uuml;rk kahvesi gibi se&ccedil;eneklere y&ouml;nelmek gerekiyor.<br />\r\n-Haftada iki kez balık t&uuml;ketin. Balık i&ccedil;erdiği omega-3 nedeniyle iyi bir bağışıklık g&uuml;&ccedil;lendiricidir. Ayrıca omega-3 kolesterol d&uuml;ş&uuml;r&uuml;c&uuml; etkiye sahiptir. Ancak balığı kızartma yerine ızgara veya fırında pişirtmekte fayda var.<br />\r\n-Ara &ouml;ğ&uuml;nlerde meyve t&uuml;ketimini atlamayın. Kış mevsiminde tatlı atakları oluştuğunda tek kurtarıcımız meyveler olmalıdır. Hem tokluk sağlar, hem de kan şekerinin d&uuml;zenlenmesine yardımcı olur.</p>\r\n\r\n<p>&nbsp;</p>\r\n","hideAds":false,"createdDate":1574395659000,"updatedDate":1574377080000,"hitCount":571,"active":true,"lastUpdaterIp":"178.247.177.176","hasEmbeddedTitle":false,"showOnHomePage":false,"currentUrl":"kis-aylarinda-beslenme-pelin-guloglu-kose-yazilari-kasim-2019"},{"id":138507,"title":"Düşük kalorili diyetler","contentType":"CORNER_POST","coverImage":"","socialMediaImage":"","publicationDate":1573772280000,"tags":[],"spot":"","body":"<p>Teknolojinin gelişmesiyle birlikte hayat daha hızlı bir hal alıyor. Bu hal, bireylerin de her şeyin bir anda olması isteğiyle yaşam şekline yansıyor. &Ouml;zellikle artan obezite y&uuml;zdeleriyle beraber d&uuml;ş&uuml;k kalorili diyetler de bu noktada bireylerin hızlı kilo verme isteklerine karşı cevap oluşturabilecek nitelikte insanlara sunuluyor. Peki d&uuml;ş&uuml;k kalorili diyetler ne kadar doğru?&nbsp;<br />\r\nAslına bakarsanız doktor kontrol&uuml;nde t&uuml;m kan tetkiklerinin d&uuml;zenli olarak yapılıp kontrol edildiği diyet programları sizi en doğru sonuca ulaştıran diyet programlarıdır. &Ccedil;&uuml;nk&uuml; sizin nasıl beslendiğinizi ya da d&uuml;zenli egzersiz yapıp yapmadığınızı v&uuml;cudunuz uzmanlara bu tetkikler sayesinde a&ccedil;ıklar. Hızlı kilo vermek i&ccedil;in uygulanan d&uuml;ş&uuml;k kalorili diyetler ise sadece &ldquo;d&uuml;ş&uuml;k kalorili&rdquo; olmalarından dolayı zararlı etkilere sahiptir:</p>\r\n\r\n<p>-V&uuml;cudun alması gereken mineral ve vitaminlerden yetersiz kalması. Bu problem, &ccedil;oğu d&uuml;ş&uuml;k kalorili diyette karşımıza &ccedil;ıkan en &ouml;nemli sorundur. Bireyin normalde g&uuml;nl&uuml;k alması gereken vitamin ve mineral hızlı kilo vermek uğruna &ldquo;sınırlandırıldığında&rdquo; bireylerde bir&ccedil;ok vitamin ve mineral kaybı oluşmaktadır. Bu da ileride bir&ccedil;ok besinin eksikliğinden doğan bir&ccedil;ok hastalığa sebebiyet vermektedir.<br />\r\n&nbsp;</p>\r\n\r\n<p><strong>BAĞIŞIKLIK SİSTEMİ&nbsp;BOZULABİLİR</strong><br />\r\n-Bağışıklık sisteminde d&uuml;ş&uuml;ş ve sık hastalanma.<br />\r\n-Metabolizma hızınız yavaşlar. D&uuml;ş&uuml;k kalorili diyetler hipotalamus-troit arasındaki iletişimi bozarak troit hormonun daha az &uuml;retilmesine neden olur. Bu da metabolizma hızını yavaşlatan bir etkendir.<br />\r\n-Kolesterol d&uuml;zeyinde ani artış ve safra taşı oluşumu. Hızlı kilo veren bireylerde v&uuml;cuda bir cevap niteliğinde olarak karaciğer tarafından kolesterol &uuml;retimi artar. Bu da safra taşı oluşum riskini tetikler.&nbsp;<br />\r\n-Yorgunluk. D&uuml;ş&uuml;k kalorili diyetler, d&uuml;ş&uuml;k kan şekerinin de nedenidir. D&uuml;ş&uuml;k kan şekeri ise bireylerde yorgunluk ve halsizliğe neden olur. Kişi, elini kolunu oynatamayacak duruma gelir.<br />\r\n-Bitmeyen baş ağrıları. D&uuml;ş&uuml;k kan şekerinin yol a&ccedil;tığı etkilerden biri de beynin glikoz alımına karşı v&uuml;cudu uyarmasıyla beraber yaşanan baş ağrılarıdır.&nbsp;<br />\r\n-Doku ve organ hasarı. Uzun s&uuml;re d&uuml;ş&uuml;k kalorili diyetler yapmak doku ve organ hasarına neden olur.<br />\r\n-Kaybedilen kilo genel olarak yağdan değil, kastan olur. V&uuml;cut, enerji alabilmek i&ccedil;in yeni yollara başvurur ve b&ouml;ylece kas kaybı başlar.<br />\r\n-Hızlı kaybedilen kilolar diyetin bırakılmasıyla beraber hızlı bir şekilde geri alınır.&nbsp;<br />\r\n&nbsp;</p>\r\n\r\n<p><strong>BESLENME D&Uuml;ZENİ</strong><br />\r\nYaptığınız diyet, 1200 kalorinin altında ise &ldquo;d&uuml;ş&uuml;k kalorili&rdquo; 800 kalorinin altında ise &ldquo;&ccedil;ok d&uuml;ş&uuml;k kalorili&rdquo; olarak adlandırmak m&uuml;mk&uuml;n. Burada &ouml;nemli olan diyetten ziyade bir beslenme d&uuml;zeni oluşturabilmek. V&uuml;cudunuzun da bunu istediğini fark edeceksiniz.&nbsp;<br />\r\nSağlıklı g&uuml;nler.</p>\r\n","hideAds":false,"createdDate":1573710829000,"updatedDate":1573772280000,"hitCount":949,"active":true,"lastUpdaterIp":"88.226.109.108","hasEmbeddedTitle":false,"showOnHomePage":false,"currentUrl":"dusuk-kalorili-diyetler-pelin-guloglu-kose-yazilari-kasim-2019"},{"id":137958,"title":"Hipertansiyonda beslenme  tedavisi","contentType":"CORNER_POST","coverImage":"","socialMediaImage":"","publicationDate":1573167420000,"tags":[],"spot":"","body":"<p>Hipertansiyon g&uuml;n&uuml;m&uuml;zde &ccedil;ok sık rastlanan kronik halk sağlığı problemlerinden bir tanesidir. Hipertansiyon, kan basıncının normal seyrinden y&uuml;ksek olması anlamına gelmektedir. Yapılan &ccedil;alışmalarda &uuml;lkemizde her 3 kişiden birinde hipertansiyon problemi saptanmıştır.<br />\r\nHipertansiyonun tedavisinde bir&ccedil;ok y&ouml;ntem uygulanmaktadır. Bunlardan bir tanesi de hipertansiyona uygun beslenmedir. Hipertansiyona uygun beslenme bi&ccedil;imi tuz daha doğrusu sodyum alımının azaltılması şeklinde uygulanmaktadır.&nbsp;<br />\r\nHipertansiyona uygun beslenme doymuş yağ d&uuml;zeyi d&uuml;ş&uuml;k meyve, sebze ve tam tahıllı gıdalardan zengin bir beslenme bi&ccedil;imidir.<br />\r\nYapılan &ccedil;alışmalarda hipertansiyonun tedavisinde kilo kontrol&uuml;n&uuml;n de &ouml;nemli olduğu ortaya konulmuştur. Eğer bireyin v&uuml;cut ağırlığı normalinin &uuml;st&uuml;ndeyse kilo kaybının y&uuml;zde 10&rsquo;dan fazla olması hipertansiyon riskini azaltmaktadır.<br />\r\n&nbsp;</p>\r\n\r\n<p><strong>NELERE DİKKAT&nbsp;EDİLMELİ?</strong><br />\r\n-Sebze ve meyveleri y&uuml;ksek miktarda t&uuml;ketmek: Sebze ve meyveler y&uuml;ksek potasyum i&ccedil;erikleri nedeniyle v&uuml;cuttaki sodyum-potasyum dengesini ayarlamaya yardımcı olurlar. G&uuml;nde 4-5 porsiyon sebze ve meyve t&uuml;ketimi yerinde olacaktır. Ancak sebzeler pişirirken yemeğe tuz eklemeden pişirilmelidir.<br />\r\n-Magnezyum hipertansiyonun kontrol&uuml; i&ccedil;in gereklidir. &Ouml;zellikle badem, fındık, ceviz gibi yağlı tohumların g&uuml;nl&uuml;k 1 porsiyon kadar t&uuml;ketilmesi kan basıncını ayarlamak i&ccedil;in idealdir. Fakat t&uuml;ketilen yağlı tohumların tuzsuz ve &ccedil;iğ olmasına dikkat edilmelidir.<br />\r\n-Kalsiyum da hipertansiyonu d&uuml;zenleyici etkiye sahiptir. G&uuml;nl&uuml;k s&uuml;t ve s&uuml;t &uuml;r&uuml;nleri d&uuml;zenli bir şekilde t&uuml;ketilmelidir.<br />\r\n-Gıda maddelerini satın alırken muhakkak etiket okuması yapılmalıdır. Tuz yerine &ldquo;sodyum&rdquo; veya &ldquo;monosodyumglutamat&rdquo; şeklinde de i&ccedil;erikler g&ouml;r&uuml;lebilmektedir.<br />\r\n-Fast-food t&uuml;ketiminden tamamen ka&ccedil;ınılmalıdır.<br />\r\n-Soda, asitli i&ccedil;ecekler ve maden suları da y&uuml;ksek miktarda sodyum i&ccedil;ermektedir. Bu t&uuml;r gıdaları t&uuml;ketmekten ka&ccedil;ınılmalıdır.<br />\r\n-Turşu ve konserve &uuml;r&uuml;n t&uuml;ketiminden ka&ccedil;ınılmalıdır.<br />\r\n-B&ouml;breklerin doğru &ccedil;alışması i&ccedil;in g&uuml;nl&uuml;k su t&uuml;ketiminin en az 2 litre olması gerekmektedir.<br />\r\nSağlıklı g&uuml;nler.<br />\r\nD&uuml;zeltme: 25.10.2019 tarihinde yayımlanan &ldquo;&Ccedil;&ouml;lyak ve Beslenme&rdquo; konulu makalede yer alan &ldquo;Buğday, &ccedil;avdar, arpa ve bunlardan yapılmış unlar, makarnalar, ekmekler ve hamur işleri&rdquo; ifadesi &ldquo;Buğday, &ccedil;avdar, arpa dışındaki tahıllar ve bunlardan yapılmış unlar, makarnalar, ekmekler ve hamur işleri&rdquo; şeklinde olmalıydı. D&uuml;zeltir &ouml;z&uuml;r dileriz.</p>\r\n\r\n<p>&nbsp;</p>\r\n","hideAds":false,"createdDate":1573115836000,"updatedDate":1573167420000,"hitCount":771,"active":true,"lastUpdaterIp":"159.146.49.89","hasEmbeddedTitle":false,"showOnHomePage":false,"currentUrl":"hipertansiyonda-beslenme-tedavisi-pelin-guloglu-kose-yazilari-kasim-2019"}]},"success":true}