{"data":{"totalCount":12,"author":{"id":125,"name":"Aydın Keleşoğlu","image":"2019/11/27/d938e3d9-c1bf-47b1-a796-ecc99bdcbcea.jpg","authorType":"OLD","emailAddress":"aydinkelesoglu16@gmail.com","twitter":"https://twitter.com/aydin_kelesoglu","facebook":"https://www.facebook.com/profile.php?id=100011297294845","background":"","active":true,"socialImage":"2019/11/27/8c64cfa6-0130-4b80-a058-0a2284bbc387.jpg","slugUrl":"aydin-kelesoglu"},"contents":[{"id":108614,"title":"Adnan Oktar’ın kod adı ve mührü neydi?","contentType":"CORNER_POST","coverImage":"","socialMediaImage":"","publicationDate":1542240000000,"tags":[],"spot":"","body":"<p>Hem dinsi sapıktı, hem de cinsi sapıktı.</p>\r\n\r\n<p>Dinsi sapıktı &ccedil;&uuml;nk&uuml; &ldquo;Mehd&icirc;&rsquo;nin tarifinin kendisine tıpatıp uyduğunu&rdquo; s&ouml;yl&uuml;yordu.</p>\r\n\r\n<p>Cinsi sapıktı &ccedil;&uuml;nk&uuml; kendi kanalında kedicikler adı altında kadın oynatıyordu...</p>\r\n\r\n<p>Ge&ccedil;mişte de aklını oynatıyordu...</p>\r\n\r\n<p>Şizofreni&quot; teşhisi ile Bakırk&ouml;y Ruh ve Sinir Hastalıkları Hastanesi&#39;nde 10 ay kaldı.</p>\r\n\r\n<p>Daha evveli,</p>\r\n\r\n<p>1979-80 yıllarında Adnan Hoca Grubu adında bir &ouml;rg&uuml;t kurdu. Said-i Nursi&rsquo;den ilham aldı. Bilimsel d&uuml;ş&uuml;nceye karşı saldırdı.</p>\r\n\r\n<p>1987&#39;de &quot;Yahudilik, Masonluk&quot; alanında yazılar yazarak Antisemitizmden beslendi.</p>\r\n\r\n<p>Kod adı Harun Yahya idi.</p>\r\n\r\n<p>Tarikatlarla, &ouml;zellikle İngiliz Ajanı Şeyh Nazım Kıbrısi ile tanıştı, birlikte &ccedil;alıştı.</p>\r\n\r\n<p>Refah Partisi d&ouml;neminde Necmettin Erbakan ile yakınlaştı.</p>\r\n\r\n<p>1991 yılında &quot;Adnan Hocacılar&quot; olarak &lsquo;Bilim Araştırma Vakfı&#39;nı kurdu, ama bakmayın adına.. Bu vakıf ger&ccedil;ekte Bilime ve Araştırmaya karşıydı aslında.</p>\r\n\r\n<p>90&#39;lı yıllarda M&uuml;ritlerinin bazılarından meşru olmayan yollarla gelir elde edildiği iddia edildi.</p>\r\n\r\n<p>2011 yılında A9 televizyonunu kurdu. Reyting i&ccedil;in gen&ccedil; kızları cinsel meta olarak kullandı. Bir de bunları İslami perspektif i&ccedil;erisinde verdi ve dini i&ccedil;erikli konuşmalarında Said-i Nursi&#39;ye sık sık mesajlar g&ouml;nderdi.</p>\r\n\r\n<p>&ldquo;Yaratılış Atlası&quot; adlı hi&ccedil;bir bilimsel kanıta dayanmayan, sa&ccedil;ma sapan kitabında Darwinizm&#39;i &quot;ter&ouml;rizmin kaynağı&quot; olarak da tanımladı ve aklı sıra, Charles Darwin&#39;in Evrim teorisini &ccedil;&uuml;r&uuml;tt&uuml;ğ&uuml;n&uuml; iddia etti.</p>\r\n\r\n<p>Aslında t&uuml;m iddiaları, palavradan ibaretti..</p>\r\n\r\n<p>Buraya kadar her şey biliniyordu, ama bilinmeyen bir şey vardı.</p>\r\n\r\n<p>Kitap da denilemez ama, bu g&uuml;ne kadar Harun Yahya kod adıyla yayınladığı her kitabının kapağında bir m&uuml;h&uuml;r vardı. Her kitabında vardı.</p>\r\n\r\n<figure><img alt=\"\" src=\"2019/11/28/1b73ef31-0545-4222-ad8e-82777cdfcab0.jpg\" /></figure>\r\n\r\n<p>Bu m&uuml;h&uuml;r...</p>\r\n\r\n<p>Hz.Muhammed&rsquo;in t&uuml;m resmi işlerinde kullandığı bir m&uuml;h&uuml;rd&uuml;. Mektuplarında, &ouml;zellikle kavimleri İslam&rsquo;a davet edişlerinde hep bu m&uuml;hr&uuml; kullandı. Bu m&uuml;hr&uuml; kendisinden sonra gelen 4 halife saygısızlık olmasın diye kullanmadı. Hatta ilk halife Hz.Ebubekir&rsquo;en, son halife II.Abd&uuml;lmecit&rsquo;e kadar toplam 117 halifenin hi&ccedil; birisi kullanmadı.</p>\r\n\r\n<p>Ama Harun Yahya kod adıyla Adnan Oktar kullandı.</p>\r\n\r\n<p>Peki niye kullandı..</p>\r\n\r\n<p>Ya da kullanmasına izin verildi.</p>\r\n\r\n<p>Ebubekir&rsquo;den, &Ouml;mer&rsquo;den, Osman&rsquo;dan Ali&rsquo;den daha mı değerliydi</p>\r\n\r\n<p>T&ouml;vbe haşa., Tabiki değildi.. Peki niye engellenmedi.</p>\r\n\r\n<p>Diyanetin g&ouml;revlerinden biri de İslam dininin suiistimal edilmesini &ouml;nlemek değil midir ey millet?</p>\r\n\r\n<p>Tabii ki &ouml;yledir.</p>\r\n\r\n<p>O zaman ni&ccedil;in izin verdi bu Diyanet..</p>\r\n\r\n<p>Bence Diyanet,</p>\r\n\r\n<p>sen &ldquo;Kurtuluş Savaşında keşke Yunan galip gelseydi&rdquo; diyen vatan haini feslileri takip edeceğine,</p>\r\n\r\n<p>bunları takip et...</p>\r\n\r\n<p><strong>Mail; </strong>aydinkelesoglu16@gmail.com</p>\r\n\r\n<p><strong>Twitter;</strong> @aydin_kelesoglu&nbsp;</p>\r\n","hideAds":false,"createdDate":1542233206000,"updatedDate":1542233448000,"hitCount":5867,"active":true,"lastUpdaterIp":"162.158.93.214","hasEmbeddedTitle":false,"showOnHomePage":false,"currentUrl":"adnan-oktar-in-kod-adi-ve-muhru-neydi-aydin-kelesoglu-kose-yazilari-kasim-2018"},{"id":106654,"title":"Atatürk’ün Öngörülerini hiç merak ettiniz mi?","contentType":"CORNER_POST","coverImage":"","socialMediaImage":"","publicationDate":1540691700000,"tags":[],"spot":"","body":"<p>Hafızamızı yoklayalım, Atat&uuml;rk bu g&uuml;n&uuml; nasıl g&ouml;rm&uuml;ş;</p>\r\n\r\n<p>Gen&ccedil;liğe Hitabede <em>&ldquo;Bağımsızlıktan ve Cumhuriyetten gelecekte seni mahrum etmek isteyen i&ccedil; ve dış d&uuml;şmanların olacaktır&rdquo;</em> dedi, bug&uuml;n &uuml;lke Bağımsızlıktan mahrum edildi, Cumhuriyetten ise mahrum edilmek &uuml;zere.</p>\r\n\r\n<p>&nbsp;</p>\r\n\r\n<p>Olabilecek olumsuz şartları sıraladı..</p>\r\n\r\n<p>&nbsp;</p>\r\n\r\n<p><em>&ldquo;B&uuml;t&uuml;n bu şartlardan daha k&ouml;t&uuml;s&uuml; ve daha korkuncu, iktidara sahip olanlar gaflet ve dal&acirc;let ve hatt&acirc; ihanet i&ccedil;inde bulunabilirler&rdquo;</em> dedi, &Ouml;rneğin iktidara sahip olanlardan Abdullah G&uuml;l 2003&rsquo;te Amerika ile gizli anlaşma yaparak &uuml;lkeye ihanet etti.</p>\r\n\r\n<p>&nbsp;</p>\r\n\r\n<p><em>&ldquo;Hatt&acirc; bu iktidar sahipleri şahs&icirc; &ccedil;ıkarlarını emperyalistlerin siyas&icirc; ama&ccedil;ları ile birleştirebilirler&rdquo;</em> dedi, İktidara sahip olan ve iktidarı ele ge&ccedil;iren kişiler &uuml;lkeyi ele ge&ccedil;irmek i&ccedil;in Emperyalistlerin siyasi ama&ccedil;ları ve destekleri ile birleştirdi, darbe yapmaya bile kalkıştı</p>\r\n\r\n<p>&nbsp;</p>\r\n\r\n<p><em>&ldquo;Millet fakirlik ve yoksulluk i&ccedil;inde harap ve bitkin d&uuml;şm&uuml;ş olabilir&rdquo; </em>dedi, bug&uuml;n aynen &ouml;yle oldu.Millet a&ccedil;lık sınırının altına mahkum edildi.</p>\r\n\r\n<p>&nbsp;</p>\r\n\r\n<p>1923&rsquo;te <em>&ldquo;Kişisel saltanatta padişahların istekleri ve iradeleri egemendir. Milletin istekleri ve ihtiya&ccedil;ları s&ouml;z konusu değildir&rdquo;</em> dedi, &uuml;lke padişahlık y&ouml;netimine girdi, milletin isteklerinin bir kıymeti kalmadı. Padişah &ouml;zentileri kendisine saray yaptırdı.</p>\r\n\r\n<p>&nbsp;</p>\r\n\r\n<p><em>&ldquo;Cumhuriyetimize, Osmanlı İmparatorluğunun bir devamı g&ouml;z&uuml;yle bakmak sakıncalıdır&rdquo;&nbsp;</em>&nbsp;diyerek kaygısını dile getirdi, maalesef kaygısı ger&ccedil;ekleşti, T&uuml;rkiye&rsquo;nin Osmanlı İmparatorluğunun bir devamı olduğunu, sadece Cumhuriyet d&ouml;neminde reklam arası verildiğini s&ouml;yleyenler t&uuml;redi.</p>\r\n\r\n<p>&nbsp;</p>\r\n\r\n<p>1930&rsquo;da<em> &ldquo;Din ve mezhep hi&ccedil;bir zaman politika aleti olarak kullanılamaz Dinden maddi &ccedil;ıkarlar temin edenler iğren&ccedil; kimselerdir&rdquo;</em> dedi, maalesef bu t&uuml;rden iğren&ccedil; kimseler mevki makam y&uuml;kseldi.</p>\r\n\r\n<p>&nbsp;</p>\r\n\r\n<p><em>&ldquo;Cumhuriyetin d&uuml;şmansız kalmayacağını&rdquo;</em> s&ouml;yledi, ger&ccedil;ekten Cumhuriyetimiz hi&ccedil;bir zaman d&uuml;şmansız kalmadı.</p>\r\n\r\n<p>&nbsp;</p>\r\n\r\n<p><em>&ldquo;Alınan dış bor&ccedil;ları sanki &ouml;demeye mecbur değilmişiz gibi mali bağımsızlığımızı tehlikeye d&uuml;ş&uuml;rmeye kimsenin hakkı yoktur&rdquo;</em> dedi. Başbakan &ccedil;ıktı, sanki &ouml;demeye mecbur değilmiş gibi &ldquo;bor&ccedil; yiğidin kam&ccedil;ısıdır&rdquo; diyerek &uuml;lkeyi tarihte g&ouml;r&uuml;lmemiş bir borca soktu. Ve bağımsızlığımızı tehlikeye d&uuml;ş&uuml;rd&uuml;.</p>\r\n\r\n<p>&nbsp;</p>\r\n\r\n<p>Bursa nutkunda ne dediyse aynısı satır satır &ccedil;ıktı</p>\r\n\r\n<p>&nbsp;</p>\r\n\r\n<p><em>&ldquo;Laiklik asl&acirc; dinsizlik değildir&rdquo; </em>diye uyarmıştı, Cumhuriyete<em> &ldquo;Laiklik dinsizliktir&rdquo; </em>diye saldırıldı.</p>\r\n\r\n<p>&nbsp;</p>\r\n\r\n<p>1927&rsquo;de &ouml;rneğin <em>&ldquo;Emin olunuz ki, bug&uuml;n başına şapka giyen, sakalını bıyığını tıraş eden, smokin ve frakla i&ccedil;imizde yer alanların bir &ccedil;oğunun kafalarının i&ccedil;indeki zihniyet hala sarıklı ve sakallıdır&rdquo;</em> dedi, bug&uuml;n Cumhuriyetimize ve &uuml;lkemize kasteden d&uuml;şmanların sadece sarıklı sakallı değil, aynı zamanda başına şapka giyen, sakalını bıyığını tıraş eden, smokin ve frakla i&ccedil;imizde yer alanların olduğu g&ouml;r&uuml;ld&uuml;.</p>\r\n\r\n<p>&nbsp;</p>\r\n\r\n<p>1930&rsquo;da <em>&ldquo;Başkanlık sistemini aklımdan bile ge&ccedil;irmem&rdquo; </em>dedi, sakıncalarını anlattı, bug&uuml;n &uuml;lke &ldquo;Partili Cumhurbaşkanlığı&rdquo; adı altında bir nevi Başkanlık sistemine ge&ccedil;ti.</p>\r\n\r\n<p>&nbsp;</p>\r\n\r\n<p>Atat&uuml;rk <em>&ldquo;...Her yeni devrime karşı bir tepki olacaktır&rdquo; </em>dedi, &ouml;ld&uuml;kten 12 yıl sonra karşı devrim maalesef ger&ccedil;ekleşti.</p>\r\n\r\n<p>&nbsp;</p>\r\n\r\n<p><em>&ldquo;&hellip;T&uuml;rkiye B&uuml;y&uuml;k Millet Meclisi yalnız ve yalnız milletindir. Bu meclis, ismi ve makamı ne olursa olsun milletin egemenlik hakkını bir şahsa ve makama teslim edemez&rdquo;</em> dedi, 16 Nisan 2017&rsquo;de meclis yetkilerini bir şahsa devretti.</p>\r\n\r\n<p>&nbsp;</p>\r\n\r\n<p><em>&ldquo;Memleketi y&ouml;netenler samimi ve a&ccedil;ık olmalıdırlar milleti kandırmak doğru değildir&rdquo;</em> dedi,</p>\r\n\r\n<p>Memleketi y&ouml;netenler millete yalan s&ouml;ylemeyi alışkanlık haline getirdi.</p>\r\n\r\n<p>&nbsp;</p>\r\n\r\n<p>1919&rsquo;da <em>&ldquo;Millet, kendisine dost g&ouml;r&uuml;n&uuml;p de, iktidara geldikten sonra &uuml;lkeyi istediği gibi y&ouml;neten, laf anlamayan, devletin organlarını kendi şahsına bağlayan İnsanlardan &ccedil;ok zarar g&ouml;rd&uuml;&rdquo; </em>dedi, hakikaten aynen &ouml;yle oldu. Bu &uuml;lke ne &ccedil;ektiyse onlardan &ccedil;ekti.</p>\r\n\r\n<p>&nbsp;</p>\r\n\r\n<p><em>&ldquo;...bir devlet adamı, kendi duygularına dayanarak devlet sorununu &ccedil;&ouml;zemez. Memleket kimsenin malı m&uuml;lk&uuml; değildir&rdquo;</em> dedi, &uuml;lkeyi kendi duygularına g&ouml;re y&ouml;netirken zırıl zırıl ağlayanlar oldu.</p>\r\n\r\n<p>&nbsp;</p>\r\n\r\n<p><em>&ldquo;Suriye Irak ve T&uuml;rkiye kardeştir, bir ittifak kurup silahlarınızı emperyalistlere &ccedil;evirin&rdquo;</em> dedi, bug&uuml;n T&uuml;rkiye&rsquo;yi y&ouml;netenler Atat&uuml;rk&rsquo;&uuml;n bu s&ouml;z&uuml;ne geldi.</p>\r\n\r\n<p>&nbsp;</p>\r\n\r\n<p><em>&ldquo;Biz keyfi hareket etmeyiz. Diktat&ouml;r asla değiliz. Hayatımız &uuml;lkeyi keyfi y&ouml;netenlere karşı m&uuml;cadele ile ge&ccedil;miştir&rdquo;</em> dedi, bug&uuml;n kendisine diktat&ouml;r diyenlere o g&uuml;n cevap verdi</p>\r\n\r\n<p>&nbsp;</p>\r\n\r\n<p>Yazımı ve hazırlanması 9 yıl s&uuml;rm&uuml;ş bir &ccedil;alışma, Bilgi Yayınevinden &ccedil;ıkan &ldquo;D&uuml;nden yarına ATAT&Uuml;RK&rsquo;&Uuml;N &Ouml;NG&Ouml;R&Uuml;LERİ&rdquo; adlı bir kitap ve 12 yıl sonra ekranlarla buluşmuş bir program..</p>\r\n\r\n<p>&nbsp;</p>\r\n\r\n<p>Atat&uuml;rk&rsquo;&uuml;n &Ouml;ng&ouml;r&uuml;leri Aydın Keleşoğlu&rsquo;nun sunumuyla,</p>\r\n\r\n<p>Belgesel tadında,</p>\r\n\r\n<p>G&uuml;ncel olaylar da harmanlanarak 29 Ekim de saat 24&rsquo;00 da ve her ay sonunda,</p>\r\n\r\n<p>Ulusalkanal&rsquo;da...</p>\r\n\r\n<p>Mail; aydinkelesoglu16@gmail.com</p>\r\n\r\n<p>Twitter; @aydin_kelesoglu</p>\r\n\r\n<p>&nbsp;</p>\r\n\r\n<figure><img alt=\"\" src=\"2019/11/28/94e592f0-0855-42ed-b9dd-cd02d24afcf5.jpg\" />\r\n<figcaption><br />\r\n<small><em><strong>Atat&uuml;rk&rsquo;&uuml;n &Ouml;ng&ouml;r&uuml;leri / Bilgi Yayınevi</strong></em></small><br />\r\n&nbsp;</figcaption>\r\n</figure>\r\n\r\n<p>&nbsp;</p>\r\n\r\n<figure>&nbsp;\r\n<figcaption>&nbsp;</figcaption>\r\n</figure>\r\n\r\n<p>&nbsp;</p>\r\n\r\n<p>&nbsp;</p>\r\n\r\n<p>&nbsp;</p>\r\n\r\n<p>&nbsp;</p>\r\n\r\n<figure>&nbsp;\r\n<figcaption>&nbsp;</figcaption>\r\n</figure>\r\n","hideAds":false,"createdDate":1540691985000,"updatedDate":1540692476000,"hitCount":6312,"active":true,"lastUpdaterIp":"162.158.89.38","hasEmbeddedTitle":false,"showOnHomePage":false,"currentUrl":"ataturk-un-ongorulerini-hic-merak-ettiniz-mi-aydin-kelesoglu-kose-yazilari-ekim-2018"},{"id":105958,"title":"Atatürk’ün hayatını kurtaran Ermeni asker ve Ara Güler","contentType":"CORNER_POST","coverImage":"","socialMediaImage":"","publicationDate":1539905160000,"tags":[],"spot":"","body":"<p>1905 yılıydı...</p>\r\n\r\n<p>Osmanlı&rsquo;nın kendi emrindeki Ordu birliklerine olan hakimiyeti azalmıştı. &Ccedil;&ouml;kmekte olan Osmanlı İmparatorluğunun b&uuml;t&ccedil;esi bor&ccedil; batağında, ekonomi de Duyun-i Umumiye kıskacında olduğu i&ccedil;in askerlere ve subaylara yeterli maaş &ouml;deyemiyor veya ge&ccedil; &ouml;d&uuml;yordu. Bazı k&ouml;t&uuml; niyetli askerler de halk &uuml;zerine baskı kurarak hara&ccedil; ve r&uuml;şvet gibi yasadışı işlere y&ouml;neliyorlardı. Osmanlı Ordusunda bunun adı &ldquo;Talan Edilmiş Mallar&rdquo;</p>\r\n\r\n<p>Yani &ldquo;Emvali Mağsube&rdquo; idi.</p>\r\n\r\n<p>İşte o yıllarda gen&ccedil; Mustafa Kemal bu duruma d&uuml;şm&uuml;ş Osmanlı 5&rsquo;nci Ordu Komutanlığına tayin, aslında s&uuml;rg&uuml;n edilmişti. Şam&rsquo;da g&ouml;reve başladıktan 4 ay kadar sonra emrindeki 5&rsquo;nci Ordu Komutanlığı Havran b&ouml;lgesinde g&ouml;reve gitmişti. Ama Mustafa Kemal&rsquo;i g&ouml;t&uuml;rmek istememişlerdi. &Ccedil;&uuml;nk&uuml; O, Ordu i&ccedil;indeki bu hara&ccedil; ve r&uuml;şvet işini engellemeye &ccedil;alışıyor ve g&uuml;&ccedil;l&uuml;k &ccedil;ıkartıyordu.</p>\r\n\r\n<p>Bu konuda &ouml;l&uuml;m tehditleri bile almıştı.</p>\r\n\r\n<p>Ama O dinlemedi ve kendi inisiyatifini kullanarak arkadaşı M&uuml;fit ile birlikte Ordunun peşinden gitti. G&ouml;reve giden birlikler Şemiskin&rsquo;de karargah kurmuştu. Şemiskin sırtlarında onlara yetişti. Peşlerinden gelen Mustafa Kemal ve arkadaşı M&uuml;fit&rsquo;i aralarına almak zorunda kalmışlardı. Ama yemek, battaniye v.s. vermemişlerdi.</p>\r\n\r\n<p>Hatta &ccedil;adır bile verilmedi.</p>\r\n\r\n<p>Ayrıca s&uuml;rg&uuml;n oldukları i&ccedil;in de kimse bakmıyordu y&uuml;zlerine. İki arkadaş a&ccedil; ve a&ccedil;ıkta ortada kalakaldılar. Sonunda, gece olduğunda bir er, onlara gizlice kendi &ccedil;adırını vererek yardımcı oldu. Altlarına saman &ccedil;uvalı serdi. Yoksa Şemiskin&rsquo;de, Havran&rsquo;ın soğuk gecelerinde, hastalanıp kalacaklardı. Mustafa Kemal ve arkadaşı M&uuml;fit, Şam 5&rsquo;nci Ordunun yaptığı bu yağma ve talanın ne kadar b&uuml;y&uuml;k &ccedil;apta olduğunu o g&ouml;revde anlamışlardı. Bunu yapanlar ordunun i&ccedil;indeki vatan hainleriydi. Mustafa Kemal&rsquo;in buna karşı m&uuml;cadele etmesi birlikteki bazı &ccedil;ıkar gruplarının menfaatine dokunuyordu. İşte o sıralar Mustafa Kemal erlerin mektuplarını okuyup yazan bir askerden &ccedil;ok&ccedil;a s&ouml;z edildiğini duydu. Okuryazar ve yardımsever bu askeri &ccedil;ağırıp onla tanıştı. Aksaraylı idi. Sıkıntısı olan herkesin yardımına koşardı. Ailesi onu Konya&rsquo;da kolejde okutmuş ve ardından askere g&ouml;ndermişti. Mustafa Kemal onunla tanıştıktan sonra onu yanına aldı.</p>\r\n\r\n<p>Bir gece &ccedil;adırında uyuyordu.</p>\r\n\r\n<p>Asker de gece uyanmış ve tuvalete &ccedil;ıkmıştı. Kendi &ccedil;adırı, Mustafa Kemal&rsquo;in &ccedil;adırına yakındı. &Ccedil;adırdan birka&ccedil; adım ileri gidince Mustafa Kemal&rsquo;in &ccedil;adırının &uuml;zerinde g&ouml;lgeler g&ouml;rd&uuml;. Hemen anladı ve telaşlandı. Mustafa Kemal&rsquo;i &ouml;ld&uuml;rmek i&ccedil;in &ccedil;adırını basıyorlardı. Saldırganların Mustafa Kemal&rsquo;in bulunduğu &ccedil;adıra bı&ccedil;ak ve s&uuml;ng&uuml; ile saldırdıkları anda &ldquo;Ayak sesleri var&rdquo; diye y&uuml;ksek sesle bağırdı. Ve hemen saldırganların &uuml;zerine atladı. Onlarla boğuşmaya başladı. Sesleri duyan Mustafa Kemal hemen uyandı ve dışarı &ccedil;ıktı. Ancak saldırganlar ka&ccedil;mış ve karanlıkta kayıplara karışmıştı. Asker ise kolundan yaralanmış ve saldırıyı engellemişti. Kendini feda ederek cansiperane &ccedil;arpışan bu askerin adı;</p>\r\n\r\n<p>Garabed Tombalyan&rsquo;dı.</p>\r\n\r\n<p>Ve bir Ermeni&rsquo;ydi.</p>\r\n\r\n<p>Şam&rsquo;daki 5&rsquo;nci Ordu da T&uuml;rk askerlerinin dışında Ermeni S&uuml;ryani ve Arap k&ouml;kenli askerler de vardı. &Ccedil;&uuml;nk&uuml; Musul ve Kerk&uuml;k hari&ccedil; o b&ouml;lgede bu milletlerin n&uuml;fusu &ccedil;oğunluktaydı. .</p>\r\n\r\n<p>Mustafa Kemal Şam&rsquo;dan ayrılıncaya kadar Garabet yanında kaldı. Askerlikten sonra Halep&rsquo;e yerleşti. 1938&rsquo;de Atat&uuml;rk&rsquo;&uuml;n &ouml;l&uuml;m&uuml;n&uuml; duyunca &ccedil;ok &uuml;z&uuml;ld&uuml;. Yakınlarına Atat&uuml;rk ile ilgili bu anılarını anlattı ve bir ay sonra &ouml;ld&uuml;.</p>\r\n\r\n<p>Ge&ccedil;en hafta da Ara G&uuml;ler &ouml;ld&uuml;.</p>\r\n\r\n<p>Asıl adı, Aram G&uuml;leryan idi. Sosyal medyada sırf Ermeni olduğu i&ccedil;in hakaretlerde bulunuldu, saldırıldı. Bir milletin başka bir millete bilgisizce saldırılması Milliyet&ccedil;ilik sanıldı. Oysa 1950 yılında Ticaniler denen gerici hainlerin Atat&uuml;rk heykeline saldırdıkları anı bir fotoğraf&ccedil;ı olarak Ara G&uuml;ler &ccedil;ekmişti.</p>\r\n\r\n<p>O bir sanat&ccedil;ıydı, insandı.</p>\r\n\r\n<p>Bu her şeyden &ouml;nemliydi.</p>\r\n\r\n<p>Sırf Ermeni olduğu i&ccedil;in Ara G&uuml;ler&rsquo;e saldırmak değildir Milliyet&ccedil;ilik. Ona saldırdığında sana sevgiyle yaklaşan ve 1985&#39;te &quot;Yılın Annesi&quot; se&ccedil;ilen Adile Naşit&rsquo;i bulursun karşında. &Ccedil;ocukluğunda hayranlıkla izlediğin Ayhan Işık&rsquo;ı bulursun. &ldquo;Gamzedeyim deva bulmam&rdquo; adlı şarkıyı s&ouml;ylediğinde onun bestecisi olan T&uuml;rk Sanat M&uuml;ziği sanat&ccedil;ısı Tatyos Enkserciyan&rsquo;ı bulursun g&uuml;ftelerinde. Filmlerde ağladığında Nubar Terziyan&rsquo;ı, &uuml;z&uuml;ld&uuml;ğ&uuml;nde Sami Hazinses&rsquo;i bulursun h&uuml;z&uuml;nlerinde.</p>\r\n\r\n<p>Garabet Tombalyan&rsquo;ı bulursun tarihin izlerinde.</p>\r\n\r\n<p>Ve sakın ola, sırf kimliğinden ve k&ouml;keninden dolayı kimseye saldırma..</p>\r\n\r\n<p>G&uuml;n gelir, o kimliğin altında,</p>\r\n\r\n<p>Sende olmayan insanlığı bulursun aslında&hellip;</p>\r\n\r\n<p>Twitter: @aydin_kelesoglu</p>\r\n\r\n<p>&nbsp;</p>\r\n","hideAds":false,"createdDate":1539905223000,"updatedDate":1539905160000,"hitCount":12524,"active":true,"lastUpdaterIp":"141.101.76.119","hasEmbeddedTitle":false,"showOnHomePage":false,"currentUrl":"ataturk-un-hayatini-kurtaran-ermeni-asker-ve-ara-guler-aydin-kelesoglu-kose-yazilari-ekim-2018"},{"id":104563,"title":"Atatürk yaşasaydı Mc Kinsey ve Damat Berat için ne derdi?","contentType":"CORNER_POST","coverImage":"","socialMediaImage":"","publicationDate":1538634960000,"tags":[],"spot":"","body":"<p>Bak Damat Berat Paşa,</p>\r\n\r\n<p>Şuraya dikkat et, burası &ouml;nemli paşa.</p>\r\n\r\n<p>Sen bilmezsin belki ama, Atat&uuml;rk diye biri vardı. O &uuml;lkeyi kuran ve kurtarandı.</p>\r\n\r\n<p>Liseyi hani şu Fet&ouml;ş&rsquo;&uuml;n ter&ouml;r &ouml;rg&uuml;t&uuml;nden dolayı kapatılan &Ouml;zel Fatih Koleji&#39;nde okudun ve y&uuml;ksek Lisansını da Amerika&rsquo;da yaptın ya...</p>\r\n\r\n<p>O bakımdan, okuduğun o Fet&ouml;ş soruşturması sonucunda İmam Hatip Lisesine devredilen o lisede sana Atat&uuml;rk&rsquo;&uuml;n A&rsquo;sını bile anlatmamışlardır. Bilemeyebilirsin. Amerika&rsquo;ya gelince onlar sana d&uuml;şman bana d&uuml;şman, d&uuml;ş&uuml;nen insana d&uuml;şman. Atat&uuml;rk&rsquo;e zaten d&uuml;şman. Hani diyorsun ya Ekonomimizin kontrol&uuml; denetimi teftişi Amerikan Mc Kinsey şirketine emanet ettik diye;</p>\r\n\r\n<p>Bak, gel Damat Berat Paşam ben sana Atat&uuml;rk&rsquo;&uuml;n Mc Kinsey konusundaki d&uuml;ş&uuml;ncelerini s&ouml;yleyeyim. Atat&uuml;rk yaşasaydı bug&uuml;n sana ne derdi hemen belirteyim.</p>\r\n\r\n<p>Bak burası &ccedil;ok &ouml;nemli;</p>\r\n\r\n<p>Tarih 1908...</p>\r\n\r\n<p>&ldquo;&hellip;Şu veya bu tarzda bir takım kuş beyinli kimselere kendinizi beğendirmek hevesine d&uuml;şmeyiniz. Bunun hi&ccedil;bir kıymeti ve &ouml;nemi yoktur. Siz i&ccedil;inde bulunduğunuz durumu değerlendiriniz. Ve &ouml;nce kabul etmek gerekir ki, biraz fedakar olmak lazımdır. Eğer şunun bunun g&uuml;ler y&uuml;z g&ouml;stermesinden g&uuml;&ccedil; alma k&uuml;&ccedil;&uuml;kl&uuml;ğ&uuml;ne d&uuml;şerseniz, bu g&uuml;n&uuml;n&uuml;z&uuml; bilemem, ama geleceğiniz &ccedil;&uuml;r&uuml;k olur&rdquo;.</p>\r\n\r\n<p>Yani diyor ki sevgili Damat Berat Bey; Bize Fet&ouml;ş ile birlikte darbe yapmaya kalkışan Amerika&rsquo;nın Mc Kinsey adlı şirketine filan ekonomimizi beğendirmek hevesine d&uuml;şme sakın. Bunun hi&ccedil;bir &ouml;nemi ve kıymeti yoktur. Ve geleceğin &ccedil;&uuml;r&uuml;k olur diyor.</p>\r\n\r\n<p>Burası &ouml;nemli bak.</p>\r\n\r\n<p>T&uuml;m burası, &ccedil;ok &ouml;nemli. Yok yok burası daha &ouml;nemli.</p>\r\n\r\n<p>Tarih1918...</p>\r\n\r\n<p>&ldquo;... Bir devlet adamı, kendi duygularına dayanarak devlet sorununu &ccedil;&ouml;zemez. Memleket kimsenin malı m&uuml;lk&uuml; değildir. Ancak biz T&uuml;rkler memleket ve milletin y&ouml;netimini elimize aldığımızda, yetki ve sorumluluğumuza verilen y&uuml;ksek seviyeli devlet işlerini yabancılarla &ccedil;&ouml;z&uuml;mlemeyi bir alışkanlık haline getiriyor ve bu tutumumuzla bir &ccedil;ocuk gibi aldanıyoruz.&rdquo;</p>\r\n\r\n<p>Sevgili damat Paşa, &lsquo;bu şirkete &uuml;lke ekonomisini teslim ederken kime sordun&rsquo; diyor. &lsquo;Yoksa kendi duygularınla hareket ederek mi emanet ettin&rsquo; diyor. &lsquo;Y&uuml;ksek seviyeli Devlet işlerini yabancılarla &ccedil;&ouml;z&uuml;ml&uuml;yorsun ama, &lsquo;bak bir &ccedil;ocuk gibi aldanma&rsquo; diyor. &lsquo;Memleket kimsenin malı m&uuml;lk&uuml; değildir&rsquo; diyor. &lsquo;Hele senin hi&ccedil; değildir&rsquo; demiyor, orasını da ben diyorum.</p>\r\n\r\n<p>Burası &ccedil;ok &ouml;nemli &ccedil;&uuml;nk&uuml;, Vallahi &ouml;nemli</p>\r\n\r\n<p>Tarih 1919...</p>\r\n\r\n<p>&ldquo;&hellip;Memleket ve milletin kaderi hakkında Amerika veya herhangi bir devletle anlaşmaya yetkili olabilecek bir h&uuml;k&uuml;met, ancak Milli Hakimiyet esasını kabul ve bir Milli Şura&rsquo;nın oluşumunu onaylayan ve ona dayanmayı esas alan bir H&uuml;k&uuml;mettir. Şu takdirde H&uuml;k&uuml;meti oluşturacak kişinin bu nitelikte olması gerekir&rdquo; diyor.</p>\r\n\r\n<p>Sen ne diyorsun? Ben ekonomimizin denetimini Fet&ouml;ş&uuml; &uuml;st&uuml;m&uuml;ze salan Amerika&rsquo;nın bir şirketine bıraktım diyorsun. Yani tam da &ouml;yle demiyorsun ama, sen Amerikan şirketi deyince benim aklıma Fet&ouml;c&uuml; Amerika geliyor.</p>\r\n\r\n<p>Get&ouml;c&uuml; Amerika değil.</p>\r\n\r\n<p>Neyse canım ben neticede bir garip yazar ve bir (edip)im. (Edepsiz)lik etmeyeyim.</p>\r\n\r\n<p>Yani şimdi sen ekonomimizi Amerika&rsquo;nın McKinsey şirketlerine teslim ettin ya. &#39;Buna yetkili değilsin&#39; diyor Atat&uuml;rk. &#39;B&ouml;yle bir anlaşma yapabilmen i&ccedil;in, &uuml;lkenin ve milletin kaderi hakkında Amerika veya Başka bir &uuml;lke ile onun şirketleriyle devlet adına anlaşma yapabilmen i&ccedil;in millet hakimiyetini kabul eden milli bir h&uuml;k&uuml;met olmalısın&#39; diyor. Hadi ondan vaz ge&ccedil;tik, millete, milletin meclisine, milletvekillerine sormalısın diyor.</p>\r\n\r\n<p>Peki sen kime sordun damat? Kayınpederine mi?</p>\r\n\r\n<p>E tamam da hani millet, hani milletin meclisi, nerde milli irade?</p>\r\n\r\n<p>Bak vallahi burası &ccedil;ok &ccedil;ok pek &ccedil;ok &ouml;nemli. Orası &ouml;nemli, burası &ouml;nemli.</p>\r\n\r\n<p>Dahası mı, dahası daha &ouml;nemli Damat berat Paşam.</p>\r\n\r\n<p>Ekonomimizi Amerikalıların kucağına atanlara ve mandacılığı(Himaye) savunanlara Atat&uuml;rk &ccedil;ok kızıyor, hem de &ouml;yle b&ouml;yle demiyor, kayın&ccedil;on Bilal&rsquo;e anlatır gibi anlatıyor; &lsquo;Ahmaklar&rsquo; diyor. Ben demiyorum, O diyor.</p>\r\n\r\n<p>Tarih; 1919</p>\r\n\r\n<p>&ldquo;Ahmaklar!. Amerika mandasına, İngiliz koruyuculuğuna bırakmakla &uuml;lke kurtulacak sanıyorlar. Kendi rahatlarını sağlamak i&ccedil;in b&uuml;t&uuml;n bir vatanı ve tarih boyunca gelen T&uuml;rk bağımsızlığını feda ediyorlar. Oh ne ala. M&uuml;cadele yerine mandayı(himaye) kabul edeceğiz ve rahata kavuşacağız. Bu ne gaflet, ne k&ouml;rl&uuml;k ve ne budalalık; &ouml;yle bir manda istenecek ve verilecekmiş ki, bu manda egemenlik haklarımıza, dışarıda temsil hakkımıza, k&uuml;lt&uuml;r bağımsızlığımıza, vatan b&uuml;t&uuml;nl&uuml;ğ&uuml;m&uuml;ze dokunmayacakmış; Buna, Amerikalılar değil, &ccedil;ocuklar bile g&uuml;ler. Amerikalılar, kendilerine &ccedil;ıkar sağlamayan b&ouml;yle bir mandayı neden kabul etsinler. Amerikalılar bizim kara g&ouml;z&uuml;m&uuml;ze mi aşıklar. Hayır? Bu ne hayal ve aymazlıktır.&rdquo;</p>\r\n\r\n<p>Hani sen ekonomimizin Amerikan şirketi Mc Kinsey&rsquo;in koruyuculuğuna, himayesine ve mandasına bıraktın ya, bu şekilde kurtaracağını mı sanıyorsun ekonominin? Buna &ccedil;ocuklar bile g&uuml;ler diyor. Ben demiyorum, Atat&uuml;rk diyor.</p>\r\n\r\n<p>Şimdi sen burayı da iyi dinle Damat Berat Paşa, burası &ccedil;ok &ouml;nemli.</p>\r\n\r\n<p>Yani ekonomide durumu d&uuml;zeltmeye &ccedil;alışıyorsun değil mi? Vaziyeti kurtarmak i&ccedil;in Amerikan Mc Kinsey şirketinden nasihat alıyorsun. Nasihattan da &ouml;te bizi denetlettirip rapor alıyorsun, Al bak bunu da oku. Burası &ccedil;ok &ouml;nemli;</p>\r\n\r\n<p>Tarih 1922...</p>\r\n\r\n<p>&ldquo;...Artık vaziyeti d&uuml;zeltmek i&ccedil;in mutlaka Avrupa&rsquo;dan nasihat almak, b&uuml;t&uuml;n işleri Avrupa&rsquo;nın emellerine g&ouml;re yapmak, b&uuml;t&uuml;n dersleri Avrupa&rsquo;dan almak gibi bir takım zihniyetler(d&uuml;ş&uuml;nceler) belirdi. Halbuki hangi gelecek vardır ki yabancıların nasihatleriyle, yabancıların planlarıyla y&uuml;kselebilsin? Tarih b&ouml;yle bir hadiseyi kaydetmemiştir.&rdquo;</p>\r\n\r\n<p>Yahu, aman ha,</p>\r\n\r\n<p>Burası &ouml;nemli. İki g&ouml;z&uuml;m &ouml;n&uuml;me aksın ki burası &ccedil;ok &ouml;nemli.</p>\r\n\r\n<p>Sakın ha &ldquo;Biz adam olmayız, biz yapamayız, o y&uuml;zden ekonomimizi yabancı şirketine teslim ettik&rdquo; filan demeyesin Damat Berat Paşam. Seni severim bilirsin. Damatlar sevilir yani. Diyor ki Atat&uuml;rk 6 Mart 1922&rsquo;de yaptığı TBMM konuşmasında;</p>\r\n\r\n<p>&ldquo;...T&uuml;rk halkını y&ouml;neten bazı insanlar, emperyalist d&uuml;şmanlar karşısında sessizliğe mahkum imiş gibi T&uuml;rkiye&rsquo;yi &ccedil;ekingen bir halde tutuyorlardı. (&Uuml;lkeyi y&ouml;netenler) Memleketin ve milletin menfaatinin gereğini yapmakta soysuz ve korkak idiler. T&uuml;rkiyenin fikir adamları da, adeta kendi kendilerine hakaret ediyorlardı. Diyorlardı ki &lsquo;biz adam değiliz ve biz adam olamayız, kendi kendimize adam olmamıza ihtimal yoktur.&rsquo; Bizim canımızı, tarihimizi, varlığımızı bize d&uuml;şman olan, d&uuml;şman olduğundan hi&ccedil; ş&uuml;phe edilmeyen Avrupalılara kayıtsız şartsız emanet etmek istiyorlardı. &lsquo;Onlar bizi y&ouml;netsin&rsquo; diyorlardı.&rdquo;</p>\r\n\r\n<p>Şimdi sen diyorsun ki Damat Berat Paşam,</p>\r\n\r\n<p>&lsquo;Biz adam değiliz ve biz adam olamayız, kendi kendimize adam olmamıza ihtimal yoktur, biz bu ekonomiyi beceremedik&rsquo; o y&uuml;zden teslim ettik filan. Bizim ekonomimizi bize d&uuml;şman olan, hatta Lozan&rsquo;ı bile imzalamayan, d&uuml;şman olduğundan hi&ccedil; ş&uuml;phe duyulmayan, Fetullah Ter&ouml;r &Ouml;rg&uuml;t&uuml;n&uuml; besleyen barındıran, 15 Temmuz da bide &uuml;st&uuml;m&uuml;ze salan Amerikalıların bir şirketine mi teslim ettik diyorsun? Ya da demek istiyorsun? Eyvah ki ne eyvah. O zaman al buyur, aynı yıl, yani 1922&rsquo;de şunu da diyor Atat&uuml;rk.</p>\r\n\r\n<p>&ldquo;Hangi istiklal vardır ki yabancıların nasihatleriyle, yabancıların planlarıyla y&uuml;kselebilsin? Tarih b&ouml;yle bir olay kaydetmemiştir...&rdquo; diyor.</p>\r\n\r\n<p>Aynen kayın&ccedil;on Bilal&rsquo;e anlatır gibi anlatıyor.</p>\r\n\r\n<p>Ha başka bir şey daha var. Burası &ccedil;ok &ouml;nemli;</p>\r\n\r\n<p>Aman ha Atat&uuml;rk duymasın 16 Bakanlığının denetimini Fetoş&rsquo;u koruyan Amerika&rsquo;nın Mc Kinsey adlı bir şirketine teslim ettiğini. Sakın ha duymasın 2015 yılında bu şirketin CIA&rsquo;nın yapılandırılmasında g&ouml;rev aldığını.</p>\r\n\r\n<p>O zaman buraya dikkat et, şuraya dikkat, burası &ccedil;ok &ouml;nemli şurası &ccedil;ok &ouml;nemli filan demezdi.</p>\r\n\r\n<p>Vallahi hemen kovardı.</p>\r\n","hideAds":false,"createdDate":1538635042000,"updatedDate":1538634960000,"hitCount":5186,"active":true,"lastUpdaterIp":"172.69.55.197","hasEmbeddedTitle":false,"showOnHomePage":false,"currentUrl":"ataturk-yasasaydi-mc-kinsey-ve-damat-berat-icin-ne-derdi-aydin-kelesoglu-kose-yazilari-ekim-2018"},{"id":104248,"title":"Turgut Özakman ölmeden önce ne söyledi?","contentType":"CORNER_POST","coverImage":"","socialMediaImage":"","publicationDate":1538300160000,"tags":[],"spot":"Aydın Keleşoğlu yazdı...","body":"<p>28 Eyl&uuml;l g&uuml;n&uuml; &ouml;l&uuml;m yıl d&ouml;n&uuml;m&uuml;yd&uuml;.<br />\r\n&Ouml;lmeden 3 yıl &ouml;nce 2010 yılında &Ccedil;ankaya&rsquo;daki evinde ziyarete gitmiştim. Ergenekon tertibi ve tutuklamaları yeni başlamıştı. Beni g&ouml;r&uuml;nce &ldquo;Hayırlı olsun evladım, kitabın &ccedil;ıkmış&rdquo; dedi. &Ccedil;ıkan kitabım 2010 yılında Bilgi Yayınevinden yayınlanan &lsquo;İhanet Basını&rsquo; idi. Kitap &uuml;zerinde konuştuk biraz. Kahveler&nbsp; geldi. Yudumlarken ben&nbsp; &ldquo;Osmanlı yıkılırken d&uuml;zmece Nemrut Mustafa Divanlarının, Mahmut Hayret Paşa, Mustafa Nazım Paşa tertip Mahkemelerinin bug&uuml;n Savcı Zekeriya &Ouml;z&rsquo;&uuml;n d&uuml;zmece Ergenekon Mahkemeleri ile ne kadar benzediğini s&ouml;ylemiştim. Ben bu konuşmanın bir b&ouml;l&uuml;m&uuml;nde &ldquo;Hocam, bug&uuml;n &uuml;lkeyi y&ouml;netenler &lsquo;H&uuml;rriyet ve İtilaf Partisine&rsquo; benziyor değil mi?&rdquo; dediğimde şu cevabı vermişti.<br />\r\n-&ldquo;Hayır evladım. Benzemiyor. Bug&uuml;n &uuml;lkeyi y&ouml;netenler hi&ccedil;bir partiye benzemiyor. Og&uuml;n evet H&uuml;rriyet ve İtilaf Partisi gaflet ve aymazlık i&ccedil;erisindeydi ama i&ccedil;inde tek t&uuml;k de olsa iyi niyetli insanlar vardı. Ama bug&uuml;n bizi y&ouml;netenlerin i&ccedil;inde iyi niyetli insanlar yok. Vatanseverler yok. Hi&ccedil; yok. O g&uuml;n H&uuml;rriyet ve İtilaf Partisi i&ccedil;erisinde &uuml;lkeyi y&ouml;netenlerin ne olduğu belliydi. Bug&uuml;n &uuml;lkeyi y&ouml;netenlerin ne olduğu da belli değil. Bunlar&nbsp; daha fena.&rdquo;<br />\r\nEvet, o g&uuml;n H&uuml;rriyet ve İtilaf Partisinin&nbsp; ne olduğu&nbsp; belliydi ama bug&uuml;n &uuml;lkeyi y&ouml;netenlerin ne olduğu belli değil. Bir h&uuml;k&uuml;met,&nbsp; kendi yazarına, askerine, aydınına tertip d&uuml;zenleyip cezaevine atar mı? Kendi kozmik odasına girer mi? Kendi Genel Kurmayını, subayını astsubayını ter&ouml;rist ilan eder mi? Şaşırmamak m&uuml;mk&uuml;n değildi. &ldquo;Hayır evladım şaşırma&rdquo; dedi ve şu s&ouml;zleri s&ouml;yledi;<br />\r\n-&ldquo;Bunlar g&ouml;revini yapıyorlar. Amerika tarafından, Avrupa tarafından &uuml;lkemizi b&ouml;lmek ve par&ccedil;alamak i&ccedil;in iktidara getirilmiş insanlar. Bunlar g&ouml;revlerini yapıyorlar. Peki bizler, g&ouml;revlerimizi yaptık mı? Ger&ccedil;ek tarihimizi halkımıza yeterince anlattık mı?&nbsp; Anlatmadık&rdquo;<br />\r\nEvet. Turgut &Ouml;zakman, O &ccedil;ılgın T&uuml;rk haklıydı.<br />\r\nEmperyalistler g&ouml;revini yapıyorlar,unutmuyorlar, ama biz unutuyoruz. Onun &ouml;lmeden &ouml;nceki s&ouml;zlerinden bazılarını hatırlayacak olursak;<br />\r\n-&ldquo;İnsanın vatanını yalnızca sevmesi yetmez. &Ccedil;ılgınca sevmesi gerekir&rdquo;<br />\r\n-&ldquo;Milli M&uuml;cadelenin i&ccedil;erisinde bug&uuml;n karşılaştığımız her sorunu &ccedil;&ouml;zecek cevaplar var.&rdquo;<br />\r\n-&ldquo;Tarihimizi bilmiyoruz. Tarihten ibret almıyoruz. İbret almazsanız&nbsp; tarih tekerr&uuml;r eder. T&uuml;rkiye bug&uuml;n bu sancıyı yaşıyor.&nbsp; Bizi 30-40 yıldır T&uuml;rk tarihini bilmeyenler y&ouml;netiyor. &ldquo;&nbsp;<br />\r\n-&ldquo;Partimize g&ouml;re, ideolojimize g&ouml;re,&nbsp; dinimize g&ouml;re mezhebimize g&ouml;re tarikatımıza g&ouml;re, ne biliyim bencilliğimize g&ouml;re, &ccedil;ıkarımıza g&ouml;re tarih yaratamayız.&nbsp; Ger&ccedil;eğe ihanet edemeyiz. &ldquo;&nbsp;<br />\r\n-&ldquo;Ben T&uuml;rk yurttaşıyım. Atat&uuml;rk&rsquo;e minnettarım,&nbsp; T&uuml;rkiye&rsquo;nin sorunlarının Atat&uuml;rk yolu ile &ccedil;&ouml;z&uuml;leceğine inanıyorum. Atat&uuml;rk yolundan&nbsp; T&uuml;rkiye&rsquo;yi ayırdılar, her ayırdıkları yerde başımızı taşa &ccedil;arptık.&rdquo;<br />\r\n-&ldquo;Cumhuriyet&nbsp; &ccedil;ok b&uuml;y&uuml;k bir nimet.&nbsp; Vatan,&nbsp; Padişahın m&uuml;lk&uuml;yd&uuml;, milletin oldu. Saltanat Padişahındı, milletin oldu.&nbsp; Devlet padişahındı ve hanedanındı, milletin oldu. Bunu&nbsp; Cumhuriyete bor&ccedil;luyuz&rdquo;<br />\r\n-&ldquo;&lsquo;&Ccedil;ağımızda Atat&uuml;rk&ccedil;&uuml;l&uuml;k ge&ccedil;erli olmaz demodedir&rsquo; diyenler&nbsp; aslında dış kaynaklar.&nbsp; Bir T&uuml;rk bunu s&ouml;ylemez&ldquo;<br />\r\n-&ldquo;Milli M&uuml;cadele bir kutup yıldızı gibidir. Ona ulaşamasak bile bize yol g&ouml;steriyor.&rdquo;<br />\r\nEvet, Ge&ccedil;tiğimiz hafta &ouml;l&uuml;m yıld&ouml;n&uuml;m&uuml;yd&uuml;. &Ouml;l&uuml;m&uuml;n&uuml;n haftasında O&rsquo;nu anarken, s&ouml;ylediği gibi Milli M&uuml;cadele bir kutup yıldızı gibiydi.<br />\r\nTurgut &Ouml;zakman da o yıldızın bir ışığı gibiydi.<br />\r\nSen de yıldızlarda uyu &Ccedil;ılgın T&uuml;rk..<br />\r\nİyi ki vardın,<br />\r\nİyi ki yazdın<br />\r\nVe iyi ki yaşadın..</p>\r\n\r\n<p>@aydin_kelesoglu</p>\r\n","hideAds":false,"createdDate":1538300200000,"updatedDate":1538261461000,"hitCount":4589,"active":true,"lastUpdaterIp":"172.69.54.166","hasEmbeddedTitle":false,"showOnHomePage":false,"currentUrl":"turgut-ozakman-olmeden-once-ne-soyledi-aydin-kelesoglu-kose-yazilari-eylul-2018"},{"id":103680,"title":"İşte, Mustafa Kemal’e verilen hediyeler","contentType":"CORNER_POST","coverImage":"","socialMediaImage":"","publicationDate":1537596900000,"tags":[],"spot":"","body":"<p>İlk hediyeyi babası verdi.</p>\r\n\r\n<p>6 yaşında annesinin isteğiyle Hafız Mehmet Efendi ilkokuluna başlamıştı. Bu okul &ccedil;ağa uygun eğitim vermiyordu. Kısa bir s&uuml;re sonra babası onu bu okuldan aldı ve daha laik, daha bilimsel ve &ccedil;ağdaş eğitim yapan Şemsi Efendi Okuluna verdi. B&ouml;ylece babası sadece Mustafa&rsquo;ya &ccedil;ağdaş bir okul hediye etmedi, T&uuml;rk Milletine de &ccedil;ağdaş bir &ouml;ğrenci hediye etti.</p>\r\n\r\n<p>&nbsp;</p>\r\n\r\n<p>İkinci hediyeyi &ouml;ğretmeni verdi.</p>\r\n\r\n<p>Selanik Askeri Ortaokulunda &uuml;st&uuml;n zek&acirc;sıyla matematik &ouml;ğretmeni&nbsp;Y&uuml;zbaşı Mustafa Efendi&rsquo;nin dikkatini &ccedil;ekiyordu. Mustafa Efendi&nbsp;ona &ldquo;Bilgi ve erdem bakımından olgunluk ve eksiksizlik&rdquo; anlamına gelen bir hediye verdi.Hediyenin adı, Kemal&rsquo;di.</p>\r\n\r\n<p>Mustafa Kemal oldu ve T&uuml;rk Milletine verildi.</p>\r\n\r\n<p>&nbsp;</p>\r\n\r\n<p>&Uuml;&ccedil;&uuml;nc&uuml;&nbsp; hediyeyi annesi verdi.</p>\r\n\r\n<p>10 Ağustos 1915&rsquo;de Conk Bayırında.</p>\r\n\r\n<p>Askeri mevzilerde &ccedil;&ouml;melip oturmuyordu. En &ouml;nde koşuyordu.</p>\r\n\r\n<p>&ldquo;Askerler , karşımızda ki d&uuml;şmanı yeneceğinize hi&ccedil; ş&uuml;phe yoktur. Fakat siz acele etmeyin. &Ouml;nce ben ileriye gideyim. Siz, ben kırbacımla işaret verdiğim zaman hep birden atılırsınız&rdquo;&nbsp; dedi. İleri atıldı, kurşun mermileri ve şarapnel par&ccedil;aları arasında kaldı. Ve bir şarapnel par&ccedil;asıyla g&ouml;ğs&uuml;nden vuruldu. &Ouml;lmemişti. &Ccedil;&uuml;nk&uuml; şarapnel g&ouml;ğs&uuml;ndeki metal saate isabet etmişti.Saat, annesinin kendisine verdiği hediyeydi.Annesi Mustafa Kemal&rsquo;e bir saat hediye etti,&nbsp; O saat, Mustafa Kemal&rsquo;in canını kurtardı, O can T&uuml;rk Milletini kurtardı.</p>\r\n\r\n<p>&nbsp;</p>\r\n\r\n<p>Bir de &Ccedil;anakkale Savaşının Hediye&rsquo;si var.</p>\r\n\r\n<p>&Ccedil;anakkale Savaşına 1315&rsquo;likler de cepheye &ccedil;ağrıldı.</p>\r\n\r\n<p>Onbeşliler dedikleri 18 yaşındakilerdi. Tokat Tahtoba&rsquo;lı H&uuml;seyin ile nişanlısının hikayesiydi.&nbsp;Savaş &ccedil;ıkınca nişanlısını bırakıp cepheye gitti.D&ouml;n&uuml;nce evleneceklerdi. Ama H&uuml;seyin d&ouml;nmedi.Cepheden cepheye koştu. Nişanlısı da yaşlı bir zengine verildi. Yaşlı zengin 1 yıl sonra &ouml;ld&uuml;. Eşkiyalar geldi, H&uuml;seyin&rsquo;in nişanlısının eşyalarını &ccedil;aldı, tecav&uuml;z etti dağa kaldırdı. Dağda herkese peşkeş &ccedil;ekildi. H&uuml;seyin hala cephelerdeydi. Nişanlısı eşkıyalardan kurtuldu, şehre d&ouml;nd&uuml;, ama k&ouml;t&uuml; yola d&uuml;şt&uuml; dendi. Gururuna yediremedi, aldı başını gitti. Kayboldu. Aradan yıllar ge&ccedil;ti, &Ccedil;anakkale savaşı bitti, Kurtuluş savaşı bitti, sekiz sene sonra askerler k&ouml;ylerine d&ouml;nd&uuml;. Tahtaoba&rsquo;lı 15&rsquo;liklerinden sadece H&uuml;seyin d&ouml;nd&uuml;. Diğerleri şehit olmuştu. Hemen nişanlısını sordu. Olanları &ouml;ğrendiğinde yıkıldı. Adeta deli oldu. O da aldı başını gitti. Bu ger&ccedil;ek olay da &Ccedil;anakkale ve Kurtuluş Savaşının tek gazisi Tahtaoba&rsquo;lı H&uuml;seyin&rsquo;in hediyesiydi.</p>\r\n\r\n<p>O nişanlısının adı; Hediye idi</p>\r\n\r\n<p>&nbsp;</p>\r\n\r\n<p>Ve bir hediye daha</p>\r\n\r\n<p>Atat&uuml;rk, Orman &ccedil;iftliğinde dolaşırken yaşlı bir k&ouml;yl&uuml; kadına rastladı.Atat&uuml;rk nereye gitmekte olduğunu sordu. Yaşlı kadın &ldquo;Niye sordun ki, buraların saabı mısın?&rdquo; diye cevap verdi. Atat&uuml;rk g&uuml;l&uuml;msedi.&rdquo;Ne sahibiyim, ne de bek&ccedil;isiyim. Bu topraklar T&uuml;rk Milletinin malıdır. Bek&ccedil;isi de T&uuml;rk milletinin kendisidir. Şimdi nereden gelip nereye gittiğini s&ouml;yleyecek misin?&rdquo; dedi.</p>\r\n\r\n<p>&ndash;&ldquo;Tabii s&ouml;yleyeceğim, ben Sincan`ın k&ouml;ylerindenim bey, otun g&uuml;&ccedil; bittiği, atın ge&ccedil; yetişdiği kavruk k&ouml;ylerinden birindenim. Bizim mıhtar bana bilet aldı trene bindirdi, kodum Angaraya geldim.&rdquo;</p>\r\n\r\n<p>Kadın belli ki Atat&uuml;rk&rsquo;&uuml; tanımamıştı. Konuşma devam etti;<br />\r\n&ndash; &ldquo;Muhtar ni&ccedil;in Ankara&rsquo;ya g&ouml;nderdi seni?&rdquo;</p>\r\n\r\n<p>&ndash; &ldquo;Atat&uuml;rk&rsquo;&uuml;m&uuml;z&uuml; g&ouml;rmem i&ccedil;in. Başını pek ağrıttım da&hellip; Benim iki oğlum gavur harbinde şehit d&uuml;şt&uuml;. Memleketi gavurdan kurtaran kişiyi bir kez g&ouml;rmeden &ouml;lmeyeyim diye hep dua ettim durdum. R&uuml;yalarıma girdi Gazi Paşa. Bende mıhtara anlatınca, o da bana bilet alıverip verdi. Angarayagiceleyingeldimdi. Yolu neyi de bilemediğimden işte ağşamdan belli b&ouml;yle kendimi ordan oraya vurup duruyom bey&rdquo;</p>\r\n\r\n<p>Atat&uuml;rk;&ldquo;Senin Gazi Paşa&rsquo;dan başka bir isteğin var mı?&rdquo; deyince kadının birden y&uuml;z&uuml; sertleşti. Karşısındakinin Gazipaşa, yani Atat&uuml;rk olduğunu bilmiyordu.</p>\r\n\r\n<p>&ndash; &ldquo;T&ouml;vbe de bey, t&ouml;vbe de! Daha ne isteyebilirim ki&hellip; O bizim vatanımızı kurtardı. Bizi d&uuml;şmanın elinden kurtardı. Şehitlerimizin mezarlarını onlara &ccedil;iğnetmedi daha ne isteyebilirim ondan? Onun sayesinde şimdi istediğimiz gibi yaşıyoruz. Şunun bunun gavur d&ouml;l&uuml;n&uuml;n k&ouml;peği olmaktan onun sayesinde kurtulduk. Buralara bir defa y&uuml;z&uuml;n&uuml; g&ouml;rmek, ona &lsquo;sağol paşam&rsquo;demek i&ccedil;in d&uuml;şt&uuml;m. Onu g&ouml;rmeden &ouml;l&uuml;rsem g&ouml;zlerim a&ccedil;ık gidecek. Sen efendi bir adama benziyon, bana bir yardım ediver de Gazi Paşa&rsquo;yıbulacağım yeri deyiver.&rdquo;</p>\r\n\r\n<p>Atat&uuml;rk&rsquo;&uuml;n g&ouml;zleri doldu. &Ccedil;ok duygulandı ve yanındakilere d&ouml;nerek:</p>\r\n\r\n<p>&ndash;&ldquo;G&ouml;r&uuml;yorsunuz ya, işte bu bizim insanımızdır&hellip; Benim k&ouml;yl&uuml;m, benim vefalı T&uuml;rk anamdır bu&rdquo; dedi.</p>\r\n\r\n<p>Oradakiler; &ldquo;Gazi Paşa yani Atat&uuml;rk işte karşında duruyor&rdquo; deyince k&ouml;yl&uuml; kadın şaşkına d&ouml;nd&uuml;. Elindeki değneği yere fırlatıp, Atat&uuml;rk&rsquo;&uuml;n ellerine sarıldı. G&ouml;r&uuml;lecek bir manzaraydı. İkisi de ağlıyordu. İki T&uuml;rk insanı biri kurtarıcı, biri kurtarılan, ana oğul gibi sarmaş dolaş ağlıyorlardı. Yaşlı kadın belki on defa &ouml;pt&uuml; atanın ellerini. Ata da onun ellerini &ouml;pt&uuml;. Sonra heybesinden k&uuml;&ccedil;&uuml;k bir hediye &ccedil;ıkarttı.</p>\r\n\r\n<p>Hediye mi?</p>\r\n\r\n<p>Beze sarılmış sade bir k&ouml;y peyniri idi. Atat&uuml;rk&rsquo;e uzattı;</p>\r\n\r\n<p>&ndash; &ldquo;Tek ineğimin s&uuml;t&uuml;nden kendi ellerimle yaptım Gazi Paşam, bunu sana hediye getirdim. Seversen gene yapıp getiririm&rdquo; dedi. Bu da şehit anasının, T&uuml;rk Milletinin Atat&uuml;rk&rsquo;e bir hediyesiydi.</p>\r\n\r\n<p>&nbsp;</p>\r\n\r\n<p>İşte, Atat&uuml;rk&rsquo;e verilen hediyeler bunlar.</p>\r\n\r\n<p>Ne dinar ne euro ne dolar..</p>\r\n\r\n<p>Atat&uuml;rk&rsquo;e verilen hediyeler paha bi&ccedil;ilemez, parayla &ouml;l&ccedil;&uuml;lemez.</p>\r\n\r\n<p>Atat&uuml;rk&rsquo;e verilen hediyeler kalple &ouml;l&ccedil;&uuml;l&uuml;r, aşkla &ouml;l&ccedil;&uuml;l&uuml;r, sevgiyle &ouml;l&ccedil;&uuml;l&uuml;r.</p>\r\n\r\n<p>O da T&uuml;rk Milletinin sevgi selidir.</p>\r\n\r\n<p>&nbsp;</p>\r\n\r\n<p>Ayrıca;</p>\r\n\r\n<p>Mustafa Kemal Atat&uuml;rk en &ouml;nemli hediyesini 1920 yılında alkışlarla Meclis Başkanı se&ccedil;ildiği g&uuml;n aldı. Uzun bir konuşma yaptı, ama son c&uuml;mle;</p>\r\n\r\n<p>&ldquo;Benim i&ccedil;in en b&uuml;y&uuml;k hediye, milletin en k&uuml;&ccedil;&uuml;k takdir ve iltifatıdır&rdquo; dedi.</p>\r\n\r\n<p>&nbsp;</p>\r\n\r\n<p>Sayın Cumhurbaşkanı &ldquo;O u&ccedil;ak benim şahsımın değil, T&uuml;rkiye Cumhuriyeti&nbsp; Devleti&rsquo;nindir&rdquo; filan diyorsun da,madem o hediye T&uuml;rk Devletinin, T&uuml;rk Milletinin;</p>\r\n\r\n<p>&nbsp;</p>\r\n\r\n<p>O hediyeye acaba T&uuml;rk Milleti de binecek mi,</p>\r\n\r\n<p>YoksaT&uuml;rktelekom&rsquo;da olduğu gibi,</p>\r\n\r\n<p>O hediyenin Katar misli T&uuml;rk Milletine de binecek mi ?</p>\r\n\r\n<p>&nbsp;</p>\r\n\r\n<p>&nbsp;</p>\r\n\r\n<p>aydinkelesoglu16@gmail.com</p>\r\n","hideAds":false,"createdDate":1537597000000,"updatedDate":1537596900000,"hitCount":10473,"active":true,"lastUpdaterIp":"162.158.111.236","hasEmbeddedTitle":false,"showOnHomePage":false,"currentUrl":"iste-mustafa-kemal-e-verilen-hediyeler-aydin-kelesoglu-kose-yazilari-eylul-2018"},{"id":103186,"title":"Okula başlayacak öğrencilerin dikkatine!","contentType":"CORNER_POST","coverImage":"","socialMediaImage":"","publicationDate":1537141980000,"tags":[],"spot":"","body":"<p>10 Kasım 1938...</p>\r\n\r\n<p>İstanbul Hukuk Fak&uuml;ltesinde bir Alman profes&ouml;r vardı. 10 Kasım g&uuml;n&uuml; y&uuml;rekleri burkan acı haberi o da duymuştu. O g&uuml;n ders yapıp yapmamakta teredd&uuml;t etti. &Uuml;niversite rekt&ouml;r&uuml;ne başvurmaya karar verdi. Ve rekt&ouml;re gitti;</p>\r\n\r\n<p>- &ldquo;<em>Efendim kararsızım. Acaba ne yapmalıyım?&rdquo;</em></p>\r\n\r\n<p>Rekt&ouml;r, Alman profes&ouml;r&uuml; bir s&uuml;re s&uuml;zd&uuml;kten sonra; &ldquo;Siz de b&ouml;yle b&uuml;y&uuml;k bir adam &ouml;l&uuml;nce ne yapılırsa onu yapın&rdquo; dedi. İşte o an Alman profes&ouml;r kollarını iki yana a&ccedil;arak şunları s&ouml;yledi.</p>\r\n\r\n<p>- &ldquo;<em>Biz de bu kadar b&uuml;y&uuml;k bir adam olmadı ki rekt&ouml;r bey.&rdquo;</em></p>\r\n\r\n<p>B&uuml;y&uuml;k adam dediği, ATAT&Uuml;RK&rsquo;t&uuml;.</p>\r\n\r\n<p>Sevgili &ouml;ğrenciler, bug&uuml;n 2018-2019 Eğitim ve &Ouml;ğretim yılı i&ccedil;in ders başı yapıyorsunuz. Hepinize başarılar diliyorum. Ama unutmayınız ki, sizin d&uuml;nyanın saygıyla &ouml;n&uuml;nde eğildiği bir b&uuml;y&uuml;k adamınız var.</p>\r\n\r\n<p>Mustafa Kemal Atat&uuml;rk.</p>\r\n\r\n<p>Başka da yok..</p>\r\n\r\n<p>Ve sizler Atat&uuml;rk gibi d&uuml;ş&uuml;nmeli, Atat&uuml;rk gibi b&uuml;y&uuml;meli ve Atat&uuml;rk gibi yaşamalısınız. Ve birer Atat&uuml;rk olmalısınız. Bu &uuml;lkemizin yaşaması i&ccedil;in şarttır. Gelecek i&ccedil;in şarttır. Hepiniz b&uuml;y&uuml;yorsunuz. Lakin bakınız Atat&uuml;rk&rsquo;&uuml;n size bir &ccedil;ift s&ouml;z&uuml; var, b&uuml;y&uuml;k adam olmak i&ccedil;in sizlere ne diyor;</p>\r\n\r\n<p><em>&ldquo;B&uuml;y&uuml;kl&uuml;k odur ki, hi&ccedil; kimseye iltifat etmeyeceksin, hi&ccedil; kimseyi aldatmayacaksın, vatan i&ccedil;in en doğru hedef ne ise onu g&ouml;recek, o hedefe y&uuml;r&uuml;yeceksin, herkes senin aleyhinde bulunacaktır. Herkes seni yolundan &ccedil;evirmeye &ccedil;alışacaktır. İşte sen bu engelleri yok edeceksin. &Ouml;n&uuml;ne sonsuz engeller yığacaklar. Kendini b&uuml;y&uuml;k değil k&uuml;&ccedil;&uuml;k, zayıf, tek başına g&ouml;recek, kimseden yardım gelmeyeceğini d&uuml;ş&uuml;nerek bu engelleri aşacaksın. Ondan sonra sana b&uuml;y&uuml;ks&uuml;n derlerse, bunu diyenlere de g&uuml;l&uuml;p ge&ccedil;eceksin.&rdquo;</em></p>\r\n\r\n<p>Ve siz anne babalar, yetişkinler yetkililer ve &ouml;zellikle m&uuml;fredatı belirleyen Milli Eğitim bakanı. Atat&uuml;rk&rsquo;&uuml;n size de iki &ccedil;ift s&ouml;z&uuml; var, 1922 yılında s&ouml;ylemiş, buyurun okuyun;</p>\r\n\r\n<p><em>&ldquo;Baylar, &ouml;ğrenim sınırı ne olursa olsun yetişecek &ccedil;ocuklarımıza ve gen&ccedil;lerimize her şeyden &ouml;nce T&uuml;rkiye&rsquo;nin bağımsızlığına, kendi benliğine ve ulusal geleneklerine d&uuml;şman olanlara karşı m&uuml;cadele etmenin gereği &ouml;ğretilmelidir. B&ouml;yle bir m&uuml;cadele ruhuna sahip olmayan bireylerin ve bu nitelikteki bireylerden oluşan toplumların D&uuml;nya Milletleri &ccedil;erisinde yaşamak ve bağımsızlık hakkı yoktur.&rdquo;</em></p>\r\n\r\n<p>&Ouml;zetle; &lsquo;her şeyden &ouml;nce &uuml;lkemizin bağımsızlığına ve benliğine(kimliğine) d&uuml;şman olanlara karşı m&uuml;cadele etmesi gerektiği &ouml;ğretilmelidir. Bu ruha sahip olmayan bireylerin ve bu nitelikte bireylerden oluşan toplumların yaşama ve bağımsızlık hakkı yoktur&rsquo; diyor Atat&uuml;rk.</p>\r\n\r\n<p>Sen, kalkıp da bir devlet y&ouml;neticisi olarak,</p>\r\n\r\n<p>&Uuml;lkeyi b&ouml;lmeye ve par&ccedil;alamaya &ccedil;alışan ve girdiği &ccedil;atışmada &ouml;ld&uuml;r&uuml;len ter&ouml;ristler i&ccedil;in yazılan ve &ldquo;ağlama&rdquo; anlamına gelen &lsquo;Megri Megri&rsquo;yi s&ouml;ylersen,</p>\r\n\r\n<p>Sen, kimliğine d&uuml;şman Fetullah ter&ouml;risti ile birlikte y&uuml;r&uuml;y&uuml;p her istediklerini verirsen,</p>\r\n\r\n<p>Sen, kendi benliğini bırakıp da Arap benliğini savunan tarikatları devlete doldurursan,</p>\r\n\r\n<p>Sen, komşuna saldırması i&ccedil;in Trump&rsquo;dan yardım dileyip bunu gazetesinden istersen,</p>\r\n\r\n<p>Sen Lozan&rsquo;ı hala imzalamayan Amerika ile m&uuml;cadele etmek yerine m&uuml;ttefiklik edersen,</p>\r\n\r\n<p>Ve sen eğitim sisteminde b&ouml;yle nesiller yetiştirirsen,</p>\r\n\r\n<p>Senin bağımsızlık ve yaşama hakkın yoktur ve olamaz.</p>\r\n\r\n<p><em><strong>aydinkelesoglu16@gmail.com</strong></em></p>\r\n","hideAds":false,"createdDate":1537142075000,"updatedDate":1537141980000,"hitCount":2567,"active":true,"lastUpdaterIp":"162.158.111.236","hasEmbeddedTitle":false,"showOnHomePage":false,"currentUrl":"okula-baslayacak-ogrencilerin-dikkatine-aydin-kelesoglu-kose-yazilari-eylul-2018"},{"id":102600,"title":"Atatürk’ün Suriye konusundaki çözümünü biliyor musunuz?","contentType":"CORNER_POST","coverImage":"","socialMediaImage":"","publicationDate":1536565380000,"tags":[],"spot":"","body":"<p>Tarih 1915.</p>\r\n\r\n<p>Yer Gelibolu/&Ccedil;anakkale...</p>\r\n\r\n<p>Yine işgal s&ouml;z konusuydu, yine g&uuml;ndem Ortadoğu&rsquo;ydu. Talat Paşa &Ccedil;anakkale&rsquo;ye teftişe gelmişti. Ama teftiş bir ziyaret gibiydi. Talat Paşa Yarbay Mustafa Kemal&rsquo;e Ortadoğu&rsquo;da yaklaşan İngiliz işgali i&ccedil;in fikrini sordu. Mustafa Kemal&rsquo;in cevabı ise kesin ve netti;</p>\r\n\r\n<p><strong>- &ldquo;Suriye&rsquo;ye, Irak&rsquo;a bağımsızlık veriniz...&rdquo; </strong></p>\r\n\r\n<p>Talat Paşa şaşırdı bu cevaba. &Ccedil;&uuml;nk&uuml; bu iki &uuml;lke de Osmanlı topraklarının i&ccedil;erisindeydi. Bir &uuml;lkenin topraklarının bir b&ouml;l&uuml;m&uuml;ne <strong>&ldquo;Bağımsızlık veriniz&rdquo;</strong> demek olduk&ccedil;a zordu. Talat Paşa konuşmayı şu s&ouml;zlerle sonlandırdı:</p>\r\n\r\n<p><strong>- &ldquo;Bunu başkasına s&ouml;yleme. Seni asarlar!..&rdquo;</strong></p>\r\n\r\n<p>Aslında Atat&uuml;rk haklıydı. &Ccedil;&uuml;nk&uuml; o sadece i&ccedil;erisinde bulunduğu yılı değil, y&uuml;z yıl sonrasını g&ouml;r&uuml;yordu. &Ccedil;&uuml;nk&uuml; Suriye ve Irak&rsquo;a bağımsızlık verilmezse Emperyalist devletlerin eline d&uuml;şecekti.</p>\r\n\r\n<p>G&uuml;n geldi, Mustafa Kemal bir Kurtuluş Savaşı verdi, kazandı ve Anadolu&rsquo;da yeni bir devlet ve Cumhuriyet kurdu. 1915&rsquo;deki o g&ouml;r&uuml;şmeden sonra Irak ve Suriye &ouml;nce emperyalistlerin eline ge&ccedil;ti. Sonra da kolay kolay iflah olmadı.</p>\r\n\r\n<p>Atat&uuml;rk aradan 22 yıl sonra 1937 yılında bu g&ouml;r&uuml;şmeyi dile getirdi. <strong>&ldquo;Eğer yapılsaydı T&uuml;rkiye, Irak ve Suriye kardeştir, bug&uuml;n daha samimi kardeş olacaklardı, bağımsız Suriye, Irak ve T&uuml;rkiye&rdquo;</strong> dedi.</p>\r\n\r\n<p>Atat&uuml;rk&rsquo;&uuml;n &ccedil;&ouml;z&uuml;m&uuml; basitti. Ortadoğu&rsquo;da &uuml;&ccedil; bağımsız &uuml;lkenin kale gibi ittifakı karşısında Emperyalizm Ortadoğu&rsquo;yu giremeyecekti. Atat&uuml;rk 1936 yılında Suriye ve İslam &uuml;lkelerinin bağımsız olması gerektiğine dair şu &ouml;ng&ouml;r&uuml;s&uuml;n&uuml; ve &ccedil;&ouml;z&uuml;m&uuml;n&uuml; de yineledi:</p>\r\n\r\n<p><strong>- &ldquo;Ben diyorum ki İslam Alemi ve Suriye Milleti ve Devleti tamamıyla ve kesinlikle bağımsız olmalıdır. Bunun aksini d&uuml;ş&uuml;nmek acizlik olur&rdquo; diyordu. Ve kararlıydı. Emperyalistleri Ortadoğu&rsquo;ya sokmayacaktı. 1937 yılında; &rdquo;Ortadoğu&rsquo;nun Batı Emperyalizminin k&ouml;lesi olmasına izin vermeyeceğiz.&rdquo; </strong></p>\r\n\r\n<p>Haklıydı.</p>\r\n\r\n<p>Atat&uuml;rk ayrıca T&uuml;rkiye Irak ve Suriye&rsquo;nin namlularını birleştirip Emperyalistlere karşı &ccedil;evrilmesini de istiyordu. Ama bizdeki f&uuml;ze namluları rampalar, maalesef İran, Rusya ve Suriye&rsquo;ye &ccedil;evriliydi. &Ccedil;&uuml;nk&uuml; bizdeki &uuml;sler, Amerika&rsquo;nın hizmetine ve &ccedil;ıkarlarına sunumluydu. Her şey Adnan Menderes d&ouml;neminde T&uuml;rkiye&rsquo;nin NATO&rsquo;ya teslim edilmesiyle başladı. Amerikancı h&uuml;k&uuml;metler zamanla &ldquo;ittifak&rdquo; ve &ldquo;m&uuml;ttefik&rdquo; adı ile &ccedil;oğaldı ve teslimiyeti arttırdı.</p>\r\n\r\n<p>Yakın ge&ccedil;mişte ise T&uuml;rkiye&rsquo;nin Ortadoğu politikası anlaşılmaz garip bir hal aldı. R.Tayyip Erdoğan&rsquo;ın Başbakan iken Şam&rsquo;da namaz kılmak istedi. Aslında o değil, Amerika istedi. &lsquo;Kardeşim Esat&rsquo;, &lsquo;Kahrol Esed&rsquo; oldu. Birlikte &ldquo;tatil&rdquo; yaparlarken Esat birdenbire &ldquo;katil&rdquo; oldu. Amerika b&ouml;yle istiyordu. &Ccedil;&uuml;nk&uuml; 3 Kasım2002&rsquo;de iktidara geldikten (getirildikten) bir g&uuml;n sonra AKP, Amerika&rsquo;ya şu mektubu yazdı;</p>\r\n\r\n<p>&ldquo;<strong>Bu yardımınız ve ge&ccedil;miş dostluğunuz i&ccedil;in &ccedil;ok teşekk&uuml;rler.&rdquo;</strong></p>\r\n\r\n<p>Arada bir &ccedil;ok şey oldu ama s&ouml;z&uuml; fazla uzatmayalım. Abdullah G&uuml;l ise Cumhurbaşkanı oldu, kendi askeri yazarı aydını Silivri&rsquo;de antidemokratik bir şekilde tutulurken 16 Ağustos 2012 g&uuml;n&uuml; Suudi Arabistan&rsquo;da katıldığı İslam İşbirliği Teşkilatı toplantısında <strong>&rdquo;Suriye&rsquo;nin Esat h&uuml;k&uuml;metine yaptırımlar uygulayıp, Suriye halkına Barış, Demokrasi ve &Ouml;zg&uuml;rl&uuml;k getireceklerini&rdquo;</strong> s&ouml;yledi. Onu ona Allah s&ouml;ylettirmiyordu. Amerika s&ouml;ylettiriyordu. &Ccedil;&uuml;nk&uuml; Amerikan Savunma Bakan Yardımcısı Paul Wolfowitz&rsquo;le 2003 yılında gizli bir anlaşma yapmıştı.</p>\r\n\r\n<p>Ardından Ahmet Davutoğlu Hillary Clinton ile &ldquo;&ccedil;ak&rdquo; yaptı. Gelinen nokta da Suriye &ccedil;at diye par&ccedil;alandı, Baktılar ki politika yanlış, T&uuml;rkiye&rsquo;nin Suriye sınırında uzun bir koridor oluşacak ve bu koridor T&uuml;rkiye par&ccedil;alanacak ve &uuml;stelik bu koridoru da bizzat Amerika yapıyor, nihayet uyandılar ve anında &ccedil;ark ettiler.</p>\r\n\r\n<p>&ldquo;&Ccedil;ak yapma&rdquo; politikası, &ldquo;&Ccedil;ark etme&rdquo; politikasıyla noktalandı.</p>\r\n\r\n<p>&Ouml;nlerini g&ouml;remediler. Belki de g&ouml;remezlerdi, &ccedil;&uuml;nk&uuml; bunları Amerika iktidara getirmişti.</p>\r\n\r\n<p>Atat&uuml;rk 1938&rsquo; de &ouml;l&uuml;m d&ouml;şeğinden kalkıp Hatay&rsquo;ı niye aldı sanıyorsunuz beyler?</p>\r\n\r\n<p>Tabiki y&uuml;z yıl sonrasında Amerika&rsquo;nın Suriye sınırında uzatmaya &ccedil;alıştığı Barzanistanın Akdenize ve İsrail&#39;e ulaşmasını sağlayacak bu koridoru coğrafi olarak kesmek i&ccedil;in.Siz &ouml;n&uuml;n&uuml;z&uuml; g&ouml;remiyorsunuz, t&ouml;kezliyorsunuz, O y&uuml;z yıl sonrasını g&ouml;r&uuml;yor.</p>\r\n\r\n<p>&Ouml;nce Bağımsızlık efendiler, &ouml;nce bağımsızlık.</p>\r\n\r\n<p>Bakınız biz ne zaman bağımsızlığımızdan &ouml;d&uuml;n verdiysek, işte o zaman hem biz, hem Ortadoğu ve hem de Suriye maalesef &ccedil;ıkmaza girdi. &Ccedil;&uuml;nk&uuml; T&uuml;rkiye Ortadoğu&rsquo;nun sigortasıydı. &Ouml;nce T&uuml;rkiye Bağımsız olacak ki, sonra Ortadoğu ve İslam &uuml;lkeleri bağımsız olsun, kendi aralarında &ccedil;ıkarları doğrultusunda hi&ccedil;bir Emperyalist etki altında kalmadan b&ouml;lgesel ittifak kursun.</p>\r\n\r\n<p>Yapılacak şey şudur; Suriye ile el sıkışarak Suriye&rsquo;nin toprak b&uuml;t&uuml;nl&uuml;ğ&uuml;n&uuml; savunmak ve Irak&rsquo;la da el sıkışarak Irak&rsquo;ın da toprak b&uuml;t&uuml;nl&uuml;ğ&uuml;n&uuml; savunarak Amerika&rsquo;nın Irak i&ccedil;erisinde inşaa etmeye &ccedil;alıştığı Barzanistana engel olmak.</p>\r\n\r\n<p>Atat&uuml;rk bakınız 1920 yılında Suriye ve Irak konusunda ne demiş? Hep birlikte okuyalım ve &ccedil;&ouml;z&uuml;m&uuml; başka zeminde aramayalım;</p>\r\n\r\n<p>&ldquo;<strong>Anadolu, Suriye ve Irak i&ccedil;in yapılacak bir şey var ki; o da, T&uuml;rkiye, Suriye ve Irak&rsquo;ın tam bağımsızlığa sahip olması ve sağlam bir m&uuml;cadele birliği oluşturmasıdır. Bu topraklar &uuml;zerindeki emperyalist işgaline bir son verildikten sonra, bu b&ouml;lgede insanlığın kesin kurtuluşuna varacak yeni bir &lsquo;milletler hayatının kurulması&rsquo; ilkesi, bir m&uuml;cadele birliğinin temelini oluşturabilir. Bu &uuml;&ccedil; &uuml;lkede yaşayan, birbirlerini &ccedil;ok iyi tanıyan ve aynı tehlikeler karşısında aynı savunma duygusuyla hareket eden halk kitleleri i&ccedil;in, sırt sırta vererek bu g&uuml;nk&uuml; m&uuml;cadeleyi daha da etkili hale getirmek kadar bug&uuml;n i&ccedil;in g&uuml;zel bir siyaset d&uuml;ş&uuml;n&uuml;lemez. </strong></p>\r\n\r\n<p><strong>Bu siyasetin bir de yarını i&ccedil;in uygulanması ve b&uuml;y&uuml;k yararlar sağlayan tarafı vardırki, onu da bu g&uuml;nden d&uuml;ş&uuml;nmek ve hazırlamak gerekir; O da, T&uuml;rkiye Irak ve Suriye halkının devamlı şekilde bağımsızlığını savunmaya ve ekonomik &ccedil;ıkarlarını sağlamaya y&ouml;nelik karşılıklı bir yardımlaşma siyasetidir. Bu siyasetle de bir taraftan yarının getireceği tehlikeler bertaraf edilir, diğer taraftan gelecekte &uuml;&ccedil; millet, memleket arasında karşılıklı yardım esasına dayalı barış&ccedil;ıl bir &ccedil;alışma devri a&ccedil;ılmış olur.</strong></p>\r\n\r\n<p><strong>İşte Anadolu ve Arap yarımadasının halk kitleleri i&ccedil;in pek hayırlı, pek karlı bir siyaset planı budur.&rdquo;</strong></p>\r\n\r\n<p><em>aydinkelesoglu16@gmail.com</em></p>\r\n\r\n<p>&nbsp;</p>\r\n","hideAds":false,"createdDate":1536565451000,"updatedDate":1536565380000,"hitCount":8519,"active":true,"lastUpdaterIp":"95.12.166.9","hasEmbeddedTitle":false,"showOnHomePage":false,"currentUrl":"ataturk-un-suriye-konusundaki-cozumunu-biliyor-musunuz-aydin-kelesoglu-kose-yazilari-eylul-2018"},{"id":102023,"title":"Hangi gençler Vatan savaşında?","contentType":"CORNER_POST","coverImage":"","socialMediaImage":"","publicationDate":1536047280000,"tags":[],"spot":"","body":"<p>Liseli bile değildi.</p>\r\n\r\n<p>Adı Ahmet&rsquo;ti, Ankara&rsquo;nın Cimşit k&ouml;y&uuml;ndendi.</p>\r\n\r\n<p>12 yaşında, İsmet Paşa&rsquo;nın Sakarya Savaşı&rsquo;nda bulunduğu cepheye erzak getirmekteydi.Bir hafta boyunca, gece g&uuml;nd&uuml;z ve kağnıyla y&uuml;r&uuml;d&uuml;. İsmet Paşa şaşırdı;&rdquo;Bu kağnıyı sen mi getirdin&rdquo; diye sordu. Evet o getirmişti. &Ccedil;&uuml;nk&uuml; k&ouml;ylerinde cepheye erzak taşıyacak gen&ccedil; kalmamıştı.</p>\r\n\r\n<p>Hepsi de Vatan Savaşına katılmıştı.</p>\r\n\r\n<p>Liseliydi...</p>\r\n\r\n<p>Eskişehir ve Afyon&rsquo;un Yunanlıların eline ge&ccedil;mesi ve T&uuml;rk Kararg&acirc;hının Polatlı&rsquo;ya kadar &ccedil;ekilmesi Ankara&rsquo;da b&uuml;y&uuml;k bir telaş yarattı. Başkent tehlikeye girmişti. Kayseri&rsquo;ye taşınması g&uuml;ndeme geldi. Eli silah ve sopa tutan herkes cepheye koşuyordu. Cepheye koşanları g&ouml;ren Ankara lisesi &ouml;ğrencisi Hıfzı, merakla okul m&uuml;d&uuml;r&uuml;ne &ldquo;Ne var? Ne oluyoruz!&rdquo; diye sorunca m&uuml;d&uuml;r kısaca anlattı. Ancak yine konuyu tam kavrayamayan &ouml;ğrenciye sert bir dille şu cevabı verdi; &ldquo;Oğlum bu iş olmazsa hepimiz asılırız!&rdquo;</p>\r\n\r\n<p>M&uuml;d&uuml;r haklıydı. Savaş kazanılmazsa Ankara&rsquo;da bulunan herkes asılacaktı. Ankara ateşe verilip yakılacaktı. &Ccedil;&uuml;nk&uuml; Ankara bir ihtilalin, bir devrimin karargahıydı. Ankara lisesi &ouml;ğrencileri cepheye koşmak i&ccedil;in sıraya girdiler. Defteri kalemi okulda bıraktılar ve hen&uuml;z kıkırdak ellerine silah aldılar. Ancak 17 ve 18 yaşlarındakiler cepheye alınmadı. Ankara lisesinin 10. sınıf &ouml;ğrencisi Tahsin şanslıydı. Yaşı tutuyordu ve cepheye gidiyordu. O akşam son kez kalemi eline aldı ve annesine; &ldquo;Anne, vatan i&ccedil;in &ccedil;arpışmaya gidiyorum. D&ouml;nersem g&ouml;r&uuml;ş&uuml;r&uuml;z. Şehit olursam arkamdan ağlama iftihar et!&rdquo; diye not bıraktı.</p>\r\n\r\n<p>Annesiyle bile g&ouml;r&uuml;şememişti.</p>\r\n\r\n<p>&Ccedil;&uuml;nk&uuml; Vatan i&ccedil;in &ccedil;arpışmaya gidiyordu.</p>\r\n\r\n<p>&Uuml;niversiteliydi...</p>\r\n\r\n<p>Sivas Kongresinin g&ouml;r&uuml;şmeleri s&uuml;r&uuml;yordu. G&ouml;r&uuml;şmeler ve tartışmalar kongreden sonra da devam ediyor, herkes a&ccedil;ık fikirlerini beyan ediyordu. Mustafa Kemal&rsquo;in kaldığı lise binasında gece ge&ccedil; saatlere kadar manda konusu tartışılıyordu. Mustafa Kemal ise manda isteklerine karşı direniyordu. &Ccedil;&uuml;nk&uuml; en yakın arkadaşları bile manda fikrini savunuyordu. Aralarında hilafet&ccedil;iler de &ccedil;oktu. Bu insanları ikna etmek olduk&ccedil;a zordu. Ancak &uuml;niversite &ouml;ğrencileri Mustafa Kemal&rsquo;in yanındaydılar. O gece manda tartışmaları yoğunlaşınca b&uuml;y&uuml;klerini dinleyen tıp fak&uuml;ltesinin &ouml;ğrencisi Hikmet konuşmalara dayanamadı ve b&uuml;y&uuml;klerinin s&ouml;zlerini keserek; &ldquo;Tıbbiyeliler beni buraya bağımsızlık davamıza katılmak i&ccedil;in g&ouml;nderdiler!&rdquo; dedi.</p>\r\n\r\n<p>Bu s&ouml;z &uuml;zerine herkes sustu. S&ouml;z bı&ccedil;ak gibi kesildi. Bakışlar &uuml;niversiteliye y&ouml;neldi. Tıbbiyeli &ouml;ğrenci bu sert c&uuml;mleden sonra Mustafa Kemal&rsquo;e d&ouml;nd&uuml; ve işaret parmağını Mustafa Kemal&rsquo;e uzatarak: &ldquo;Manda fikrini siz dahi kabul etseniz, sizi dahi reddederiz!&rdquo; dedi.</p>\r\n\r\n<p>&Ccedil;&uuml;nk&uuml; Sivas Kongresine Vatan i&ccedil;in gelmişti.</p>\r\n\r\n<p>&Ouml;nc&uuml;yd&uuml;...</p>\r\n\r\n<p>3 Eyl&uuml;l&rsquo;de, 99 yıl sonra 2018&rsquo;de, Sivas Kongresinin başladığı tarihlerde, Vatan Partili &Ouml;nc&uuml; Gen&ccedil;ler Ankara&rsquo;da toplandılar. 1&rsquo;nci Olağan&uuml;st&uuml; Kurultayını tamamlandılar. Ve oy birliği ile Başkan se&ccedil;tiler. &Ouml;nc&uuml; Gen&ccedil;ler hep birlikte milletten s&ouml;z ettiler ve millete hizmetten s&ouml;z ettiler. &rdquo;Gen&ccedil;liğimiz Millete feda olsun&rdquo; dediler. Ve s&ouml;zlerini Namık Kemal&rsquo;in şu şiiri ile bitirdiler. &Ccedil;&uuml;nk&uuml; Vatan savaşındaydılar.</p>\r\n\r\n<p>&ldquo;Felek her t&uuml;rl&uuml; esbab-ı cefasın toplasın gelsin,</p>\r\n\r\n<p>D&ouml;nersem kahpeyim millet yolunda bin azimetten&rsquo;&rdquo;</p>\r\n\r\n<p>Bu şiir 1905 yılında, 24 yaşında, Vatan i&ccedil;in Taşkışla zindanına atıldığında,</p>\r\n\r\n<p>her t&uuml;rl&uuml; cefalar altında, gen&ccedil; Mustafa Kemal&rsquo;in h&uuml;cresinde mırıldandığı şiirdi.</p>\r\n\r\n<p>Tesad&uuml;f değildi,</p>\r\n\r\n<p>&Ccedil;&uuml;nk&uuml; bu gen&ccedil;lik, &Ouml;nc&uuml; Gen&ccedil;lik&rsquo;ti.</p>\r\n\r\n<p>Mustafa Kemal&rsquo;den aldığı ışık ile,</p>\r\n\r\n<p>Vatan i&ccedil;in bir araya gelmişti..</p>\r\n\r\n<p>&hellip;&hellip;..</p>\r\n\r\n<p><em>aydinkelesoglu16@gmail.com</em></p>\r\n\r\n<p>&nbsp;</p>\r\n","hideAds":false,"createdDate":1536047347000,"updatedDate":1536047280000,"hitCount":2224,"active":true,"lastUpdaterIp":"81.215.193.182","hasEmbeddedTitle":false,"showOnHomePage":false,"currentUrl":"hangi-gencler-vatan-savasinda-aydin-kelesoglu-kose-yazilari-eylul-2018"},{"id":101326,"title":"Kurtuluş Savaşında hangi gazeteler Aydınlıktı?","contentType":"CORNER_POST","coverImage":"","socialMediaImage":"","publicationDate":1535353140000,"tags":[],"spot":"","body":"<p>O g&uuml;n iki basın vardı; Birincisi işgalciler tarafından desteklenen Mustafa Kemal ve Kurtuluş Savaşı aleyhine yayın yapan İhanet Basını, İkincisi de Anadolu&rsquo;da her t&uuml;rl&uuml; baskı ve imkansızlıklar i&ccedil;erisinde Mustafa Kemal ve Kurtuluş Savaşını destekleyen Kuvayı Milliye Basını.</p>\r\n\r\n<p>&nbsp;</p>\r\n\r\n<p>Mustafa Kemal Samsun&rsquo;a yeni &ccedil;ıkmıştı. Amasya&rsquo;da Kurtuluş Savaşı Bildirisini okudu. Erzurum&rsquo;a gelir gelmez emir verdi. Bir gazete &ccedil;ıkarılmasını istedi. S&uuml;leyman Necati, Mustafa Kemal&rsquo;den aldığı emirle gazete &ccedil;ıkartmak i&ccedil;in araştırmaya başladı. Ve bir samanlıkta Ruslardan kalma pedallı bir matbaa olduğunu duydu. Matbaayı buldu ve pas ve tozlarını b&uuml;y&uuml;k bir &ouml;zenle sildi. Arkadaşı İzmirli Arif, siyatikli ayağını s&uuml;r&uuml;ye s&uuml;r&uuml;ye Taşmağzalar &ouml;n&uuml;ne geldi. Matbaanın pedalını &ccedil;evirmek i&ccedil;in hamal Mevl&uuml;t&rsquo;&uuml; aldı. Zor da olsa gazete &ccedil;ıkarıldı. Gazetenin adı, Albayrak&rsquo;tı. Makineler eskiydi, arızalıydı. Par&ccedil;aları, dişleri yoktu. Ama olsun d&uuml;şleri vardı. Ve d&uuml;şleri Aydınlıktı.</p>\r\n\r\n<p>&nbsp;</p>\r\n\r\n<p>Mustafa Kemal Erzurum&rsquo;dan haykırmış, milleti m&uuml;cadeleye &ccedil;ağırmıştı. Abd&uuml;lgani Bey bu &ccedil;ağrıya b&uuml;y&uuml;k bir heyecanla katılmıştı. Yunanlıların yaklaştığı Afyon&rsquo;dan eski matbaasını alarak Konya&rsquo;ya taşıdı. Konya&rsquo;da bir bodrum katı kiraladı. Matbaa makinesini kurarak harf kasalarını yerleştirdi. Afyon&rsquo;da &ccedil;ıkarılan &Ouml;ğ&uuml;d Gazetesi Konya&rsquo;dan &ccedil;ıkarılıyor, artık Kuvayı Milliye lehine yayınlar yapıyordu. Ancak daha ilk sayısı İtalyan işgalcilerden tepki topladı. İstanbul&rsquo;a, h&uuml;k&uuml;mete de ihbar edilince gazete kapatıldı. Ama &Ouml;ğ&uuml;d Gazetesi kararlıydı. Yılmadı Her t&uuml;rl&uuml; baskıya rağmen şu manşeti attı;</p>\r\n\r\n<p>&ldquo;Bizi susturamazlar. D&ouml;nersek kahpeyiz yolumuzdan&rdquo;</p>\r\n\r\n<p>&Ouml;ğ&uuml;d Gazetesi, Milli M&uuml;cadele lehine yayın yapıyordu. Mustafa Kemal&rsquo;in 4 Mart 1920 g&uuml;n&uuml; demecini yayınladı ve Konyalıları harekete ge&ccedil;irmek i&ccedil;in şu başlığı attı; &ldquo;Konyalım y&uuml;r&uuml;&rdquo;</p>\r\n\r\n<p>&Ccedil;ok ge&ccedil;medi, Anadolu&rsquo;da gerici isyanlar azdı. Azdırıldı. Konya&rsquo;da Delibaş isyanı başladı. Delibaş kuvvetleri Konya&rsquo;ya hakim oldular. Ardından &ldquo;gavur icadı&rdquo; dedikleri &Ouml;ğ&uuml;d Gazetesi&rsquo;ne gelerek matbaayı bastılar. Kapıyı kırarak i&ccedil;eri girdiler. Baltalar ve sopalarla makineleri par&ccedil;aladılar. Kirli sarıklı bir yobaz bakışlarını bir noktaya dikerek aniden bağırdı; &ldquo;Kurşun buu&hellip;&rdquo; dedi. Yobaz, matbaa kurşununu silah kurşunu sanmıştı. &ldquo;Bu, o kurşundan değil! Gazete i&ccedil;in, silaha yaramaz&rdquo; dedilerse de inandıramadılar. Gazetenin sahibi Abd&uuml;lgani Efendi&rsquo;yi alarak g&ouml;t&uuml;rd&uuml;ler. Yerde s&uuml;r&uuml;klediler ve bayıltıncaya kadar d&ouml;vd&uuml;ler. Ama Abd&uuml;lgani Efendi susmadı. Ertesi g&uuml;n yine Mustafa Kemal i&ccedil;in yayın yaptı. Kendilerini savunacak silahları yoktu ama mangal gibi y&uuml;rekleri vardı. Ve y&uuml;rekleri Aydınlıktı.</p>\r\n\r\n<p>&nbsp;</p>\r\n\r\n<p>Erzurum Kongresi&rsquo;nden sonra Sivas Kongresi de yapılmıştı. Mustafa Kemal ve arkadaşları &uuml;lkenin kurtuluşu i&ccedil;in &ccedil;alışıyorlardı. Anadolu&rsquo;daki Milli Hareketi yazmak, i&ccedil;te ve dışta kamuoyu oluşturmak, Mustafa Kemal&rsquo;in ve Temsil Kurulunun s&ouml;zc&uuml;l&uuml;ğ&uuml;n&uuml; yapmak ve alınan kararları duyurmak i&ccedil;in bir gazete &ccedil;ıkartıldı. Bu gazete, İradeyi Milliye idi. Bir g&uuml;n matbaada harıl harıl &ccedil;alışırken makine, koridorun &ouml;te ucundan Ruhi Bey g&ouml;r&uuml;nd&uuml; bir tomar k&acirc;ğıt ile. Dizgici Nadir ustaya getirdi verdi. Gelen kağıtlarda isim yoktu, imza yoktu. Ama Mustafa Kemal vardı. Yazıları o yazıyordu. Yazıları g&uuml;neş gibi Aydınlıktı.</p>\r\n\r\n<p>&nbsp;</p>\r\n\r\n<p>Atat&uuml;rk 27 Aralıkta Ankara&rsquo;ya geldi. Ve hemen Ziraat Mektebi&rsquo;ne yerleşti. İki g&uuml;n sonra bir gazete &ccedil;ıkartmak gerektiğini s&ouml;yledi. İradeyi Milliye&rsquo;yi Sivas&rsquo;ta bırakmışlardı. Emir verdi, hazırlıklara başlandı. Eski bir matbaa makinesi bulundu. Kağıt yoktu, o da bulundu. Yazılar &nbsp;tahta bir masada, beş numaralı cılız lambanın ışığı altında yazılıyordu. Gazetenin yazı odası karanlıktı. Ama olsun d&uuml;ş&uuml;nceler Aydınlıktı.</p>\r\n\r\n<p>&nbsp;</p>\r\n\r\n<p>Mustafa Kemal&rsquo;in hakkında idam fermanı vardı. Şeyh&uuml;lislamın fetvaları da yenilir yutulur gibi değildi: &ldquo;Halifenin emri ile asileri katletmek dini vazifedir&rdquo; gibi fetvalar veriliyordu. Ve Anadolu&rsquo;nun k&ouml;ylerine anında g&ouml;nderiliyordu. Mehmet Sırrı Bey bir zaman İstanbul&rsquo;da gazetecilik yapmış ve geldiği Amasya&rsquo;da evlenip kalmıştı. Mustafa Kemal&rsquo;in m&uuml;cadelesine katkı vermek i&ccedil;in hemen &ccedil;alışmalara başladı. Gazete &ccedil;ıkarmalıydı. Eksik harf kasalarına bakarken &ccedil;ıkartmaya karar verdiği gazetenin adını koymuştu, Emel Gazetesi. &Ouml;ğretmen arkadaşlarını topladı. Gazete &ccedil;ıkartılacaktı. Ve gazetenin ilk sayısında bug&uuml;n bile yazılamayan şu cesur s&ouml;zler yer alacaktı; &ldquo;Muhafazak&acirc;rlık bir milletin mezarıdır&rdquo;</p>\r\n\r\n<p>Fakat kağıt yoktu. Ama bakkallardan toplanan kese k&acirc;ğıtları vardı. &Ccedil;&uuml;nk&uuml; esnaflar Aydınlıktı.</p>\r\n\r\n<p>&nbsp;</p>\r\n\r\n<p>Toroslardaydılar. Sığınmışlardı. Adana&rsquo;daki gazeteleri Fransızlarca basılıp kapatılmıştı. Ahmet Remzi(Y&uuml;reğir) ve arkadaşı &ouml;nce Pozantı&rsquo;da tren vagonunda, sonra da yarı yıkık bir kerpi&ccedil; damda matbaalarını kurmuşlardı. Gazetenin adı; &ldquo;Yeni Adana&rdquo; idi. Eksik ve aksak par&ccedil;aları birleştirmişler, yalnız pedal makinesi arızalanmıştı. Onaramıyorlardı. Kara kara d&uuml;ş&uuml;n&uuml;rken Cilt&ccedil;i Ali Efendi isminde birinin Hatay&rsquo;ın Kırıkhan il&ccedil;esine sığındığını duymuşlardı. Haber salmışlardı. &Ccedil;ok ge&ccedil;meden Ali Efendi geldi. Trenden indi. &Ccedil;&uuml;nk&uuml; bu teklifi geri &ccedil;eviremezdi. Aynı zamanda m&uuml;rekkep kokusunu da &ouml;zlemişti. İşe koyuldu. Gazete bir an &ouml;nce &Ccedil;ukurova&rsquo;da, Toroslarda Kuvayı Milliye&rsquo;nin gazetesi ve sesi olmalıydı.</p>\r\n\r\n<p>Dağ başında makineleri onarırken eksik ve kırık par&ccedil;aları tamamlayamamışlardı. Ama yılmamışlardı. Baskı kalıbını Torosların taşından yapmışlar, kağıdı ise kimi zaman Niğde &uuml;zerinden katır sırtında Ankara&rsquo;dan Mustafa Kemal&rsquo;den temin etmişler, kimi zaman da Konya&rsquo;daki Abd&uuml;lgani Bey&rsquo;den istemişlerdi. Fakat bu kez de m&uuml;rekkep yoktu. &ldquo;M&uuml;rekkep yok&rdquo; dediklerinde Ali Efendi sinirlenmişti. Ve o an basın tarihine ge&ccedil;ecek şu s&ouml;zleri s&ouml;ylemişti;</p>\r\n\r\n<p>&ldquo;D&uuml;ş&uuml;nd&uuml;ğ&uuml;n&uuml;z şeye bak. Etraf orman, &ccedil;ıra. Sobalar g&uuml;r&uuml;l g&uuml;r&uuml;l yanıyor. Borular simsiyah kurumdan tıkanıyor. Toplayın kurumları. Beziryağı da bulun. Gerisine karışmayın. Kolay.&rdquo;</p>\r\n\r\n<p>O g&uuml;n yabancı parayla Mustafa Kemal aleyhinde yayın yapan İhanet gazetelerine karşı Kurtuluş Savaşı gazeteleri Toros Dağlarında bu şartlarda basıldı. Her sayfası kutsal bir eser gibi elden ele taşındı. Anadolu ve Rumeli M&uuml;dafaa-i Hukuk Derneğinin, T&uuml;rkiye B&uuml;y&uuml;k Millet Meclisi&rsquo;nin kararları ve Mustafa Kemal&rsquo;in bildirileri soba kurumundan yapılmış isli beziryağı ile basıldı.</p>\r\n\r\n<p>&Ccedil;&uuml;nk&uuml; m&uuml;rekkep yoktu. Ama zekalar Aydınlıktı.</p>\r\n\r\n<p>&nbsp;</p>\r\n\r\n<p>İzmir işgal edildikten altı ay sonraydı.</p>\r\n\r\n<p>Gecenin bir vaktinde Karşıyaka tren istasyonuna gelen bir trenden soğan &ccedil;uvalları atıldı. Manisalı Mehmet ve arkadaşları bu soğan &ccedil;uvallarını Yunan askerlerinin g&ouml;zleri &ouml;n&uuml;nde sırtladı Ve sakin adımlarla istasyondan ayrıldı. Ardından ara sokaklara daldı. Yarı yıkık bir dam eve varıldı. İlk &ccedil;uval a&ccedil;ıldı, yere boşaltıldı. Ama i&ccedil;inden sadece soğan &ccedil;ıktı. Diğer &ccedil;uvala bakıldı, o da sadece soğan &ccedil;ıktı. &Uuml;&ccedil;&uuml;nc&uuml; &ccedil;uval a&ccedil;ılınca herkesin g&ouml;zleri parladı. &Ccedil;&uuml;nk&uuml; soğan &ccedil;uvalının i&ccedil;inde altın ya da para değil, gazete tomarları vardı. Balıkesir&rsquo;de basılıp İzmir&rsquo;e soğan &ccedil;uvallarının i&ccedil;inde ka&ccedil;ak geliyordu. Bu gazetenin adı, &ldquo;İzmir&rsquo;e Doğru&rdquo; gazetesiydi.</p>\r\n\r\n<p>İzmir&rsquo;de bu gazeteyi &ccedil;ıkarmak ve dağıtmak yasaktı. &Ccedil;&uuml;nk&uuml; İzmir işgal altındaydı. Dağıtan, alan okuyan tutuklanıyordu. Bu y&uuml;zden gazeteyi &ccedil;ocuklar dağıtıyorlardı. Konak Meydanında gizlice satıyorlardı. Parola: &ldquo;Ondan var mı?&rdquo; idi. Elden ele dolaşırdı. Herkes &ldquo;İzmir&rsquo;e Doğru gazetesi var mı?&rdquo; diye almazdı. &ldquo;Ondan da var mı?&rdquo; diye alırdı. Gazete Mustafa Kemal&rsquo;in ve Kuvayı Milliye&rsquo;nin sesiydi. Ve her sayfasında &ldquo;Kuvayı Milliye&rsquo;nin hizmetkarı ve savunucusudur&rdquo; derdi.</p>\r\n\r\n<p>O g&uuml;n gazete dağıtım şirketi filan yoktu. Ama &ccedil;ocuklar vardı. &Ccedil;ocuk y&uuml;zleri Aydınlıktı.</p>\r\n\r\n<p>&nbsp;</p>\r\n\r\n<p>Sonunda Kurtuluş Savaşı verildi, kazanıldı. Cumhuriyet kuruldu. Aynı sıkıntılar yaşanmamalıydı. Temelleri 1934 yılında atıldı. 1936&rsquo;da ilk yerli kağıt &uuml;retimi yapıldı. Hakimiyet-i Milliye&rsquo;nin 19 Mayıs 1936 tarihli ek&rsquo;i bu yerli kağıt ile basıldı. Atat&uuml;rk ilk kağıt hamurunu eline aldığı zaman &lsquo;Medeniyet Hamuru&rsquo; demişti. Ne de g&uuml;zel ifade etmişti.Kağıt M&uuml;hendisleri bile vardı. Y&uuml;zden fazla t&uuml;r kağıt &uuml;retimdeydi.T&uuml;m &uuml;lkenin kağıt ihtiyacını karşılıyordu. Adı; SEKA&rsquo;ydı. Serbest Piyasa Politikası ile birlikte SEKA kenara atıldı, &ldquo;Zarar eden&rdquo; ve &ldquo;&Ccedil;ağa ayak uyduramayan&rdquo; tanımlamaları yapıldı.1997 yılında &ouml;zelleştirme kapsamına alındı ve 2002 yılında Albayrak Şirketler Grubu&#39;na satıldı. Aslında peşkeş &ccedil;ekildi. Ardından m&uuml;zeye d&ouml;n&uuml;şt&uuml;r&uuml;ld&uuml;. M&uuml;zeye d&ouml;n&uuml;şt&uuml;r&uuml;len T&uuml;rkiye&rsquo;nin Kağıt Fabrikası değildi, k&uuml;lt&uuml;r Fabrikasıydı. Kurtuluş Savaşında o g&uuml;n kağıt dolara değil, dağlara endeksliydi. Ama şimdi Dolara endekslendi. Atat&uuml;rk &lsquo;Bir memleket, kağıdını kendi yapmadığı zaman, ulusal k&uuml;lt&uuml;r&uuml;n&uuml; yabancı l&uuml;tfuna bağlar&rsquo;&nbsp;demişti, aslında bu g&uuml;nlere seslenmişti.</p>\r\n\r\n<p>Şimdi ş&ouml;yle bir bakalım.</p>\r\n\r\n<p>Bug&uuml;n Albayrak Gazetesi gibi imkansızlıklar i&ccedil;erisinde &ccedil;ıkarılan, &Ouml;ğ&uuml;d Gazetesi gibi, Yeni Adana Gazetesi gibi baskı g&ouml;ren kapanan bir gazete var mı etrafımızda? Var, Aydınlık var.</p>\r\n\r\n<p>Bug&uuml;n, &ldquo;İzmire doğru&rdquo; gibi &ldquo;Kuvayı Milliye&rsquo;nin hizmetkarı ve savunucusuyum&rdquo; diyen bir gazete var mı etrafımızda? Var, Aydınlık var.</p>\r\n\r\n<p>Bug&uuml;n, İradeyi Milliye gibi Hakimiyet-i Milliye gibi Mustafa Kemal Atat&uuml;rk&rsquo;&uuml;n sesi olan bir gazete var mı etrafımızda? Var, Aydınlık var.</p>\r\n\r\n<p>Kurtuluş Savaşında Kuvayı Milliye gazeteleri olduk&ccedil;a Aydınlıktı. Bu g&uuml;n&uuml;n Aydınlık gazetesi gibiydi.</p>\r\n\r\n<p>O zaman bir Aydınlık, iki Aydınlık, &uuml;&ccedil; Aydınlık alalım, karanlığa bir mum yakalım, &ccedil;evremizi, &uuml;lkemizi aydınlatalım. Aydınlık gazetesini ayakta tutalım.</p>\r\n\r\n<p>Kurtuluş Savaşında hangi gazeteler aydınlıktı diyoruz ya, Mustafa Kemal&rsquo;i destekleyen b&uuml;t&uuml;n gazeteler aydınlıktı. Bu g&uuml;nk&uuml; Aydınlık gazetesi gibi.</p>\r\n\r\n<p>Unutmayın Aydınlık, aydınlıktır.</p>\r\n\r\n<p>&nbsp;</p>\r\n\r\n<p>&hellip;..</p>\r\n\r\n<p>&nbsp;</p>\r\n\r\n<p>aydinkelesoglu16@gmail.com</p>\r\n\r\n<p>&nbsp;</p>\r\n","hideAds":false,"createdDate":1535353217000,"updatedDate":1535353140000,"hitCount":7129,"active":true,"lastUpdaterIp":"85.100.126.161","hasEmbeddedTitle":false,"showOnHomePage":false,"currentUrl":"kurtulus-savasinda-hangi-gazeteler-aydinlikti-aydin-kelesoglu-kose-yazilari-agustos-2018"},{"id":100767,"title":"Damat Berat Paşa","contentType":"CORNER_POST","coverImage":"","socialMediaImage":"","publicationDate":1534651200000,"tags":[],"spot":"","body":"<p>Osmanlı&rsquo;da Saraya ilk Damat Karamanoğlu Alaeddin Ali Bey oldu.</p>\r\n\r\n<p>1378&rsquo;de I.Murad&rsquo;ın b&uuml;y&uuml;k kızı Nefise Melek Sultan&rsquo;ı aldı. Kayın&ccedil;osu I.Bayezid, nam-ı diğer Yıldırım Bayezid tarafından &ouml;ld&uuml;r&uuml;ld&uuml;. T&uuml;rkler birbirini katledince Yıldırım Beyazıt Timur&rsquo;a yenildi, Osmanlı&rsquo;da Fetret, yani dağılma d&ouml;nemine girildi.</p>\r\n\r\n<p><strong>DAMAT PARGA&rsquo;LI İBRAHİM PAŞA</strong></p>\r\n\r\n<p>Makul(saygın) bir damattı, makt&uuml;l(&ouml;l&uuml;) bir damat oldu.</p>\r\n\r\n<p>Adriyatik sahilindeki Parga kasabasında doğdu. Aslen İtalyandı. Altı yaşında&nbsp;Malta&rsquo;lı korsanlar&nbsp;tarafından ka&ccedil;ırıldı. Bir sene sonra Osmanlı denizcilerine satıldı. İzmir&rsquo;e getirildi ve Manisalı bir hanım tarafından satın alındı. Ardından&nbsp;Şehz&acirc;de S&uuml;leyman&rsquo;a hediye edildi. Şehzade S&uuml;leyman bu &ccedil;ocuğu &ccedil;ok sevdi. Beraber kardeş&ccedil;e b&uuml;y&uuml;d&uuml;. Bu y&uuml;zden Makbul&nbsp;diye anıldı. Pargalının, Sultan S&uuml;leyman&rsquo;ın kız kardeşi Hatice Sultan&rsquo;la evlenince r&uuml;tbeleri hızla y&uuml;kseldiği s&ouml;ylendi.28 yaşında başbakan oldu.Devletin en g&uuml;&ccedil;l&uuml; adamıydı. Yedi Tuğ&rsquo;un altısı ondaydı. Ancak Padişah Kanuni Sultan S&uuml;leyman kendi g&uuml;c&uuml;ne ortak olacağı gerek&ccedil;esiyle ondan kaygı duydu. Bir Ramazan gecesinde &nbsp;saraydaki odasında cell&acirc;tlar tarafından acı bir şekilde katledildi. Padişah yan odadaydı. Boğuşma seslerini duydu ama karışmadı. B&ouml;ylece Makbul diye anılan Pargalı Damat İbrahim Paşa,&nbsp;1536 yılında Makt&uuml;l oldu.Osmanlı Ticaretini kemiren kapit&uuml;lasyonların taslağını o hazırlamıştı. Osmanlı Ticareti Damat Paşanın kapit&uuml;lasyonları sayesinde bitti Neticede Kanuni Pargalıyı saraya Damat yapıp vezir etti, Pargalı Damat Dış politikayı rezil etti.</p>\r\n\r\n<p><strong>DAMAT NEVŞEHİR&rsquo;Lİ İBRAHİM PAŞA</strong></p>\r\n\r\n<p>Gen&ccedil;liğinde iş bulmak i&ccedil;in İstanbul&rsquo;a geldi. Saray k&acirc;tibi sayesinde helvacılar ve baltacılar ocağına girdi. Katıldığı bir savaşta orduyu dağılmaktan kurtarınca Padişah III.Ahmet onu yanına aldı. Ali Paşa&rsquo;nın kızı Fatma Sultan&rsquo;la evlendirdi. Ondan sonra terfi etti. Başbakan oldu. Halka ve esnafa yeni vergiler y&uuml;kledi. Halkın &ouml;ncelikli ihtiya&ccedil;larını gidermek yerine Saraydaki lale devriyle uğraştı. Yol yaptı, yollara duble laleler ekti. &ldquo;Kalk gidelim sevgilim sadabade&rdquo; s&ouml;z&uuml; onun devrinde &ccedil;ıktı. Sadabad, İstanbul K&acirc;ğıthane&#39;de bir cennet k&ouml;şeydi. Damatların, d&uuml;n&uuml;rlerin ve &uuml;lkeyi y&ouml;netenlerin halka inmek yerine Sadabade inmesi, Patrona Halil İsyanına neden oldu. İsyan esnasında padişah III.Ahmet isyancıların ısrarına karşı koyamadı ve &ccedil;ok sevdiği damadını &ouml;ld&uuml;rt&uuml;p isyancılara teslim etti.</p>\r\n\r\n<p>Neticede Padişah, İbrahim Damadını vezir etti, Damat ise &uuml;lkeyi rezil etti.</p>\r\n\r\n<p>&Ccedil;&uuml;nk&uuml; Damadın d&ouml;neminde Pasarof&ccedil;a Anlaşması yapıldı. Orta Avrupa&rsquo;daki Osmanlı varlığı tehlikeye atıldı. Belgrat elden &ccedil;ıktı. Osmanlı Avrupa&rsquo;da savunma durumuna ge&ccedil;ti.&nbsp;</p>\r\n\r\n<p><strong>DAMAT ALİ GALİB PAŞA</strong></p>\r\n\r\n<p>1854&rsquo;te Sultan Abd&uuml;lmecit&rsquo;in kızı Fatma Sultan ile evlendi, saraya Damat oldu, anında paşa oldu. Ardından vezir oldu. 1857&rsquo;de Dışişleri Bakanı ve sonra da&nbsp;Hazineden sorumlu Bakan oldu.Fakat ne yapsa Padişaha yaranamadı. Hatta azar bile yedi. Abd&uuml;lmecit, Ali Galib Paşa&rsquo;yı g&ouml;stererek &rdquo;Bunu Hazine Bakanı ettik, bu borca bu k&ouml;stebek kılıklı herif sebep oldu&rdquo; dedi.Talihsiz damat bir gece&nbsp;eve d&ouml;nerken Boğazda kayığı İngiliz vapuruna &ccedil;arpınca boğularak &ouml;ld&uuml;. Neticede Abd&uuml;lmecit, Damada Hazine Bakanlığını teslim etti, Damat Ali Galip hazinenin i&ccedil;ine etti. Adeta Hazineyi yabancı paralara teslim etti.</p>\r\n\r\n<p><strong>DAMAT NECİP BEY</strong></p>\r\n\r\n<p>II.Abd&uuml;lhamid&rsquo;in ve Vahidettin&rsquo;in kardeşi Mediha Sultan ile 1879&rsquo;da evlendi. Hemen paşalık verildi. Ancak Damat Bey 6 yıl sonra tifodan &ouml;ld&uuml;. Kardeşinin durumuna &ccedil;ok &uuml;z&uuml;len Abd&uuml;lhamit, uygun biriyle yeniden evlendirilmesini i&ccedil;in talimat verdi, başbakan Kamil Paşa&rsquo;yı g&ouml;revlendirdi.Sarayda bu işlere Başbakanlar da bakardı. Bakan zaten sadece aynaya bakardı. Emri alan başbakan hemen eş adayı aramaya başladı.&Uuml;lke batıyormuş, yanıyormuş onlar i&ccedil;in &ouml;nemli değildi, &ouml;nemli olan Damat beydi. Damat olacak kişinin kriteri de belliydi. Babası veya atası devlet erk&acirc;nından olacaktı, g&uuml;zel ahlaka sahip olacaktı, otuz yaşından k&uuml;&ccedil;&uuml;k, kırk yaşından da b&uuml;y&uuml;k olmayacaktı, ha bir de yakışıklı olacaktı. Yoksa Mediha Sultan beğenmezdi. Birden Mediha Sultan &ouml;len eşinin cenaze t&ouml;reninde g&ouml;rd&uuml;ğ&uuml; gen&ccedil; bir memuru beğendiğini s&ouml;yledi. Beğenmekle kalmadı, daha cenaze ortada iken &ldquo;bunu bana alın&rdquo; dedi. II.Abd&uuml;lhamid Necip Bey&rsquo;e kız kardeşini verdi, kız kardeşi de Necip Bey&rsquo;in cenazesinde g&ouml;nl&uuml;n&uuml; Ferit Bey&rsquo;e verdi.</p>\r\n\r\n<p><strong>DAMAT FERİT PAŞA</strong></p>\r\n\r\n<p>Mediha Sultan&rsquo;ın daha kocasının cenazesinde Bismillah &ldquo;Bunu bana alın&rdquo; dediği kişi Ferit Bey&rsquo;di. Dışişlerinde memur idi, hemen talimat verildi, Abd&uuml;lhamit&rsquo;e rapor edildi.Daha yeni &ouml;len kocasının toprağı kurumadan Mediha Sultan Damat Ferit ile evlendi. Baltalimanı Sarayına Damat edildi. Memur Ferit Bey, Damat Ferit Bey oldu, Damat Ferit Bey Ş&ucirc;ray-ı Devlet &uuml;yesi oldu, Paşa oldu, Damat Ferit Paşa Bakan ve başbakan Vezir oldu. Ama Osmanlı rezil oldu. 1918&rsquo;de Osmanlıyı par&ccedil;alama Konferansı olan Paris Konferansına gitti, kendi &uuml;lkesini rezil etti. Osmanlıya son veren Sevr i imzaladı. Padişah Vahdettin ile birlikte İngilizlerle gizli bir anlaşma daha imzaladı. T&uuml;rk Milletinin canı pahasına verdiği Kurtuluş Savaşına karşı geldi. 21 Eyl&uuml;l 1922&rsquo;de sessiz sedasız yurt dışına ka&ccedil;tı. Nice&rsquo;ye yerleşti. Fransa&rsquo;da S&uuml;rg&uuml;nde &ouml;ld&uuml;. Neticede &ouml;nce vezir, sonra rezil oldu.</p>\r\n\r\n<p><strong>DAMAT BERAT PAŞA</strong></p>\r\n\r\n<p>Liseyi şu malum &Ouml;zel Fatih Koleji&#39;nde&nbsp;okudu.</p>\r\n\r\n<p>Y&uuml;ksek Lisansını Amerika&rsquo;da yaptı. &Ouml;nce Milletvekili oldu, ardından 2015 yılında Cumhurbaşkanı&rsquo;nın kızı ile evlendi. Yunanistan Başbakanı Kostas Karamanlis şahitlik yaptı. Aksaray&rsquo;a damat oldu. Ondan sonra &ouml;nce enerjiden, sonra Hazineden sorumlu Bakan oldu. 1920&#39;de g&ouml;revden ayrılan Damat Ferit&#39;ten sonra kabineye giren ilk damattı.</p>\r\n\r\n<p>G&ouml;kten &uuml;&ccedil; elma d&uuml;şm&uuml;ş, biri Bakan&rsquo;a, biri Damat&rsquo;a, biri Saray&rsquo;a. Bana &ouml;yle bakma. Sana bana millete yok. Onlar ermiş muradına, biz &ccedil;ıkalım kerevetine ama, bu işin sonu hayrola. Zira, Osmanlı&rsquo;yı d&uuml;n&uuml;rl&uuml;k ve damatlık sistemi batırdı.&Uuml;lkeyi Kanuni d&ouml;neminde Kapit&uuml;lasyonlara hapseden vezir, damattı. Abd&uuml;lmecit d&ouml;neminde &uuml;lkeyi borca sokan nazır yine damattı. Osmanlının ortadan kaldırılmasına imza atan yine Damat Ferit&rsquo;ti. Şimdi de Damat Berat. &Ouml;nce Vekil oldu, sonra Damat oldu, sonra da Bakan oldu. Tamam, biz tarihten bu t&uuml;r şeylere alışığız ama, Bakan olur olmaz nedense sık sık T&uuml;rkiye Cumhuriyeti&rsquo;nin yeni sisteminden s&ouml;z etti.</p>\r\n\r\n<p>Yeni sistem dediği hem &ldquo;Başkanlık&rdquo; hem de &ldquo;Damatlık&rdquo; sistemiydi.</p>\r\n\r\n<p>Tarihe bakınız..</p>\r\n\r\n<p>Osmanlıyı iki şey batırmıştır. Birincisi Başkanlık sistemi, ikincisi de Damatlık sistemi.</p>\r\n\r\n<p>Madem aynı gemideyiz, o zaman d&uuml;meni Damatlara değil, işin ehl-i Kaptanlara veriniz.</p>\r\n\r\n<p>Ve &uuml;lkeyi batırmak istemiyorsanız, Damatlık sisteminden de, Başkanlık sisteminden de vaz ge&ccedil;iniz.</p>\r\n\r\n<p><em><strong><small>aydinkelesoglu16@gmail.com</small></strong></em></p>\r\n\r\n<p>&nbsp;</p>\r\n","hideAds":false,"createdDate":1534652188000,"updatedDate":1534751114000,"hitCount":9810,"active":true,"lastUpdaterIp":"141.101.105.163","hasEmbeddedTitle":false,"showOnHomePage":false,"currentUrl":"damat-berat-pasa-aydin-kelesoglu-kose-yazilari-agustos-2018"},{"id":100149,"title":"Atatürk öldüğünde dolar kaç liraydı?","contentType":"CORNER_POST","coverImage":"","socialMediaImage":"","publicationDate":1534028520000,"tags":[],"spot":"","body":"<p>Dolar, yani ABD doları, yani &lsquo;<em>Yeni D&uuml;nya D&uuml;zeni</em>&rsquo;nin artık bir emperyal silahı. Eskiden silahla saldırırlardı, şimdi Dolarla saldırıyorlar. &Uuml;lkenizi iyi y&ouml;netemezseniz emperyalistlerin bu t&uuml;r iktisadi saldırılarına maruz kalır ve kendi &uuml;lke ekonominizi koruyamazsınız, kaybedersiniz.</p>\r\n\r\n<p>Atat&uuml;rk, hen&uuml;z Kurtuluş savaşı bittiğinde, 1922&rsquo;de İzmir&rsquo;de Yakup Kadri&rsquo;ye; &rdquo;<em>Mill&icirc; M&uuml;cadelemizin bu evresi kapanmıştır; şimdi ikinci evresini a&ccedil;mamız gerekiyor</em>&rdquo; dediğinde, tam da bunu kastediyordu. Yani, İktisadi bir kurtuluş savaşı vererek ekonomiyi de yabancı etkisinden ve işgalinden kurtarmak. Bu anlamda ilk iktisadi kurşunu İzmir İktisat Kongresi ile attı. İkinci evre; Ekonomik kalkınmanın Kurtuluş Savaşı idi.</p>\r\n\r\n<p>İzmir İktisat Kongresi, &ouml;zel sekt&ouml;r&uuml; &ouml;n plana &ccedil;ıkarıyordu, ancak temel felsefe, dış ticaret a&ccedil;ığının ortadan kaldırılarak bağımsız bir ulusal ekonomi yaratmaktı. Bunu, 1929 ABD Krizinden sonra devlet g&uuml;d&uuml;ml&uuml;, devletin daha aktif olduğu piyasa politikaları izleyecekti.</p>\r\n\r\n<p>Peki, Atat&uuml;rk d&ouml;neminde Ekonomi nasıldı, Dolar yok muydu, elbette vardı. Gelin bir bakalım. İki ayyaş diye saldırdıkları o y&uuml;ce insanların ekonomisine bir g&ouml;z atalım. &Ouml;yle ya, ayıklar ne yapmış, ekonomiyi nasıl batırmış bi karşılaştıralım.</p>\r\n\r\n<p>&nbsp;</p>\r\n\r\n<p>*1923&rsquo;de 1 ABD doları yaklaşık 1 TL&rsquo;na eşitti. Hatta zaman zaman 1 TL, 1 Dolardan daha değerliydi. Şimdi ise 1 ABD Doları 6,430,120 TL&rsquo;na eşit. Altı milyon d&ouml;rty&uuml;zotuzbin y&uuml;zyirmi T&uuml;rk Lirası. Rakama bakıp şaşırmayın. Rakam doğru. Sadece altı sıfır atmadık. &Ccedil;&uuml;nk&uuml; para biriminden altı sıfır atmanın ekonomiye hi&ccedil;bir katkısı yok.O hikaye, yalan dolan. Ger&ccedil;ekte 1 dolar yaklaşık 6 milyon tl den daha değerli.</p>\r\n\r\n<p>&nbsp;</p>\r\n\r\n<p>* 1923&rsquo;den sonra Dolara bakıyoruz, TL karşısında artış g&ouml;stermiş. 1 ABD doları 1,6 TL&rsquo;na &ccedil;ıkmış. &Ccedil;&uuml;nk&uuml; Lozan&rsquo;da mecburen Osmanlı&rsquo;nın Saray ve saltanat-ı Duyun-i Umumiye bor&ccedil;larını da kabul etmek zorunda kaldı.Bu miktar 84,6 milyon dolardı. Doların y&uuml;kselişi bu y&uuml;zden. 1854 yılında başlayan Osmanlı Bor&ccedil;larını 1923&rsquo;den sonra &ouml;demeye başladık. Ve y&uuml;z yıl sonra, yani 1954&rsquo;te ancak bitirebildik. Ama bu ağır y&uuml;k bile Dolarda fazla kıpırdama yaratmadı. Hatta 1924 yılında T&uuml;rkiye&rsquo;nin yıllık b&uuml;y&uuml;me hızı; % 14,8 oldu.</p>\r\n\r\n<p>Bu bir rekordu, &ccedil;&uuml;nk&uuml; ekonominin başında g&uuml;ya iki ayyaş vardı.</p>\r\n\r\n<p>&nbsp;</p>\r\n\r\n<p>Bug&uuml;n ekonominin başında iki ayık var, gel g&ouml;r ki bir papazı tutukluyorlar, durduruyorlar, Ama Doları durduramıyorlar. &Ccedil;&uuml;nk&uuml; ekonomi bug&uuml;n herkese a&ccedil;ık. (S)oros&rsquo;bu balonu gibi. Kim &uuml;flerse şişiyor.</p>\r\n\r\n<p>*Atat&uuml;rk d&ouml;nemi T&uuml;rkiye&rsquo;si sadece Osmanlı Bor&ccedil;larını &ouml;demedi. 1916 tarihinde Osmanlının yaptığı G&uuml;mr&uuml;k Tarifesini de 5 yıl boyunca devam ettirdi. Mecburdu. Yani Osmanlının bor&ccedil;larını ele g&uuml;ne bırakmadı. Bunun da bir bedeli olacaktı. Bu y&uuml;zden 1929 yılına kadar dış ticaretimiz a&ccedil;ık verdi. 1929&#39;da ise T&uuml;rkiye kendi g&uuml;mr&uuml;k tarifesini &ccedil;ıkardı ve kendi menfaatine dayanan dış ticaret politikası uyguladı. Hani &ldquo;Lozan hezimettir&rdquo; gibi yalan yanlış s&ouml;zlerle İhanet&ccedil;ilik yapan Osmanlıcılar var ya, hatırlatırım, Lozan sadece &uuml;lkenin ve T&uuml;rk Milletinin onurunu değil, Osmanlının bor&ccedil; onurunu da kurtardı</p>\r\n\r\n<p>* 1925 yılında Osmanlıdan beri halkın kanını emen Aşar, yani dedemin deyimiyle &Ouml;ş&uuml;r vergisi 1925 yılında kaldırıldı. &Ouml;ş&uuml;r kalemi, o g&uuml;nk&uuml; T&uuml;rkiye b&uuml;t&ccedil;esindeki en &ouml;nemli gelir kalemi idi, Ama o yılki TL, ABD Dolarını tınlamadı. &Ccedil;&uuml;nk&uuml; aynı yıl T&uuml;rkiye&rsquo;nin b&uuml;y&uuml;me rakamı; % 12,9 idi.</p>\r\n\r\n<p>&nbsp;</p>\r\n\r\n<p>*Gelelim 1926 yılına. O yıl Kayseri&rsquo;de u&ccedil;ak fabrikası a&ccedil;ılmıştı. Hem yerli, hem de Milli idi. Ayyaş dedikleri o iki kişi a&ccedil;tı. Ama Demokrat Partili ayıklar 1950&rsquo;de kapattı. Kapatmakla kalmadı; 2010 lu yıllarda AKP d&ouml;neminde &ldquo;u&ccedil;ak fabrikası a&ccedil;tık&rdquo; diye her se&ccedil;imde halk kandırıldı. Ama u&ccedil;ağın hostesini bile g&ouml;ren olmadı.</p>\r\n\r\n<p>&nbsp;</p>\r\n\r\n<p>*1929 yılında Dolar 2,08 Tl ye,1930&rsquo;da 2,12 liraya &ccedil;ıktı. &Ccedil;&uuml;nk&uuml; ABD&rsquo;nde ve D&uuml;nyada B&uuml;y&uuml;k ekonomik kriz vardı. D&uuml;nya ekonomisi sallantı halindeydi. Ama T&uuml;rkiye bu krizi yaşamadı. Gelişmiş D&uuml;nya &Uuml;lkelerinde bile b&uuml;y&uuml;me rakamları eksiye d&ouml;nerken, 1929&rsquo;da T&uuml;rkiye&rsquo;nin yıllık B&uuml;y&uuml;me rakamı; % 21,6 gibi bir rekordaydı. O zamanlar T&uuml;rkiye&rsquo;nin başına ayyaş dedikleri iki g&uuml;zel insan ge&ccedil;mişti.</p>\r\n\r\n<p>Aradan neredeyse y&uuml;z yıl ge&ccedil;ti, bu rekoru hi&ccedil;bir ayık ge&ccedil;emedi.</p>\r\n\r\n<p>Ekonomide Kalkınma Planları yapılırdı. &Ouml;yle ayakları yere basmayan, her tarafı yalan kokan 1071, 3071 gibi 1000&rsquo;er yıllık komik hayaller değildi. Gayet ger&ccedil;ek&ccedil;i ve 5&rsquo;er yıllık planlardı. Bu planların sonucunda T&uuml;rkiye 1931 yılında % 8 b&uuml;y&uuml;d&uuml;. Şimdi ne b&uuml;y&uuml;d&uuml;. Bor&ccedil;tan başka.</p>\r\n\r\n<p>Ha pardon, bir de uzun pinokyonun burnu b&uuml;y&uuml;d&uuml;.</p>\r\n\r\n<p>&nbsp;</p>\r\n\r\n<p>*&rsquo;Denk B&uuml;t&ccedil;e&rsquo; diye bir şey duydunuz mu hi&ccedil;? İşte eskiden &lsquo;Denk B&uuml;t&ccedil;e&rsquo; vardı. 1932 yılında T&uuml;rkiye b&uuml;t&ccedil;esi denkti. 1923 ile 1935 arasında b&uuml;t&ccedil;e yalnızca 3 yıl a&ccedil;ık verdi, diğer yıllar b&uuml;t&ccedil;e fazla verdi. 1932 yılında T&uuml;rkiye % 10,7 b&uuml;y&uuml;d&uuml;.</p>\r\n\r\n<p>&nbsp;</p>\r\n\r\n<p>*1933 yılında da % 15,8 b&uuml;y&uuml;d&uuml;. D&uuml;nya Ticaret Hacmi hak getire. D&uuml;nya ticareti silahların g&ouml;lgesindeydi.</p>\r\n\r\n<p>&nbsp;</p>\r\n\r\n<p>*Ardından 1936 yılına gelindi, o yıl bir ekonomik rekor daha geldi. T&uuml;rkiye&rsquo;nin yıllık B&uuml;y&uuml;me hızı a&ccedil;ıklandı; % 23,2 idi. Bug&uuml;n bile bu rakamı hi&ccedil; kimse ge&ccedil;emedi. Bu rekor sadece Atat&uuml;rk&rsquo;e aitti. Dolar, anında 2 liradan 1.2 TL&rsquo;ye geriledi. 1 Sterlin 1936&rsquo;da 620-630 kuruş idi. 1 lira bile değildi.</p>\r\n\r\n<p>&nbsp;</p>\r\n\r\n<p>*Atat&uuml;rk 1937&rsquo;de &ldquo;topraksız &ccedil;ift&ccedil;i bırakılmamalıdır&rdquo; demişti, &ccedil;ift&ccedil;iye her t&uuml;rl&uuml; &uuml;retim imkanları verildi, ama şimdi al ananı git denildi.</p>\r\n\r\n<p>&nbsp;</p>\r\n\r\n<p>*1938 de T&uuml;rkiyenin yıllık B&uuml;y&uuml;me hızı; % 9,5 idi. Alışmıştık değil mi % 20&rsquo;li rekor b&uuml;y&uuml;melerine.% 9 filan deyince birden k&uuml;&ccedil;&uuml;k geldi.(Bu arada bug&uuml;n b&uuml;y&uuml;me hızı ortalama % 5&rsquo;lerde) Evet, b&uuml;y&uuml;me hızımız % 9&rsquo;a k&uuml;&ccedil;&uuml;ld&uuml;. &Ccedil;&uuml;nk&uuml; ikinci D&uuml;nya Savaşı yaklaşıyordu. B&uuml;t&ccedil;e a&ccedil;ık değil, 36 milyon dolar fazla verdi. Ayrıca stokta 26 milyon TL karşılığı altın vardı. Şeker &Ccedil;imento, kereste ve deri ihtiyacının t&uuml;m&uuml; yerli, Y&uuml;nl&uuml; dokumanın % 83 &uuml;, Pamuklu dokumanın % 43 &uuml;, Kağıdın % 32&rsquo;si,cam ve cam eşyanın % 63 &lsquo;&uuml; milli ve yerliydi. Şimdiki gibi otu &ccedil;&ouml;p&uuml; samanı dışarıdan almıyordu.</p>\r\n\r\n<p>&nbsp;</p>\r\n\r\n<p>Dolar mı? Dedik ya 1,26 tl ye geriledi.</p>\r\n\r\n<p>İkinci D&uuml;nya Savaşı oluyordu veya yaklaşıyordu, Ekonomimizin doları &ouml;yle bir papazla filan sallanmıyordu. &Ouml;rneğin Mussolini T&uuml;rkiyeyi tehdit ediyordu, anında cevabını alıyordu. Hitler kapımıza dayanıyordu, TL&rsquo;miz, Doları Markı tınlamıyordu. Her kurum kendi ayakları &uuml;zerinde sağlam duruyordu. &Ouml;rneğin 1938 e kadar b&uuml;t&uuml;n demiryolları millileştirilmiş ve Erzurum&rsquo;a ulaşmıştı. Diyeceksiniz ki, o zamanki ekonomimiz kapalı ekonomiydi. E şimdi de kapat kardeşim. O &uuml;lkelerin ekonomisi sana a&ccedil;ık mı. Hayır. G&uuml;mr&uuml;k duvarları var, kotaları var. Senin neyin var. Ne ekonomik sınır var ne coğrafi sınır. Gelen giriyor. Giren &ccedil;ıkmıyor.Sende koy. Kaldır g&uuml;mr&uuml;k duvarlarını &uuml;reticinin, &ccedil;ift&ccedil;inin sanayicinin lehine. Niye yabancı kazansın hemşerim sen kazan. Sen kapitalizmin piyasasını serbest mi sanıyorsun. O zaman aldanıyorsun. Unutma ki, Adam Smith&rsquo;in serbest piyasası kendilerine serbest, sana değil.</p>\r\n\r\n<p>&nbsp;</p>\r\n\r\n<p>*Peki Ekonomi şimdi nasıl?</p>\r\n\r\n<p>Hemen s&ouml;yleyelim1923 ile 1950 yıllarındaki % 10&rsquo;lu %20&rsquo;li &ccedil;ift haneli rekor b&uuml;y&uuml;meler artık hayal. Bırakın T&uuml;rkiye&rsquo;yi D&uuml;nyada yok. AKP d&ouml;neminde ortalama b&uuml;y&uuml;me hızı % 5 civarında. Koalisyon h&uuml;k&uuml;metlerindeki b&uuml;y&uuml;meden bile daha geride. B&uuml;t&ccedil;enin bırakın dengini, gendini bile g&ouml;ren yok. Sayıştay&rsquo;a sunulan yıllık rapor sadece 1 sayfa. Dalga ge&ccedil;er gibi. B&uuml;t&ccedil;e Dolar mı? Bekle dolar.</p>\r\n\r\n<p>6 milyondan k&uuml;s&uuml;r TL sadece 1 dolara eşit. Yukarıda yazmıştık. 6 sıfırı atmadan hesapla, farkı g&ouml;r. &Ccedil;&uuml;nk&uuml; 6 değil, 6 bin sıfır atsan da, &uuml;lkenizin artı değeri artmadık&ccedil;a hi&ccedil;bir şey fark etmez.</p>\r\n\r\n<p>Halka ill&uuml;zyon yapmaya gerek yok.</p>\r\n\r\n<p>&nbsp;</p>\r\n\r\n<p>Peki neden bu hale geldik.</p>\r\n\r\n<p>Osmanlı&rsquo;nın da Saray ve Saltanat bor&ccedil;larının &ouml;denmesine rağmen, Atat&uuml;rk hayata g&ouml;zlerini yumduğu 1938&rsquo;de neredeyse tekrar 1 tl 1 dolara eşit iken, b&uuml;t&ccedil;e fazla fazla veriyorken, İn&ouml;n&uuml;&rsquo;n&uuml;n d&ouml;neminde ve İkinci d&uuml;nya savaşı sonrasında 1946 da 1 dolar 1,38 tl civarında iken, nasıl oluyor da, 1958 yılında Demokrat Parti Adnan Menderes d&ouml;neminde Dolar 12 yıl sonra 9,60 tl ye fırlıyor. Ve şimdi de 6 milyon kata &ccedil;ıkıyor.</p>\r\n\r\n<p>Nedeni basit.</p>\r\n\r\n<p>Dolar yeni nesil silah aracı. Bir olta. Bir yem. Emperylistler s&ouml;m&uuml;rmek istediği &uuml;lkeleri Dolarla avlıyor.</p>\r\n\r\n<p>Bizim (S)oros&rsquo;bu ekonomistler de bu dolardan besleniyor. Kendi iktidarlarını ve saraylarını kuruyor.</p>\r\n\r\n<p>Efendim uzun lafın kısası Papaz bahane, Saray, s&ouml;m&uuml;r&uuml; ve rant şahane.</p>\r\n\r\n<p>&nbsp;Neticede bu g&uuml;zelim &uuml;lkeyi iki ayyaş(!) kurtardı, ama iki ayık batırdı.</p>\r\n\r\n<p><strong><em>(aydinkelesoglu16@gmail.com)</em></strong></p>\r\n","hideAds":false,"createdDate":1534028546000,"updatedDate":1534146226000,"hitCount":70732,"active":true,"lastUpdaterIp":"172.69.55.173","hasEmbeddedTitle":false,"showOnHomePage":false,"currentUrl":"ataturk-oldugunde-dolar-kac-liraydi-aydin-kelesoglu-kose-yazilari-agustos-2018"}]},"success":true}