{"data":{"totalCount":1,"author":{"id":292,"name":"Serhat Latifoğlu","image":"2021/4/15/775b4a2f-ccf0-4ae4-920d-cd3082b22ae3.jpeg","authorType":"NEWSPAPER","emailAddress":"serhat.latifoglu@gorevholding.com","twitter":"","facebook":"","background":"<p>Serbest fon yöneticisi Latifoğlu, finans kariyerinin ilk 11 yılında Demir Yatırım, HSBC Yatırım, ADM, Gedik Yatırım, Tera Yatırım ve Meksa Yatırım’ın yurt içi ve türev piyasalar bölümlerinde çalıştı. Söz konusu kurumların hemen hepsinde yurt içi ve yurt dışı türev piyasalar bölümlerini kurdu. Latifoğlu son 10 yıl içinde çeşitli amaçlarla fon ve şirketler kurdu, yöneticiliğini yaptı. Bunlardan en önemlisi İsviçre’de kurulan ilk Türkiye türev arbitraj fonu oldu. Halen Görev Holding’te Finans Direktör Yardımcısı ve Londra’da kurduğu Versum Wealth isimli özel varlık fonunu yönetmektedir. Söz konusu varlık fonu çeşitli iş dallarında üretim yapan şirketlere destek olmaktadır ve Türkiye’de ilk 100’de bulunan bazı şirketlere hedging teknikleri konusunda danışmanlık yapmaktadır. Serhat Latifoğlu, Marmara Üniversitesi İİBF Maliye mezunu ve Yale Üniversitesi Davranışsal Ekonomi Sertifikası başta olmak üzere çok sayıda profesyonel sertifika sahibidir. Halen İstanbul Üniversitesi’nde Kalkınma Ekonomisi Yüksek Lisans öğrencisidir. Çin İş Geliştirme ve Dostluk Derneği’nde Genel Saymandır. Rumeli Türkleri Derneği/Rumeli Balkan Federasyonu, RUYİAD ve Karadeniz Vakfı gibi sivil toplum kuruluşlarının yönetimi ve/veya kurullarında faaliyette bulunmuştur.</p>","active":true,"socialImage":"2021/4/15/8bb81adc-9196-4f46-a67c-b3ab2072a4ef.jpeg","lastPublicationDate":1618515897387,"slugUrl":"serhat-latifoglu"},"contents":[{"id":241039,"title":"Türk ekonomisinde algı ve gerçekler","contentType":"CORNER_POST","coverImage":"","coverCode":"","publicationDate":1618524240000,"tags":[],"intro":"","spot":"","body":"<p>Bugünden itibaren her hafta bu köşede Türkiye’de ve dünyada ekonomik, finansal gelişmeler hakkında yorum yapacağım. Çin İş Geliştirme ve Dostluk Derneği’nde Başkanım Sayın Adnan Akfırat ve Aydınlık Gazetesi Yayın Yönetmeni Sayın Mustafa İlker Yücel olmak üzere tüm Aydınlık ailesine bu imkanı sağladıkları ve destekleri için teşekkür ederim.</p><h3>NEOLİBERAL İFLAS</h3><p>Türkiye’de 2015’den itibaren başlayan siyasi değişimin ekonomide etkisinin hissedilmemesi düşünülemez. Son yıllarda Türk ekonomisinde yaşanan tıkanıklık sadece son beş yılın siyasi dönüşümün etkisi değil aynı zamanda 40 yıldır uygulanan neoliberal ekonomi politikalarının iflasının göstergesidir. Atlantik sermayesinin veya Lenin’in tanımıyla ‘mali oligarşi’nin tasarımı olan ve IMF eliyle teşvik edilen neoliberal poltikalar tüm dünyada tartışılır hale gelmiştir. 2008 krizinden sonra gerek izlediği başarısız ekonomi poltikaları, gerekse yarattığı gelir adaletsizliği nedeniyle tartışma konusu olan neoliberal ekonomi modeli Türkiye gündeminde hakkıyla tartışılmamaktadır. Yapılan tartışmalar ağırlıklı olarak parasalcı ekonomi tezlerinin ve yabancı fonların düzenli akışının sağlanması çerçevesinde dar bir alana sıkışmıştır. Ya da neoliberal kapitalizmin genel zaaflarını taşıyan Türk ekonomisinin yönetimini elinde tutan AK Parti iktidarını eleştirmekten öteye geçmiyor ve ortaya somut bir alternatif koyamıyor.</p><h3>ATLANTİK'İN İCATLARI</h3><p>Ülke ekonomistlerinin büyük çoğunluğunun neoliberal ekonomiyi ‘a prioiri’ olarak kabul etmeleri ve Atlantik sermayesinin tezlerini tartışılmaz görmeleri kafa karışıklığına sebep oluyor. Söz konusu kişilerin çoğunun niyetinin iyi olduğu tartışılmaz. Fakat öyle bir bilgi kirliliği ve ortam oluşmuştur ki ne mesleki ne de akademik hiçbir geçmişi olmayan bazı sosyal medya aktörleri ‘referans’ alınır ve kamuoyunu etkiler hale gelmiştir. Muhalefet partilerinin Atlantik hattına sadakati ve hükümetin izlediği kararsız tutum kafa karışıklığı ortamını körüklemektedir. Buna akademik çevrelerin hayattan soyutlanmış olmasını ve güncel gelişmeleri okuyamamalarını da ekleyelim. Bu ortam kara propaganda için uygun bir iklim yaratmaktadır. Birçok kavram eğilip bükülmüş, içeriği boşaltılmıştır. ‘Güven’, ‘piyasa’, ‘şeffaflık’ gibi sık sık telaffuz edilen ama aslında Atlantik sermayesinin icadı olan ve temel iktisat ve finans tezlerinin bile dışına taşan kavramlar kara propagandanın aracı olmuştur. Kara propaganda o kadar güçlenmiştir ki adeta bir “Milli Güvenlik” sorununa dönüşmüştür.</p><h3>ANKARA'DAN BAKIŞ</h3><p>Bu köşenin konusu hem ekonomik finansal gelişmelerin, kavramların milli bir bakış açısıyla değerlendirlmesi hem de kara propagandanın bertaraf edilmesi ve teşhir edilmesi olacaktır. Bu köşe kafa karışıklığının giderilmesine katkıda bulunacak ve Türk ekonomisine Londra veya New York’tan değil Ankara’dan bakanların sesi olacaktır. Bu köşe mali oligarşinin uluslararası alanda gücünü kaybetmeye başladığı günümüzde ezenler/ezilenler mücadelesinde ezilenlerden taraftır.</p>","outro":"","hideAds":false,"createdDate":1618515897388,"updatedDate":1618515897388,"hitCount":678,"active":true,"lastUpdaterIp":"108.162.229.170","hasEmbeddedTitle":false,"showOnHomePage":false,"currentUrl":"turk-ekonomisinde-algi-ve-gercekler-241039"}]},"success":true}