{"data":{"totalCount":5,"author":{"id":84,"name":"Ferit İlsever","image":"2019/11/27/7f293084-56cf-4a0a-88ba-8bef5f2b3fca.jpg","authorType":"NEWSPAPER","emailAddress":"","twitter":"","facebook":"","instagram":"","youtube":"","background":"","active":true,"socialImage":"","lastPublicationDate":1618338249848,"slugUrl":"ferit-ilsever"},"contents":[{"id":240761,"title":"Bozguncu bildirinin temelindeki gerçekler","contentType":"CORNER_POST","coverImage":"","coverCode":"","publicationDate":1618355100000,"tags":[],"intro":"","spot":"'Bugünkü koşullarda bu bozguncu bildiri rastlantı değildir. Ve kuşkusuz aşağıdaki denklem içinde görevli olanlar tarafından hazırlanmıştır'","body":"<p>Aydınlık ve Ulusal Kanal'ın çabalarıyla, 104 emekli amiralin bildirisine önderlik eden Ergun Mengi'nin GİF (Global İlişkiler Forumu) üyesi olduğu ve bu örgütün de ABD merkezli CFR (Dış İlişkiler Konseyi) ile bağlantısı ortaya çıktı. CFR çeşitli ülkelerde kurduğu konseylerle örgütleniyor. Bu konseylerin toplandığı merkez, CFR'ye bağlı Consil of Consils (CoC-Konseyler Konseyi)'tir. GİF, işte bu merkeze bağlıdır ve CFR'nin Türkiye şubesidir. Şimdi kamuoyumuzun oldukça aydınlandığı bu bilgilerden sonra biraz daha derinlere inelim. Böylece 104 imzalı bozguncu bildirinin gerçek sahibini ve amacını daha iyi kavrayacağız. </p><p>Önce şu GİF'i biraz daha tanıyalım. GİF'in kuruluşu doğrultusunda ilk adım 1999 yılında atıldı. CFR'nin kurucusu, dünyanın en zenginlerinden David Rockefeller, 1999 yılında Koç Müzesi'nde Koç Grubu'nun davet yemeğine katıldı. Rockefeller burada Rahmi Koç'un CFR'nin Dış İlişkiler Uluslararası Grup Üyeliği'ne alındığını açıkladı ve kendisine madalya taktı. Rahmi Koç bu tarihten sonra yıllarca CFR'de yöneticilik yaptı. </p><p>CFR'nin Türkiye'de yerel Konsey çalışmaları ise, 2008'de başladı. 40 kişiden oluşan seçkin bir grup, Rahmi Koç başkanlığında GİF'in temellerini attı. 11 Mayıs 2009'da GİF resmen kuruldu. </p><p>GİF'in kurucularını ve üyelerini, başta Koç ve Sabancı olmak üzere, Türkiye'nin büyük holdinglerinin temsilcileri; Koç, Sabancı, Boğaziçi, ODTÜ, Bilkent ve Özyeğin üniversitelerinin rektör, dekan ve hocaları; büyük bankaların temsilcileri ve emekli subaylarla, devlet görevlileri oluşturuyordu. İşte önce GİF'in kurucu üyelerinin bazıları: </p><p>Piraye Antika (HSCB Genel Md.), Pekin Baran (Armatör), Edip Başer (e. Orgeneral), Aslı Başgöz (White&amp;Case Hukuk Şti. Türkiye sorumlusu), Feyyaz Berker (Tekfen Holding YK. Bşk.), Hanzade Doğan Boyner (Doğan Gazetecilik YK. Bşk. Vekili), Yılmaz Büyükerşen (Eskişehir Bld. Bşk.), Yavuz Canevi (TEB YK. Bşk.), Hikmet Çetin (e. Dışişleri Bakanı), Hasan Çolakoğlu (Çolakoğlu Holding YK. Bşk.), Salim Dervişoğlu (e. Oramiral / e. Deniz Kuvvetleri Komutanı), Ömer Dinçkök (Akkök Grubu YK. Bşk.), Ali Doğramacı (Bilkent Üniversitesi Rektörü), Turgay Durak (Koç Holding CEO Vekili), Bülent Eczacıbaşı (Eczacıbaşı Holding YK. Bşk.), Vili Kamhi (Profilo Holding), Rahmi Koç (Koç Holding Şeref Bşk.), Sönmez Köksal (e. MİT Müsteşarı), Altan Öymen (e. Turizm Bakanı), Ersin Özince (Türkiye İş Bankası Genel Md.), İlter Türkmen (e. Dışişleri Bakanı), Rona Yırcalı (DEİK Bşk.), Volkan Vural (e. Büyükelçi). </p><p>GİF üyelerinin bir kısmını ise şu isimler oluşturuyordu: Bekir Ağırdır (TESEV Yönetim Kurulu üyesi ve KONDA Araştırma Genel Md.), Leyla Alaton (Alarko Holding Yönetim Kurulu üyesi), Mehmet Yiğit Alpogan (e. MGK Sekreteri), Mehmet Ali Bayar (Demokrat Türkiye Partisi e. Genel Bşk.), Emin Murat Bilgel (e. Deniz Kuvvetleri Komutanı), Tayyibe Gülek Domaç (Bilderberg üyesi), Salim Dervişoğlu (e. Deniz Kuvvetleri Komutanı), Murat Ülker (Ülker Holding), Yaşar Yakış (e. Dışişleri Bakanı), Durmuş Yılmaz (Merkez Bankası e. Bşk., şimdi İP milletvekili). </p><p>Ayrıca, GİF'in bir de kurumsal üyeleri var. Bunların bazıları ise şunlar: Citibank, Anadolu Sigorta, Borusan, Denizbank, İNG, İş Bankası, İş Yatırım, Türkiye Sınai Kalkınma Bankası, General Sigorta, Vodafone, Siemens, Deloitte, Oracle.</p><p>GİF'i daha iyi tanımak için 2010'dan beri yoğun bir şekilde sürdürdüğü etkinliklerine bakmakta yarar var. GİF bu tarihten beri, dünyaca ünlü çeşitli NGO'ların (STK'ların) temsilcilerinin; Türkiye'den ve çeşitli ülkelerden devlet yetkililerinin, büyükelçilerle, özellikle ABD üniversitelerinden yetkililerin ve hocaların, zaman zaman da başta CFR'nin yayın organı Forreign Affairs'ten olmak üzere çeşitli yayın organlarından gazetecilerin katıldığı paneller, konferanslar vb. düzenliyor. Bu sayısız etkinlikten en dikkat çekici biri, Consil of Consils'in 8. Bölgesel Konferansı. Bu konferans 2015 yılında GİF'in evsahipliğinde yapıldı. Gladyo örgütlenmesi CFR'nin yıllık konferansları bizzat CFR tarafından düzenlenirken, bölgesel konferanslar CFR üyelerince gerçekleştiriliyor. İstanbul'da yapılan 8. Bölgesel Konferans'ta da, bölgesel önemi olan konular, tabii özellikle PKK-YPG'ye verilen destek, Batı Asya ve Kuzey Afrika'daki gelişmeler ele alındı. Ayrıca, Ukrayna'daki son durumla, Avrupa'nın geleceği tartışıldı. </p><p>Bütün bu etkinliklerde konuşulan konuların özetini, sayın Şükrü İzmirlioğlu arkadaşımız USMER İstanbul Komisyonları'na gönderdiği bir mesajla duyurdu. Şöyle diyordu İzmirlioğlu: \"GİF üyeleri Türkiye ve NATO arasındaki S-400 krizinin nasıl aşılacağına ilişkin bir makale yayınlamışlar. Makalenin linki bir kaç gün önce GİF'in sayfasında vardı ama 104 amiral bildirisinin ardından çıkan tartışmalardan sonra kaldırılmış. Makalenin linki GİF'in Twitter hesabında halâ duruyor. </p><p>\"Makalede S-400 krizinin çözümü için 'dahiyane' bir öneri var. Özetle; 'Türkiye S-400'leri aktivite etmeyeceğini taahhüt ederse, bunun karşılığında da ABD Türkiye'yi F-35 Programı'na geri alır ve yaptırımları kaldırırsa bu iş çözülür' diyor.\"</p><h3>CFR&nbsp;NEDİR?</h3><p>Şimdi biraz da GİF'in bağlı bulunduğu CFR'ye mercek tutalım. </p><p>CFR, ABD Derin Devleti Gladyo'nun operasyon merkezi NATO Müttefik Dönüşüm Komutanlığı'nın (ACT) yan kuruluşu. Aynı zamanda bu kurumun psikolojik savaş merkezi. </p><p>CFR'nin Başkanı, eski ABD Başkanı George Bush'un yardımcılığını yapmış Richard Nathan Haas. CFR'yi tanımak için bazı üyelerini sıralamak yeterlidir. İşte o üyeler: George Bush, Condelezze Rice, Angeline Jolie, Madeline Albright, Brzezinski, Jimmy Carter, Dick Cheney, Bill Clinton, Henry Kissinger, Robert Mc Namara, Colin Powell... Yani 50 yıldır ABD'yi yöneten başkanlar ve onları da yöneten Derin Devlet'in has elemanları. </p><p>Ama yine de bunların yanı sıra öne çıkan iki ismi vurgulamakta yarar var: CFR'nin Danışmanı Henri Barkey ve Batı Asya ve Türkiye uzmanı, Foreign Policy'nin yazarı Steven Cook. </p><p>Bunların marifetlerine geçmeden önce, CFR'yi daha iyi tanımak için Steven Cook tarafından kaleme alınan, CFR'nin 13 Kasım 2018 Türkiye Raporu'na göz atmakta yarar var. Rapor özetle;</p><p>1. ABD'nin Türkiye ile stratejik ortaklığı bitti. Türkiye artık ABD'nin hasmı ve rakibi.</p><p>2. Türkiye F-35 Projesi'nden çıkartılmalı ve Suriye'nin kuzeyinde YPG ile çalışmaya devam edilmeli. </p><p>3. Türkiye'nin Rusya'dan S-400 alması, ABD ile farklılıklarının en önemlisi.</p><p>Önceki gün Ulusal Kanal Ana Haber Sunucusu, arkadaşım Teoman Alili,&nbsp;Steven Cook'un 104 imzalı bozguncu bildirinin yarattığı ortamla ilgili açıklamasını okuyordu: \"Bu bildiri hükümetle laikler kavgasının başlangıcıdır.\" Ne Teoman şaştı, ne de ben şaştım. Tam da Cook'tan beklenen açıklama. Adamlar zaten tezgahı kurmuş ve pususuna yatmış. O bildiriye imza atanlar düşünsünler ve görsünler bu gerçeği. </p><p>Cook bu bildiriden çok daha önce bakın ne bildiriler çıkartmış:</p><p>\"Türkiye artık olması gerektiği gibi bir ortak değil.\" (S-400'lerden sonra CNN'e. Temmuz 2019)</p><ul><li> \"Erdoğan Türkiye'yi otoriterleştirdi. Tayyip Erdoğan TRT ve AA'nın darbeciler tarafından işgalini, otoriterleşmenin politik bir aracı haline getirdi.\" (15 Temmuz darbe girişiminden sonra The Atlantic dergisine. 23 Temmuz 2016)</li><li>\"Türk Halkı sevinç duyacağı yerde, darbenin Erdoğan'ı görevinden uzaklaştırma girişimine öfkelendi.\" (15 Temmuz'dan sonra, Forreign Affairs'e. 20 Temmuz 2016)</li><li>\"Kürtler erken bir tarihte bağımsızlık kazanacak.\" (Washington'da düzenlenen bir seminerdeki sözleri. Temmuz 2014)</li><li> \"Türkiye Stratejik müttefiklik perspektifinden uzaklaştı. Ancak Haziran 2019 Seçimleri'nde İstanbul Büyükşehir Belediye Başkanlığı'nı Ekrem İmamoğlu'nun kazanması, Türkiye demokrasisi adına umut verici bir gelişme.\" (CFR'nin düzenlediği paneldeki sözleri. 26 Temmuz 2019)</li><li>Henri Barkey'i ise konuşmaya değmez. Hayatı boyunca Türkiye düşmanlığına kilitlenen bu Gladyo elemanı, en son 15 Temmuz Fetullahçı Gladyo darbe girişiminin örgütleyicisi olmak suçundan Türk yargısı tarafından aranıyor ve kaçak durumda.</li></ul><h3>CFR'NİN&nbsp;TEMELİ</h3><p>Şimdi CFR ve CoC'dan biraz daha derine inelim. </p><p>Kurucusu Rockefeller olan CFR'nin mülkiyeti bir süre sonra silah şirketi Raytheon'a devredildi. Aslında buna, \"Raytheon-Lockheed Martin ortaklığına devredildi\" de diyebiliriz. Yani ABD'nin ve dünyanın en büyük iki silah şirketi. Silah şirketleri ve psikolojik savaş merkezi...\"Ne alâka\" denebilir. Çok ilgisi var. İşte tam da ABD Derin Devleti'nin 90'lardan sonra uyguladığı asimetrik savaşın temel kuralı bu; sert güç ve yumuşak gücün eşgüdümüyle yürütülecek bir savaş.</p><p>ABD Derin Devleti Gladyo'nun operasyon merkezi Virginia'daki NATO Müttefik Dönüşüm Komutanlığı(ACT)'dır. NATO 90'lardan sonra yeni stratejik dönüşümünü \"yumuşak güç\" ilkesine dayandırıyor. Açalım; \"Dünya kamuoyunu ikna etmek, zihinleri etkilemek ve örnek ülkeler yaratmak.\" Bu faaliyeti propaganda araçları ve özellikle STK'lar üzerinden yürütüyorlar ve adına kamu diplomasisi diyorlar. Yani Gladyo'nun 40 yıldır bildiğimiz psikolojik savaş merkezini, örgütlü mücadeleyle güçlendiriyorlar. 2010'dan sonra ACT'de Kamu Diplomasisi Merkezi kuruldu. ACT bu amaçla NATO üyesi ülkelerdeki üniversitelerle ilişki geliştiriyor. </p><p>Bu noktada temel bir değerlendirme yapalım: Demek ki, 90'lardan itibaren Gladyo Merkezi'nin dünya çapında askeri, ekonomik, siyasi vb. her alanda stratejisinde bir değişikliğe gidildi. Askeri alanda; Asimetrik-Siber Savaş ön plana geçiyor. Ekonomide; IMF ve uluslararası sermaye üzerinden, ülkeleri işbirlikçileriyle yönetme döneminden Mafya-Gladyo Sistemi'ne geçiliyor. Psikolojik savaşta ise, genel propaganda ve ajitasyon döneminden, Kamu Diplomasisi'ne transfer ediliyordu. </p><p>\"Geleneksel Diplomasi\", devletler arası ilişkileri ifade ediyordu. Ama Kamu Diplomasisi doğrudan halkları hedef alıyor. Kamu Diplomasisi'ne \"Akıllı Güç Stratejisi\" de diyorlardı ve bunu, \"sert ve yumuşak gücün sentezi\" olarak tanımlıyorlardı. \"Sert güç\", Gladyo Merkezi'nin kumanda ettiği askeri ve ekonomik güçmüş. Bundan sonra bu gücü, \"insanlara seslendikleri yumuşak güçle\" birleştireceklermiş. Gördünüz mü, silah şirketleriyle CFR nasıl da birlikte çalışırmış.</p><p>Şimdi biraz da Raytheon'u tanıyalım. Her şeyden önce, Patriot füze sisteminin üreticisi olarak bilinen bir silah şirketi ve bu konu Türkiye'de de çok tartışıldı. En kritik tartışma, 2009'da başlatılan Türkiye'nin füze ihalesinde aldığı tutum konusunda oldu. 4 milyar dolarlık bu ihaleyi kaybetmesinin ardından, Raytheon'un sahibi olduğu CFR üyeleri ayağa kalktı.</p><p>Türkiye'nin 2009'da düzenlediği Uzun Menzilli Hava Savunma Sistemi alımına ilişkin ihaleye, Amerikan Raytheon-Lockheed Martin Konsorsiyumu, Rus silah şirketi Rosoboroneksport, Eurosam Fransız-İtalyan ortaklığı ve Çin şirketi CPMIEC katılmıştı. İhaleyi Çin şirketi kazandı. </p><p>Patriotların üreticisi Raytheon, Savunma Sanayi Müsteşarlığı'nın açtığı ihalede 4 milyar dolar maliyet önermiş, Türkiye'ye teknoloji transferini reddetmişti. Bunun üzerine hükümet, ihaleye 500 milyon dolar daha az teklif veren, üstelik teknoloji transferini kabul eden Çin şirketi CPMIEC'den yana ağırlığını koymuştu. Çin şirketinin ihaleyi kazanmasında teklifinin yüzde 50'den fazla yerli sanayi katılımını içermesi ve teklif fiyatını 3,44 milyar dolar vererek maliyet avantajı sağlaması etkili olmuştu. </p><p>İhaleyi kaybetmesinin ardından Raytheon Şirketi Türkiye karşıtı kampanyaya girişti. İhalenin kaybedildiği gün şirket yetkilisi Mike Doble, \"Türkiye'yi Suriye'ye karşı Patriot füzelerinin koruduğunu\" söylemiş, ihalenin kendilerine verilmemesiyle ilgili olarak da, \"Türkiye'den açıklama bekliyoruz\" demişti. </p><p>Raytheon yetkililerinin ardından, Amerikan - İsrail çıkarlarını savunan gazetelerinin Türkiye'yi topa tutması dikkat çekti. Financial Times 20 Ekim 2016’daki haberinde, \"Türkiye'nin füze ihalesi nedeniyle, 61 yıldır üyesi olduğu Batı'dan kopacağını\" ileri sürdü. Financial Times, \"Türkiye'li bazı yetkililerin, El Kaide'nin uzantısı El Nusra'yı övdüğünü ve El Kaide'ye destek verdiğini\" de vurguladı.</p><p>Daha sonra CFR önderliğinde Türkiye'ye karşı kampanya başlatıldı. Bu kampanyada MİT Müsteşarı Hakan Fidan'ın İsrail'e hedef gösterilmesi dikkat çekti. Wall Street Journal'da Hakan Fidan aleyhine yayınlanan haberin ardından, Washington Post yazarı ve CFR üyesi David Ignatius 17 Ekim 2016'da yayınlanan yazısında, \"Hakan Fidan'ın, Türkiye topraklarında İsrail'e çalışan İran'lı ajanları İran istihbaratına sattığını\" ileri sürdü.</p><p>Steven Cook boş durur mu? \"Türkiye'nin yaptıklarına bakınca, bunun neresi 'model ortak'? Obama bu Türkiye'ye nasıl müttefik olarak davranabilir\" diyordu.</p><p>Çin şirketiyle yapılan anlaşma 2015'te iptal edildi ve 2017-18'de Rusya'dan S-400 füzeleri için 2 milyar 500 milyon dolarlık anlaşma yapıldı. </p><p>Bütün bu gelişmelerden sonra Trump, başkanlığı döneminde, \"Türkiye bu olayda suçsuz. Patriotları vermeyerek hata yaptık\" diyordu. Bugünkü Başkan Biden'in Savunma Bakanı, Raytheon'un da yönetiminde yer almış Lloyd Austin ise, \"Patriotların S-400'lerin en büyük rakibi olduğunu\" söylüyor, Dışişleri Bakanı Anthony Blinken ise, \"Sözde müttefik Türkiye, S-400 konusunda ısrar ederse, daha fazla yaptırımlar gelecek\" diyordu. </p><p>Bu kararlı duruşumuzdan sonra ABD, Türkiye'yi F-35 Projesi'nden çıkardığını ve bundan sonra Türkiye'ye Patriot verilmeyeceğini açıkladı. Türkiye'nin Lockheed Martin'e ait F-35'lerin proje ortağı olduğunu ve bu konuda büyük yatırımlar yaptığını da hatırlatalım. Yani bu kararı alan ABD şimdi Türkiye'ye borçludur ve bunun hesabını verecektir.</p><p>Raytheon üzerinden ABD'yle ilişkilerimizde en dikkat çekici noktalardan biri de şu; ABD'deki FETÖ örgütlenmesi. Raytheon bu örgütlenmedeki rolüyle dikkat çekiyordu. En başta, Raytheon içinde bir sürü Fetullahçı bulunuyor ve bu şirket Gülen okullarına sürekli bağış yapıyordu.</p><p>Sadece Raytheon'un Araştırma bölümünde görev yapan Dr. Yalçın Ayaslı'nın hikayesi bu ilişkiyi açıklamaya yeter. Dr. Ayaslı Türk Kültür Vakfı'nın (TCF: Turkish Cultural Foundation) ve Amerika-Türk Koalisyonu'nun (Turkish Coalition of America) kurucusu ve başkanıdır. Aynı zamanda Dünya Türk İş Konseyi Yüksek İstişare Kurulu üyesidir. </p><p>Bu ismi tanıtmak için sözü, o tarihlerde Sabah Gazetesi'ndekk yazısıyla Mahmut Övür'e ve Takvim'deki yazısıyla Ergün Diler'e bırakalım. Mahmut Övür 23 Ağustos 2016 tarihli yazısında Ayaslı'yı şöyle tanıtıyordu: \"Önceki gün MHP'li 12 siyasetçiye yapılan kaset komplosunda adı geçen Bora Jet Firması'nın sahibi İbrahim Faruk Bayındır'ın sır dolu iş yaşamını anlatmış, iki ilginç isimden söz etmiştim. Biri ABD'de yaşayan Dr. Yalçın Ayaslı, diğeri de İbrahim Koca. Bu üç ismin iş ortaklıkları var ama görünen başka bir ortaklıkları daha var: FETÖ lideri Gülen'le ilişkili olmaları. Ayaslı, bugün en büyük gelirini Boeing ve NASA'ya sattığı patentlerden sağlıyor. Türkiye'deki yatırımları arasında Nar Firması ve Bora Jet de var. Ayaslı'nın Bora Jet'te ortaklık yaptığı iki isim İbrahim Faruk Bayındır ve Av. Halil İbrahim Koca. İkisi de FETÖ soruşturmalarından aranıyor.\"</p><p>Ergün Diler ise 2 Eylül 2016 günlü yazısında Ayaslı hakkında şunları yazıyordu: \"MHP kasetleri bazı gazetecilerin içinde yer aldığı bir kumpastı. Faruk Bayındır önemliydi ama, asıl önemi, büyük ortak Yalçın Ayaslı'dan kaynaklanıyordu. Yıllardır Cemaat'la yan yana duran Habertürk bile bu Bayındır'in satın aldığı jeti haber yaptı. Jet Türkiye'de kimsede yoktu. Parayı verenin Bayındır olduğu yazılıp çizilse de patron Yalçın Ayaslı'ydı. Bayındır ile Ayaslı Tarkim Havacılık'ta ortaktı. Daha sonra da şimdiki Bora Jet'te. Uçaklar garip bir şekilde peşin parayla alınıyordu.&nbsp;Yalçın Ayaslı gerçekten özel bir isimdi. Dünyada belki de Obama ile en sık görüşen tek Türk'tü. Ortağı Faruk Bayındır gizli sandığı toplantılarda 'MHP'yi devirdim. Kimse artık önümde duramaz' diyordu. Faruk Bayındır ile Yalçın Ayaslı ortak olunca, Cem Uzan'ın sahip olduğu hangara çöktüler...17-25 Aralık operasyonu başlayınca bazı işadamları Faruk Bayındır'i arayıp jetlerini hazır tuttu, 24 saat. Atatürk Havalimanı'nda en özel hangar Bayındır ve Ayaslı'nındı. Çok özel misafirler kayıtsız bir şekilde buradan uçağa biniyor ve istedikleri yerlere gidiyordu. Çoğu yabancıydı. Yalçın Ayaslı'nın kurduğu TCF'nin başındaki G.K isimli şahsın eşi CIA ajanı. Bizlerin bilmediği Amerika-Türkiye arasında muazzam bir hat var. Büyük planın içindekiler para sahipleri. İstanbul'un Orta yerinde, dünyanın merkezinde Atatürk Havalimanı'nda karargah kuruldu. Kimselerin giremeyeceği kapıların arkasında özel sır dolu toplantılar yapıldı.\" </p><p>Yalçın Ayaslı TCF aracılığıyla, Koç Üniversitesi, Vehbi Koç Araştırmalar ve Uygulamalar Merkezi (VEKAM)'yle ve Sabancı üniversitesi'yle işbirliği halinde sergiler açtı, etkinlikler düzenledi. </p><p>FETÖ örgütlenmesi üzerinden, ABD'nin tüm eyaletlerinde yüzlerce vakıf, dernek kurdu. Bunları New York'taki Ortak Değerler Birliği ile Washington'daki Türk Amerikan Birliği adlı kuruluşlarda topladı. Bunlar ABD yetkilileriyle, Kongre üyeleriyle ve işadamlarıyla sürekli ilişki halindeydiler. ABD'nin Fetullah Gülen'e verdiği bütün desteğine rağmen, Türkiye'deki FETÖ operasyonlarından sonra dağılma sürecine girdiler. </p><p>İşte GİF budur değerli okurlar. Özetle:</p><p>GİF=CFR=ACT=GLADYO.</p><p>Bu Merkezin Doğu Akdeniz'den, Ege'den, Karadeniz'den Türkiye'yi kuşattığı ve krizin Ukrayna'da yoğunlaştığı bugünkü koşullarda bu bozguncu bildiri rastlantı değildir. Ve kuşkusuz yukarıdaki denklem içinde görevli olanlar tarafından hazırlanmıştır. İçimizde fitne ve bölünme yaratmayı, TSK'ni zaafa düşürmeyi hedefleyen bu bildiriye imza atanların ve bildiriyi destekleyenlerin tekrar tekrar düşünmesi dileğiyle.</p>","outro":"","hideAds":false,"createdDate":1618338249849,"updatedDate":1618338249849,"hitCount":2697,"active":true,"lastUpdaterIp":"172.69.182.150","hasEmbeddedTitle":false,"showOnHomePage":false,"currentUrl":"bozguncu-bildirinin-temelindeki-gercekler-240761"},{"id":236059,"title":"Sistem içinde çırpınmaya son!","contentType":"CORNER_POST","coverImage":"","coverCode":"","publicationDate":1614985200000,"tags":[],"intro":"","spot":"","body":"<p>İyi Parti İstanbul Milletvekili Ümit Özdağ, Atatürkçü çizgiden uzaklaştığı gerekçesiyle partisinden istifa etti. Son dönemde gerek CHP'den, gerekse İyi Parti'den istifa eden milletvekillerinin hemen tamamı istifa nedenlerini böyle açıkladılar. Hemen hepsinin ortak gerekçesi; ABD emperyalizminin tahakkümünden kurtulmak. Güzel, demek ki, ABD hizmetindeki muhalefet cephesi çöküyor.</p><p><br></p><p>Önce şunu vurgulayalım; ABD emperyalizmi dediğimiz, her şeyden önce bir diktatörlük. ABD'nin silahlı gücüne dayanan ve temelinde uluslararası sermayenin baskı ve sömürüsü bulunan bir diktatörlük. Elbette, hakimiyet kurduğu ülkelerde tahakkümünü işbirlikçileriyle sürdürüyor. Türkiye'de de 70 yıldır böyle. Özellikle 90'lardan sonra ABD tahakkümü bir Mafya-Gladyo Diktatörlüğü'ne dönüştü.&nbsp;</p><p>Böyle bir diktatörlüğün zulmünden kurtulmanın biricik yolu DEVRİM. Dünyamızın kapitalizm-emperyalizm döneminde bu zulümden kurtulmanın başka bir yolu, örneği yok. Varsa gösterin. En başta biz, Türkiye, daha 100 yıl önce devrimimizi yapmış ve bütün dünyaya örnek olmuştuk. Bugün de emperyalist tahakkümden kurtulmak için, Kemalist Devrim'i tamamlama göreviyle yükümlüyüz. Buna Milli Demokratik Devrim diyoruz. Ama sadece kapitalizm döneminde değil, önceki sınıflı toplumlarda da gelişmenin biricik kanunu devrimdi.&nbsp;</p><p>Her devrim halkın örgütlü gücüyle başarılır. Yanı sıra, millet-ordu beraberliğiyle. Hele bugün, tahakkümüne isyan ettiğimiz Amerikan Emperyalizmi'yle savaş halindeyken, kurtuluşu en sonunda silah belirler.&nbsp;</p><p>Ve tabii bu mücadeleye önderlik edecek bir kurmay merkez; öncü parti. İlk adım ise, halkın örgütlü gücüne dayanan milli meclis ve milli hükümet. İşte İstiklâl Savaşı ve Cumhuriyet Devrimi tarihimizin en önemli dersleri.&nbsp;</p><p><br></p><p>Bunları şundan yazıyorum; \"ABD emperyalizminden kurtulmak\" deyip de, onun sistemi içinde çırpınarak olmaz, olmuyor. Sistem partileriyle bir çıkış yok. Partilerinden istifa eden Atatürkçülerin yeni parti çabaları hiçbir sorunumuza çözüm olmayacağı gibi, sadece gerileyen ABD emperyalizmine zaman kazandırır.</p><p>Bütün bu yazdıklarımın biricik adresi Vatan Partisi'dir. BAŞKA ÇÖZÜM YOK, OLMAZ DA! En kötüsü, bunu görüp de, öne atılıp bu gerçeğe omuz vermemek ve bir köşeye çekilip seyretmek.</p><p><em>Ferit İLSEVER/ Vatan Partisi Genel Başkan Yardımcısı&nbsp;</em></p><p><br></p>","outro":"","hideAds":false,"createdDate":1614982113215,"updatedDate":1614982113215,"hitCount":1476,"active":true,"lastUpdaterIp":"162.158.19.41","hasEmbeddedTitle":false,"showOnHomePage":false,"currentUrl":"sistem-icinde-cirpinmaya-son-236059"},{"id":199966,"title":"Enver Altaylı ve ‘Küçük Amerika’ süreci","contentType":"CORNER_POST","coverImage":"","coverCode":"","publicationDate":1579848600000,"tags":[],"intro":"","spot":"","body":"<p>Enver Altaylı’nın özgeçmişi Türkiye’nin 60 yıllık “Küçük Amerika” sürecinin tarihidir. Şimdi bu özgeçmişe kısaca bir göz atalım.</p><p>Fuat Doğu’nun MİT Müsteşarı olduğu 60’lı yıllarda CIA-MİT ilişkisi, Gülen Cemaatiyle kurulan ilişkiyle pekiştirildi. Böylece Gülen Hareketi bir cemaat olmaktan, terör örgütü olmaya evriliyordu. Bu yapılanmada o tarihlerde CIA İstanbul Şefi olan Graham Fuller ile CIA Ortadoğu Direktörü Ruzi Nazar başrolü oynadılar.</p><p><strong>HARP OKULU’NDAN ATILDI</strong></p><p>Ruzi Nazar bu süreçte aynı zamanda yakın akrabası olan Enver Altaylı’yı buldu, O’nu CIA ve FETÖ ile ilişkiye geçirdi. Nazar ve Altaylı Özbek kökenli olup, komünizm düşmanlığıyla sivrilmişlerdi. Enver Altaylı ayrıca 1963’teki Talat Aydemir darbesine katıldığı için, Kara Harp Okulu’ndan atılmıştı.</p><p>Enver Altaylı CIA’ya girdikten sonra hayatı Ruzi Nazar ve CIA’nın İstanbul şeflerinden Duane Claridge’le bağlantıyla geçti. Bunu kendi raporlarında yazıyor. Altaylı 1968’de Ruzi Nazar aracılığıyla MİT’e girdi. 1974’te ise çıkartıldı.</p><p>Bu dönemde tek işi Komünizm’le Mücadele Dernekleri’nde çalışmak oldu. Sağ-sol çatışmalarında görev aldı. Alparslan Türkeş’in danışmanlığına getirildi.</p><p>FETÖ’ye karşı tavrı nedeniyle katledilen Necip Hablemitoğlu davasında tanık olarak ifadesine başvurulurken FETÖ ile ilişkisine dair yalan söylediği ortaya çıktı.</p><p><strong>FETÖ OKULLARINI ÖRGÜTLEDİ</strong></p><p>Enver Altaylı 80-90’lı yıllardan, özellikle Sovyetler Birliği’nin yıkılmasından sonra Türk Cumhuriyetleri ile ilgili çalışmalara ağırlık verdi. Başlıca amacı yine CIA ve FETÖ’nün yönetiminde, Türk Cumhuriyetlerini Rusya Federasyonu’na düşmanlık temelinde örgütlemekti. Bu konudaki en önemli araç ise FETÖ okullarıydı. Bu okullara öğretmen diye atananların çoğu CIA görevlisiydi. Öğrencileri Rusya, Türkiye ve Atatürk düşmanlığıyla eğitiyor ve FETÖ’ye hazırlıyorlardı. Altaylı bu okulların Türk Cumhuriyetleri’nde örgütlenmesinde baş rolü oynadı.</p><p>Aynı yıllarda yine Asya’da görevli MİT’çi Kaşif Kozinoğlu ise FETÖ Okullarının kapatılmasını savunuyordu. Rusya’nın da desteğiyle, bu okullar Özbekistan’dan başlayarak kapatılmaya başladı. Enver Altaylı hemen kaleme sarılarak Gülen’e rapor döşendi: “Kozinoğlu FETÖ okullarını kapattırıyor. Derhal etkisiz hale getirilmesi gerekir.”</p><p>İddianameye göre Gülen’e yazdığı ikinci raporunda ise, Kozinoğlu için şöyle diyordu: “MİT Müsteşarı olmaya çalışıyor. Böyle bir şey olursa, Allah Fethullah Hocaefendi’yi, cemaatin önde gelenlerini korusun. Bu bir felaket olur.” Kozinoğlu’nun Silivri Cezaevi’nde nasıl öldüğü şimdi daha iyi anlaşılıyor.</p><p><strong>GÜLEN’E MEKTUPLAR</strong></p><p>Altaylı sadece yurtdışındaki çalışmalarla yetinmedi. Türkiye’de 15 Temmuz darbesi için dört ay önceden hazırlıklara başladı. Yine İddianamede yer alan, 18 Şubat 2016’da Fethullah Gülen’e yazdığı mektupta şöyle diyordu: “Devlete ve devlet yönetimine karşı adım adım ve planlı olarak kamuoyunu yaratmak ve miting hazırlıklarını yapmak, bu arada da bizimle işbirliği içinde olan, İçişleri Bakanlığı (polisin) bünyesindeki ajanlarımızı kullanarak, önümüzdeki dönemde mitinglerde ve gösterilerde polise maksimum yetki vererek, aşırı kaba kuvvet kullanmasını temin etmek, böylece milletin ve en önemlisi gençlerin, devlete ve polisine karşı öfkesini arttırmak.”</p><p>Bundan sonraki çalışmaları ise, hep Tayyip Erdoğan’la ilgili oldu. Amerikalılara ve Fethullah Gülen’e gönderdiği “Tek adam”, “Diktatör” vb. raporları... “Türkiye’yi Batı dünyasından koparıyor, Şanghay İşbirliği Örgütü’re sokmaya çalıyor” şikayetleri...</p><p><strong>‘GİZLİ BİLGİLERİ CIA’YA SERVİS ETMEK...’</strong></p><p>Altaylı hakkındaki Ankara Cumhuriyet Başsavcılığı İddianamesi’nde, “Casusluk ve silahlı örgüt yöneticisi olmak suçundan 35 yıla kadar hapis” isteniyor. Bu arada iddianamede, Altaylı’nın, devlet güvenliği açısından çok hassas sayılacak bilgileri, yurtdışında CIA bağlantılı kişilere servis ettiği. bağlantılı olduğu ülkelerin ve devletlerin çıkarları doğrultusunda, Türkiye aleyhine faaliyetler yürtttüğü de vurgulanıyor.</p><p><strong>MESELE ENVER ALTAYLI DEĞİL...</strong></p><p>Özetle; Bu adamın Türkiye ile,Türklükle bir ilgisi yok. Türkiye düşmanı bir Amerikalı, CIA görevlisi. Kendisini kendi yazılarıyla böyle tanıtıyor. Burada önemli olan Enver Altaylı değil, Türkiye’nin 60 yıl boyunca ABD emperyalizmine nasıl bağımlı hale geldiği. Siz bu adamı önce Alparslan Türkeş’in, sonra Turgut Özal’ın danışmanı yapıyorsunuz. Yıllarca CIA’nın emrinde MİT’te ve Asya ülkelerinde çalıştırıyorsunuz. Bu dönem kapanmıştır. İşte Amerika’nın en makbul adamı şimdi CİA’ya hizmetten ve casusluk suçundan hapistedir. Türkiye Amerika’nın zincirlerini kırmıştır. Bağımsızlık ve özgürlüğe ilerliyoruz.</p><p>Yine de bu noktada Vatan Partisi’nin tarihi rolünü vurgulayalım. Vatan Partisi bu 60 yıl boyunca yukarıda Enver Altaylı’nın özgeçmişinde vurguladığımız ABD emperyalizminin her saldırısına karşı Türkiye’yi savunmuştur. Altaylı’nın iddianamesi bugün yazılıyor. Biz bu iddianameyi yıllar önce yazdık ve milletimizin önüne koyduk. Bugün de Amerikan emperyalizmine karşı vatan savaşımızın en ön mevzisinde yer alıyoruz.</p>","outro":"","hideAds":false,"createdDate":1580194293107,"updatedDate":1580194293107,"hitCount":2977,"active":true,"lastUpdaterIp":"162.158.22.212","hasEmbeddedTitle":false,"showOnHomePage":false,"currentUrl":"enver-altayli-‘kucuk-amerika’-sureci-199966"},{"id":26681,"title":" Petrol işçisine çözüm","contentType":"CORNER_POST","coverImage":"","socialMediaImage":"","publicationDate":1479549540000,"tags":[],"spot":"","body":"<p>TPAO iş&ccedil;ileri Ankara, Kırklareli, Batman ve Adıyaman&rsquo;da, &ccedil;alışanların neredeyse tamamının katılımıyla &ouml;zelleştirmeye karşı sesini y&uuml;kseltti. &Ccedil;ok başarılı bir eylem. &Ouml;zelleştirmeciler mutlaka dikkate alacaktır. Bundan sonrası i&ccedil;in, iş&ccedil;i sınıfımızın m&uuml;cadele tarihinden &ccedil;ıkarttığımız sonu&ccedil;ları vurgulamak istiyoruz.</p>\r\n\r\n<p>Her şeyden &ouml;nce &ouml;zelleştirmeye karşı m&uuml;cadele bir vatan m&uuml;cadelesi. Bin bir emekle kurulan kamu kurumları otuz-kırk yıldır emperyalistlere peşkeş &ccedil;ekiliyor. Sıcak para akışı uğruna milli ekonomi &ccedil;&ouml;kertiliyor. Tabii 15 Kasım tarihinde a&ccedil;ıklanan rakamlarla da g&ouml;r&uuml;ld&uuml;ğ&uuml; gibi, işsizlik tırmanıyor. Sistem mafya sistemi olunca, &ouml;zeleştirme de kader oluyor. TPAO iş&ccedil;isi bunu &ccedil;ok g&uuml;zel g&ouml;rd&uuml;. Bu y&uuml;zden grev meydanlarında hep, &ldquo;TPAO vatandır, vatan satılamaz&rdquo; yazıyordu.</p>\r\n\r\n<p><strong>VATAN SAVAŞIMIZIN PAR&Ccedil;ASI</strong></p>\r\n\r\n<p>Buradan, doğrudan &ccedil;&ouml;z&uuml;me ge&ccedil;elim: TPAO mademki vatandır, &ouml;zelleştirmeye karşı m&uuml;cadelemiz de bug&uuml;nk&uuml; vatan savaşımızın bir par&ccedil;asıdır. Evet, ekonomide mafya sisteminin ve onun &ouml;zelleştirme saldırılarının arkasında genellikle Amerikan emperyalizmi bulunmaktadır. Ve milletimiz ABD&rsquo;nin b&ouml;l&uuml;c&uuml;l&uuml;ğ&uuml;ne karşı adı konmamış bir savaş halindedir. Emperyalist b&ouml;l&uuml;c&uuml;l&uuml;k T&uuml;rkiye Cumhuriyeti&rsquo;nin &ccedil;&ouml;kertilmesi ama&ccedil;lıdır. &Ouml;zelleştirme de milli ekonomiyi bitirir ve T&uuml;rkiye&rsquo;yi &ccedil;&ouml;kertir. Durum b&ouml;yle olunca, petrol iş&ccedil;isinin başarısı doğrudan vatan m&uuml;cadelemizde kazanacağımız başarılara bağlı oluyor. Yani sisteme karşı m&uuml;cadelede kazanacağımız başarılar... En b&uuml;y&uuml;k başarı kuşkusuz emperyalist sistemin yıkılarak milli h&uuml;k&uuml;metin kurulmasıdır. O zaman ne mafya babaları, ne de onların &ouml;zelleştirmeleri kalır. Hatta &ouml;zelleştirilmiş kurumlar da yeniden milli ekonomiye kazandırılır. Bu kesin, tarihi başarıdır ve b&ouml;yle olacaktır.</p>\r\n\r\n<p><strong>EMEK&Ccedil;İLERLE BİRLEŞİYORUZ</strong></p>\r\n\r\n<p>Ancak bu kesin başarıya kadarki m&uuml;cadelemizde kazanacağımız kısmi başarıların da g&uuml;vencesi, yine iktidar m&uuml;cadelesidir. Bu m&uuml;cadele elbette &ouml;rg&uuml;tl&uuml; y&uuml;r&uuml;t&uuml;lecek. En b&uuml;y&uuml;k g&uuml;c&uuml;m&uuml;z iş&ccedil;i sınıfımızın &ouml;rg&uuml;tl&uuml; g&uuml;c&uuml;d&uuml;r. İş&ccedil;i sınıfımız bug&uuml;ne kadar talepleri uğruna y&uuml;r&uuml;tt&uuml;ğ&uuml; m&uuml;cadeledeki başarılarını daima &ouml;rg&uuml;tl&uuml; g&uuml;c&uuml;yle kazandı. Milli h&uuml;k&uuml;met m&uuml;cadelesini de bu g&uuml;&ccedil;le kazanacak. O zaman g&uuml;&ccedil;l&uuml; sendika m&uuml;cadelesiyle, iktidar m&uuml;cadelesini birleştiriyoruz. TPAO&rsquo;nun Batman veya Kırklareli tesislerinden b&uuml;t&uuml;n T&uuml;rkiye&rsquo;ye yayılıyor, T&uuml;rkiye emek&ccedil;ileriyle birleşiyoruz. Bu haklı ve meşru vatan m&uuml;cadelemizin karşısında kimse duramaz. Yeter ki, bu &ouml;rg&uuml;tl&uuml; m&uuml;cadelemizin en &ouml;n&uuml;ne vatan savaşımızın kurmay merkezi olan &ouml;nc&uuml; partiyi yerleştirelim. Milli H&uuml;k&uuml;met Programı&rsquo;yla, doğru siyasetleriyle ve yarım y&uuml;zyıllık deneyimiyle tek doğru adres!</p>\r\n","hideAds":false,"createdDate":1479546054000,"updatedDate":1479513698000,"hitCount":7199,"active":true,"lastUpdaterIp":"213.248.152.101","hasEmbeddedTitle":false,"showOnHomePage":false,"currentUrl":"petrol-iscisine-cozum"},{"id":26679,"title":"Nasıl bakıyoruz?","contentType":"CORNER_POST","coverImage":"","socialMediaImage":"","publicationDate":1479549420000,"tags":[],"spot":"","body":"<p>Odak ve perspektif meselesi yıllardır zihnimi meşgul eder. Siyasi analiz yaparken bu ikisi arasında giderilmesi g&uuml;&ccedil; bir &ccedil;elişki/aykırılık olduğunu ilk kez ne zaman fark ettiğimi hatırlamıyorum. Fakat bakışta bir sorun olduğu kesin. Bir şeyin &uuml;zerinde dikkatle odaklandığınız zaman perspektifi kaybediyorsunuz. Perspektife dağıldığınız zaman da potansiyel odak noktalarını g&ouml;zden ka&ccedil;ırıyorsunuz. Bende genellikle perspektife dağılma kusuru vardır. Fakat aşırı odaklanma y&uuml;z&uuml;nden perspektifi ka&ccedil;ırmak daha tehlikelidir; &ccedil;&uuml;nk&uuml; bu durumda, tek bir ağaca odaklanmışsanız mesela, ormanı &ccedil;epe&ccedil;evre saran yangını g&ouml;zden ka&ccedil;ırabilirsiniz.</p>\r\n\r\n<p>Cumhurbaşkanı emperyalizme karşı 1960&rsquo;lardaki Fidel Castro gibi konuşuyor: ABD&rsquo;ye d&ouml;n&uuml;p &ldquo;Be hey, Amerika!&rdquo; diye bağırıyor, Avrupa&rsquo;ya d&ouml;n&uuml;p &ldquo;Kimsiniz lan siz!&rdquo; tadında &ccedil;ıkışlar yapıyor. İnsanın hoşuna gidiyor. T&uuml;rkiye&rsquo;de hi&ccedil;bir devlet adamı emperyalizme karşı b&ouml;yle bir dil kullanmadı. Bu noktaya odaklanıp &ldquo;tam anlamıyla devrimci&rdquo; bir tutum diyebiliriz. Fakat perspektiften baktığımız zaman, İran Devrimi ve Taliban&rsquo;ın ABD&rsquo;ye isyanından bu yana, M&uuml;sl&uuml;man Kardeşler&rsquo;inden Hizbullah&rsquo;ına Hamas&rsquo;ına kadar, hatta aşağılık d&uuml;zeni uluslararası kapitalist disiplinin tehdidi altında olan Suudi Arabistan&rsquo;a kadar b&uuml;t&uuml;n şeriat &acirc;leminin &ccedil;eşitli derecelerde batı emperyalizmine karşı olduğunu g&ouml;r&uuml;r&uuml;z. Emperyalizme karşı olmanın ideolojik, sınıfsal/tarihsel i&ccedil;eriğini, bizdeki &ldquo;istiklal-i tam&rdquo; ilkesinin ulus&ccedil;u anlamını bir yana bırakıp &uuml;mmet&ccedil;inin &ldquo;antiemperyalist&rdquo; s&ouml;ylemine odaklandığımız zaman &ccedil;ok yanlış yaparız, kendimizi başka yerlerde bulup şaşırırız. Devrimcilik Saray&rsquo;a yakıştırılacak kadar ucuz mu?</p>\r\n\r\n<p>FET&Ouml;&rsquo;ye karşı m&uuml;cadelenin haklılığı, fakat aynı zamanda zaafları, kararsızlıkları &uuml;zerinde odaklanıyoruz. Bu arada memlekette ne kadar solcu, aydınlanmacı varsa, hepsinin kamusal alandan s&uuml;p&uuml;r&uuml;l&uuml;p atıldığını, &uuml;niversite &ouml;zerkliğinin geri gelmemek &uuml;zere kaldırıldığını, basın &ouml;zg&uuml;rl&uuml;ğ&uuml;n&uuml;n yok edildiğini, devlet katında hızlı bir kadro ayıklaması olduğunu da elbette g&ouml;r&uuml;yoruz; ancak yenilmiş bir harekete karşı verilen m&uuml;cadelenin dalgalar halinde yayılarak ve kapsamından uzaklaşarak b&uuml;t&uuml;n toplumu etkileyen ideolojik bir saldırıya d&ouml;n&uuml;şmesinin yakın gelecekte ortaya &ccedil;ıkaracağı manzarayı pek dikkate almıyoruz.</p>\r\n\r\n<p>Cumhuriyetin kadınlara verdiği &ouml;zg&uuml;rl&uuml;ğ&uuml;n sembol&uuml; olan Maestro İnci &Ouml;zdil&rsquo;in Suriye Ulusal Senfoni Orkestrası&rsquo;nı y&ouml;netmesi bize b&uuml;y&uuml;k bir gurur veriyor. Bu vesileyle Suriye&rsquo;de, onca yıkıma, &ouml;l&uuml;me ve felakete rağmen Senfoni Orkestrası&rsquo;nın dimdik ayakta durduğunu &ouml;ğreniyoruz. Fakat sonra d&ouml;n&uuml;p kendimize baktığımızda, AKP h&uuml;k&uuml;metinin başta Devlet Opera ve Balesi ve Devlet Senfoni orkestraları olmak &uuml;zere 52 sanat kurumunu kapatmaya hazırlandığını g&ouml;r&uuml;yoruz. Kurduğumuz k&ouml;pr&uuml;n&uuml;n bizim taraftaki ayağı kırık.</p>\r\n\r\n<p>Şunu saptayalım: n&uuml;fusumuzun yaklaşık yarısı b&uuml;t&uuml;n siyasi partileriyle birlikte mevcut siyaset kurumuna derinden yabancılaştı; b&uuml;y&uuml;k bir umutsuzluk, arayış, k&uuml;lt&uuml;rs&uuml;zleşme ve umursamazlık var. Perspektifi kaybetmeden sadece bu kitle &uuml;zerinde odaklanarak yaratıcı bi&ccedil;imde &ouml;rg&uuml;tlenmek, karışık mesajlarla hedefi ıskalamamak gerekir. Siyaset&ccedil;inin s&ouml;zleri ya kulaklara değmiyor ya da kanıksanmış ve alışılmış bir ses paraziti gibi algılanıyor. En b&uuml;y&uuml;k tehlike, siyasetin anlamsızlaşması; faydasız, hi&ccedil;bir şeyi değiştiremeyen bir &ccedil;aba gibi algılanmasıdır. Dikkati &ccedil;eken bu algı değişimi Weimar Cumhuriyeti&rsquo;nin son yıllarını (1928-1933) hatırlatıyor. &nbsp;&nbsp;</p>\r\n","hideAds":false,"createdDate":1479459527000,"hitCount":0,"active":false,"lastUpdaterIp":"213.248.152.101","hasEmbeddedTitle":false,"showOnHomePage":false,"currentUrl":"nasil-bakiyoruz"}]},"success":true}