{"data":{"totalCount":12,"author":{"id":285,"name":"Erkin Göçmen","image":"2020/6/4/8160762a-ac7e-43b7-9d90-225f4fdc3da5.jpeg","authorType":"WEBSITE","emailAddress":"erkingöçmen@gmail.com","twitter":"","facebook":"","background":"","active":true,"socialImage":"2020/6/4/9297d820-f924-478e-9948-0101a54ced29.jpeg","lastPublicationDate":1609326083723,"slugUrl":"erkin-gocmen"},"contents":[{"id":227534,"title":"TTB, hekimleri sosyal medyadan engellemeye başladı","contentType":"CORNER_POST","coverImage":"","coverCode":"","publicationDate":1609369200000,"tags":[],"intro":"","spot":"","body":"<p>PKK yandaşı bir başkan seçtikten sonra artık Türk kamuoyu nezdinde iyice teşhir olan Türk Tabipleri Birliği (TTB) yönetimi sosyal medya hesabından bölücü tutumlarını eleştiren hekimleri engellemeye başladı. Şimdiye kadar çok sayıda hekimin hesabı engellendi. Bu uygulamanın son mağduru ise değerli arkadaşım Dr. Hikmet Çevik oldu.</p><p>TTB, anayasal manada kamu kurumu niteliğinde bir meslek kuruluşudur. TTB kanununa göre kamu tüzel kişiliğini haiz bir kuruluştur. Kamu tüzel kişileri, esasen kamu hizmeti yürütmek üzere kurulur. TTB de Anayasa ve kanunda gösterilen görevleri ifa ederken kamu hizmeti sunmaktadır. Sosyal medya hesapları da, hukuki manada, TTB'nin sunduğu kamu hizmeti faaliyetinin bir unsurudur. TTB'ye üye olan her hekim bu hizmetlerden yararlanma hakkına sahiptir.</p><p>Nasıl ki TTB ve tabip odaları, yöneticilerin özel mülkü değilse, bu kuruluşların sosyal medya hesapları da yöneticilerin şahsi sosyal medya hesabı değildir. Bu hesaplar, özel maksatlarla kullanılamayacağı gibi bu hesaplara hekimlerin erişimi de engellenemez. Zira pratik durum ne olursa olsun, bu hesaplar kamu hizmeti görme maksadıyla açılmıştır. En azından hukuk konuya böyle bakar. Bir hekim bu hesaplara dilediği zaman erişebilir, yayımlanan duyuruları okuyabilir, ifade edilen hususlarda görüşünü yazar, gerekirse eleştirir. Bu hakkın TTB yönetimince&nbsp;engellenmesi hukuken mümkün değildir.</p><p>Hal böyle iken TTB yönetimi Dr. Hikmet Çevik'in, Twitter hesabına erişimini engellemiştir. Bu hususta herhangi bir açıklama yapılmamıştır.&nbsp;Dr. Hikmet Çevik TTB yönetiminin bölücü terör örgüt yanlısı açıklamalarını sıklıkla eleştiren bir hekimdir. TTB'nin Hikmet Çevik'i bu açıklamalarından rahatsız olduğu için engellendiği açıktır.</p><p>Biz TTB yönetiminin bu sinsi ve korkak davranışını kınıyoruz. Ayrıca bu konuda TTB yönetimine karşı dava açacağımızı buradan ilan ediyoruz. TTB'nin sosyal medya hesapları da TTB'ye, bir diğer ifadeyle hekimlere aittir. Bu hesaplar üzerinden ülkenin bölünmez bütünlüğü ve Türkiye aleyhinde yapılacak yayınlara elbette izin vermeyeceğiz. Zaman daraldıkça, hesap saati yaklaştıkça&nbsp;TTB yöneticilerinin hırçınlaştıkları anlaşılmaktadır. Elbette onlar da meydanın boş olmadığını er ya da geç öğreneceklerdir.</p>","outro":"","hideAds":false,"createdDate":1609326083724,"updatedDate":1609359745213,"hitCount":220,"active":true,"lastUpdaterIp":"162.158.111.221","hasEmbeddedTitle":false,"showOnHomePage":false,"currentUrl":"ttb-hekimleri-sosyal-medyadan-engellemeye-basladi-227534-4"},{"id":223925,"title":"Pandemi ile mücadele artık siyasi bir meseledir","contentType":"CORNER_POST","coverImage":"","coverCode":"","publicationDate":1605942900000,"tags":[],"intro":"","spot":"","body":"<p>Bugün Türkiye’de yapılan her siyasi tartışma dönüp dolaşıp nihayetinde milliciler-gayri milliler (küreselciler) eksenine oturmaktadır. Hatta sadece siyasi değil toplumsal tartışmalar da aynı eksen üzerinde cereyan etmektedir. Örneğin, İstanbul Sözleşmesi’ni savunanların küreselciler, karşı çıkanların ise milliciler olduğunu rahatlıkla söyleyebiliriz.</p><p>Son aylarda Sağlık Bakanlığı ile Türk Tabipleri Birliği (TTB) arasında Covid-19 pandemisi üzerinden yürüyen tartışma da esasen milliciler-küreselciler mücadelesinin bir başka düzlemde yaşanmasıdır. Tam da bu sebeple pandemi ile mücadele teknik bir konu olmaktan çıkmış, siyasi bir mesele halini almıştır. Bu hususu biraz daha açmakta yarar var.</p><h3>BAKANLIĞIN YANLIŞLARINI ELEŞTİRİ HAKKI</h3><p>Sağlık Bakanlığının yürüttüğü salgınla mücadele programında elbette bir takım eksiklikler ve yanlışlıklar var. Bunları eleştirmek ve doğru uygulamanın ne olduğunu göstermek her vatandaşın görevidir. Ancak TTB’nin son aylarda Sağlık Bakanlığına karşı yürüttüğü kampanyayı bu kapsamda değerlendirmemiz mümkün değildir. Neden?</p><p>Maalesef salgın Türkiye’nin büyük bir iktisadi kriz yaşadığı döneme denk geldi. Bu durum, salgının sosyal ve ekonomik sonuçlarının daha da şiddetli yaşanmasına neden oldu. &nbsp;Nitekim salgın sürecinde yüzbinlerce insan işsiz kaldı. Üretimde büyük düşüşler yaşandı. Turizm gelirleri neredeyse sıfırlandı. Vergi gelirleri azaldı. &nbsp;İlerleyen aylarda da Türk Lirası yabancı paralar karşısında büyük değer kaybına uğradı. Bütün bunların toplumsal sorunlara yol açmaması zaten düşünülemezdi. &nbsp;</p><h3>TTB DEVREYE SOKULDU</h3><p>İşte TTB tam da bu koşullarda devreye sokuldu. &nbsp;Böylece sözde salgınla mücadele programına itiraz ediyormuş gibi bir görüntü vererek, &nbsp;gerçek niyetlerini gizlemeleri de mümkün olacaktı. Son iki ayda TTB tarafından yürütülen “tükeniyoruz” ve “evlere kapanılsın” kampanyası da planlı olarak başlatıldı. Bu plan, şüphesiz, yaşanan “krizin fırsata çevrilerek” uzun süredir rafta bekletilen renkli devrim projesinin hayata geçirilmesidir.</p><p>İşte bu sebeple Covid-19 pandemisi ile mücadele, Türkiye’deki genel siyasi mücadelenin yürüdüğü asıl eksene, milliciler-küreselciler eksenine, oturmuş oldu. Bir yandan, doğrusuyla yanlışıyla, eksiğiyle fazlasıyla ülkemizin bu salgın belasından kurtulması için mücadele eden Sağlık Bakanlığının milli çizgisi, diğer yandan bunun karşısında TTB’yi bir piyon olarak öne süren küreselcilerin bozguncu ve gayri milli çizgisi.</p><h3>TTB’NİN İŞLEVİ</h3><p>Bu &nbsp;süreçte TTB, esasen halkı paniğe sevk eden, korkutan, toplumdaki çaresizlik ve karamsarlık duygusunu alevlendirerek moral direnci zayıflatmaya çalışan bir kampanya yürütüyor. Küreselci muhalefet de bu kampanyayı siyasi olarak destekliyor. Bu çevrelerin amacının salgınla mücadeleyi çıkmaza sürükleyerek bir tür renkli devrimle iktidarı ele geçirmek olduğunu görmemek saflık olur. Nitekim aynı çevrelerden yükselen “yaratıcı yıkıcılık” söylemi bu amacın açığa vurulmasıdır.</p><h3>GÜRSEL TEKİN’İN DERDİ ESNAF MI?</h3><p>Nitekim dün CHP Milletvekili Gürsel Tekin’in Twitter üzerinde söyledikleri bu görüşümüzü destekliyor. Tekin, bahse konu mesajında şunları söylüyordu: “Yeme-içme sektöründe 100 bin işletme var. 2 milyon insanın ekmek teknesi. Yasaklar nedeniyle aylık kayıp 7 milyar! Kapatma kararından sonra Almanya 10, Fransa 15 milyar euroluk destek açıkladı. AKP tek adım atmadı.”</p><p>Gürsel Tekin’in esnafın yaşadığı ekonomik zorluklar karşısında dertlenecek bir kişi olmadığını biliyoruz. Tekin, elbette bunları söylerken başka hesaplar içinde. Kendisi de Türkiye’nin bu ortamda yeme-içme sektöründe çalışan esnaf için milyarlarca avro dağıtacak mali imkanlarının olmadığını bal gibi biliyor. Ancak Almanya ve Fransa örnekleri üzerinden (bunlar teyide muhtaç veriler ama doğru olduklarını kabul ediyoruz) esnafın zararı karşılansın çağrısında bulunuyor. &nbsp;</p><h3>KISITLI İMKANLARI DOĞRU YERDE KULLANMAK</h3><p>Oysa bugün Türkiye’nin zaten kısıtlı olan mali imkanlarını bu şekilde har vurup harman savuracak bir durumda olmadığı belli. Zaman, adeta bıçak sırtında ilerliyor. Ancak Gürsel Tekin’e bakılırsa hükümet lokanta-kafe işletmecisi esnafa milyarlarca lira dağıtmalı. Peki bu durumda milyonlarca kişinin zaten kuşa dönmüş kısa çalışma ödeneği nasıl ödenecek, artan sağlık harcamaları nasıl karşılanacak, azalan kamu gelirleri nasıl telafi edilecek? Gürsel Tekin’in mesajında bu soruların cevabı yok.</p><p>Bu sebeple Gürsel Tekin’in çağrısı da TTB’nin “eve kapanılsın” önerisi de esasen salgınla mücadelede başarıyı değil başarısızlığı amaç ediniyor. Bu mücadele başarısız olursa renkli devrimle iktidarı ele geçirmenin kolaylaşacağı hesapları yapılıyor.</p><p>İşte tam da bu sebeplerle, Covid-19 pandemisi ile mücadele tıbbi-teknik bir mesele değil siyasi-ideolojik bir meseledir. Bu siyasi-ideolojik meseleye ilişkin tartışmalar da çözümler de diğerlerinde olduğu gibi millicilik-küreselcilik ekseninde yaşanmaktadır.&nbsp;</p>","outro":"","hideAds":false,"createdDate":1605942956041,"updatedDate":1605942956041,"hitCount":829,"active":true,"lastUpdaterIp":"141.101.99.153","hasEmbeddedTitle":false,"showOnHomePage":false,"currentUrl":"pandemi-ile-mucadele-artik-siyasi-bir-meseledir-223925"},{"id":223674,"title":"Kumpasın adli tabibinin Kozinoğlu cinayetindeki rolü","contentType":"CORNER_POST","coverImage":"","coverCode":"","publicationDate":1605740400000,"tags":[],"intro":"","spot":"","body":"<p>FETÖ’nün Ergenekon tertibinin polis operasyonları devam ederken, <strong>“300 aydın”</strong> imzalı bir bildiri yayınlandığını ve bu bildiride vatanseverlere yönelik bu alçak tertibe destek çıkıldığını daha önce yazmıştık.</p><p>Her satırından kan ve nefret damlayan bu metinde, <strong style=\"color: rgb(5, 5, 5);\">“Ergenekon’da ahtapotun kollarından birisinin yakalandığı, diğer kollara da ulaşılması gerektiği”</strong><span style=\"color: rgb(5, 5, 5);\"> söyleniyor, </span><strong style=\"color: rgb(5, 5, 5);\">“davanın daha da derinleştirilmesi”</strong><span style=\"color: rgb(5, 5, 5);\"> isteniyordu.</span></p><p><span style=\"color: rgb(5, 5, 5);\">Bu bildiride imzası bulunan 300 sözde aydından 10 kadarının aynı zamanda tıp doktoru olduğunu biliyoruz. İşte bu doktorlardan birisi, </span><strong style=\"color: rgb(5, 5, 5);\">Cerrahpaşa Tıp Fakültesi Adli Tıp Anabilim Dalı'nda öğretim üyesi olan Prof. Dr. Sermet Koç.</strong></p><p><span style=\"color: rgb(5, 5, 5);\">Ancak Sermet Koç’un FETÖ’nün Ergenekon kumpasında oynadığı rol,&nbsp;sadece adının 300 kişilik listede yer alması ile sınırlı değildi. Daha da fazlası, hem de çok fazlası var. Yazımızda bu konuyu ele alacağız.</span></p><p><span style=\"color: rgb(5, 5, 5);\">Biliyorsunuz, Ergenekon kumpasında yargılanan vatanseverlerden birisi de </span><strong style=\"color: rgb(5, 5, 5);\">Kaşif Kozinoğlu’ydu</strong><span style=\"color: rgb(5, 5, 5);\">. FETÖ’nün Kozinoğlu’ndan çok korktuğu ve bu nedenle onu yok etmek istediği biliniyordu. Bu maksatla FETÖ tarafından tutuklandı ve cezaevinde katledildi. </span></p><h3>KOZİNOĞLU’NUN OTOPSİSİNİ YAPMA GÖREVİ VERİLDİ</h3><p><span style=\"color: rgb(5, 5, 5);\">Kozinoğlu cinayetinde FETÖ’nün rolünün örtbas edilmesi için olaya </span><strong style=\"color: rgb(5, 5, 5);\">doğal ölüm süsü</strong><span style=\"color: rgb(5, 5, 5);\"> verilmesi gerekiyordu. Bunun için de adli tabiplere ihtiyaç vardı. Sermet Koç 2008 yılında FETÖ bildirisine imza atmıştı. Aynı zamanda Adli Kurumu Morg İhtisas Dairesi görevine getirilmişti. Bu iş için adeta biçilmiş kaftandı. </span></p><p><span style=\"color: rgb(5, 5, 5);\">Kozinoğlu, Silivri’de hapsedildiği cezaevinde katledildi. Ancak nedense FETÖ’cü Savcı Kozinoğlu’nun otopsisini Sermet Koç’un yapmasını istedi. Bu sebeple Kozinoğlu’nun naaşı sözde ölüm sebebinin incelenmesi için İstanbul’a, Adli Tıp Kurumu’na gönderildi. </span></p><h3>RAPOR: DOĞAL ÖLÜM</h3><p><span style=\"color: rgb(5, 5, 5);\">Sermet Koç’un düzenlediği otopsi raporuna göre Kozinoğlu’nun ölümü, zehirlenme veya sair bir dış etkenle meydana gelmemişti. Zaten beklenen rapor da buydu. Bu rapora göre dosya kapatıldı. Böylece açık bir FETÖ cinayeti de örtbas edilmiş oldu. </span></p><p><span style=\"color: rgb(5, 5, 5);\">O tarihte otopsi raporunda yer alan Sermet Koç adı çok dikkat çekmemişti. Zaten kendisi çok fazla deşifre olmamış bir isimdi. Her ne kadar 2008’de hazırlanan FETÖ bildirisine imza atmış olsa da Sermet Koç o tarihten sonra çok fazla sivri hareketler yapmadı. Bu işler daha çok Sermet Koç’un yakın arkadaşı Şebnem Korur Fincancı tarafından yapılıyordu. Nitekim Fincancı, Ergenekon tertibi kapsamında imal edilen davaya müdahil olacak kadar ileri gitmişti. </span></p><h3>DOSYANIN YENİDEN AÇILMASI ŞART</h3><p><span style=\"color: rgb(5, 5, 5);\">Sermet Koç’un hazırladığı otopsi raporunun bir de hukuki boyutu var. Zira, bu yazımızdan sonra Kozinoğlu cinayeti dosyasının yeniden açılması gerekmektedir. Bu sebeple konuyu ceza muhakemesi hukuku çerçevesinde de irdelemek istiyoruz.</span></p><p><span style=\"color: rgb(5, 5, 5);\">Sermet Koç, Kozinoğlu’nun ölümüne ilişkin&nbsp;soruşturmada, otopsiyi yapan hekim olması sebebiyle,bilirkişi sıfatı ile yer almıştır. Bilirkişilerin tarafsızlığı, yasaklılığı ve reddi konuları ise Ceza Muhakemesi Kanunu’nda düzenlenmiştir. Nitekim, Ceza Muhakemesi Kanunu’nun 69. maddesinde hakimin reddini gerektiren sebeplerin bilirkişi hakkında da geçerli olacağı belirtilmektedir. Yine aynı Kanunun 24. maddesinde, hakimin, (ve elbette bilirkişinin), </span><span style=\"color: rgb(34, 34, 34); background-color: rgb(252, 253, 253);\">tarafsızlığını şüpheye düşürecek sebeplerden dolayı da reddinin istenebileceği hükme bağlanmıştır.</span></p><h3>TARAFSIZ DEĞİL, OTOPSİ YAPAMAZ</h3><p><span style=\"background-color: rgb(252, 253, 253); color: rgb(34, 34, 34);\">Sermet Koç, 13/8/2008 tarihinde yayınlanan FETÖ bildirisine koyduğu imza ile Kaşif Kozinoğlu’nun da yargılandığı davadaki “sanıkları” ahtapot olarak adlandırmış ve savcılardan ahtapotun bütün kollarını yakalamasını talep etmiştir. Sermet Koç’un imzaladığı bildirideki yer alan ifadeler bu davada yargılanan kişiler karşısında tarafsız olmayacağının en kuvvetli delilidir. Bu sebeple Sermet Koç’un, ahtapot demek suretiyle hakaret edecek kadar hasım gördüğü bir kişinin ölümüne dair soruşturmada bilirkişilik yapmasına hukuk izin vermemektedir. Bu bakımdan Sermet Koç’un Kaşif Kozinoğlu’nun otopsisini yapması mümkün değildi. Tam da bu nedenle Kozinoğlu soruşturmasının yeniden açılması zorunluluğu bulunmaktadır.</span></p><p><span style=\"background-color: rgb(252, 253, 253); color: rgb(34, 34, 34);\">Son olarak, Sermet Koç’un, Ergenekon kumpasında yargılanan vatanseverlerin diğer davalarında da bilirkişi olarak “mütalaa” verip vermediğinin araştırılması gerekmektedir. Bu konuda yetki İstanbul Cumhuriyet Başsavcılığı’ndadır. </span></p><p><span style=\"background-color: rgb(252, 253, 253); color: rgb(34, 34, 34);\">Ayrıca FETÖ’nün tek eylemi Kaşif Kozinoğlu cinayeti de değildir. Bu kanlı örgütün mensuplarının faili olduğu başka cinayetler de bulunmaktadır. Bu örgütün mensuplarının ve şirketlerinin menfaatleri doğrultusunda sonuçlanan başka davalar da&nbsp;bulunmaktadır. </span></p><p><span style=\"background-color: rgb(252, 253, 253); color: rgb(34, 34, 34);\">Bu sebeple Sermet Koç’un FETÖ tarafından imal edilen veya FETÖ’nün doğrudan ya da dolaylı olarak tarafı olduğu bütün davalardaki raporları mutlaka yeniden ele alınmalıdır.</span></p>","outro":"","hideAds":false,"createdDate":1605697387021,"updatedDate":1605764729285,"hitCount":2291,"active":true,"lastUpdaterIp":"162.158.19.45","hasEmbeddedTitle":false,"showOnHomePage":false,"currentUrl":"kumpasin-adli-tabibinin-kozinoglu-cinayetindeki-rolu-223674-2"},{"id":223307,"title":"TTB, 'Amed Kantonu'nu kurdu","contentType":"CORNER_POST","coverImage":"","coverCode":"","publicationDate":1605335520000,"tags":[],"intro":"","spot":"","body":"<p>Türk Tabipleri Birliği'ni (TTB) hepiniz tanıyorsunuz. Bu meslek örgütü bünyesinde faaliyet gösteren çeşitli kollar ve çalışma grupları var. Bunlardan birisi de \"Türk Tabipleri Birliği Tıp Öğrencileri Kolu.\" Kısa adıyla TTB-TÖK.</p><p>İlk bakışta tabiplerin meslek örgütünde tıp öğrencileri kolu kurmak iyi niyetli bir çabaymış gibi görünüyor değil mi? Elbette gerçek durum böyle değil. TTB-TÖK, esas olarak junior Şebnem Korur Fincancılardan oluşuyor.&nbsp;Kuruluş amacı da geleceğin Şebnemlerini yetiştirmek.</p><p>Bu örgüt öylesine pervasızlaşmış ki, TTB-TÖK içinde yuvalanmış terör hücreleri bile var. Nitekim Barış Pınarı Harekatı sırasında \"etkisiz hale getirilen\" terörist Özge Aydın TTB-TÖK'ün yöneticilerinden birisiydi.</p><p>İşte bu örgüt, bugünlerde yeniden sahne aldı. Kendilerince bilimsel bir etkinlik düzenlemişler. Etkinliğin adı “TTB-TÖK Güz Okulu.” Sözde her hafta bir konuşmacının katılacağı bir seminerler dizisi tertiplemişler. Tabi kambersiz düğün olmayacağı gibi Şebnemsiz TTB-TÖK etkinliği de olmaz. “Güz Okulunun” baş konuğu TTB Başkanı Şebnem Korur Fincancı. Anlaşılan Şebnem Hanım, yeni Özge Aydınlar yetiştirmekte ısrarcı ve kararlı. Ama bu ayrı bir konu.</p><h3>AMED-TÖK</h3><p>Bu yazının asıl konusu AMED-TÖK. AMED-TÖK, bahse konu Güz Okulu adı verilen seminerler dizisinin son günündeki “konuşmacının” adı. Uzun yazılışı ile Amed Tıp Öğrencileri Kolu.</p><p>Biliyorsunuz, Amed PKK'nın Diyarbakır'a verdiği uydurma bir isim. Hayallerindeki Kürdistan'ı kurarlarsa sözde başkentleri de Amed olacak. Ancak TTB, \"PKK'nın Kürdistan'ı kurmasını beklemeden\" şimdiden Amed Kantonunu kurmuş ve Diyarbakır Tıp Öğrencileri Kuruluna AMED-TÖK adını vermiş.</p><h3>TTB BİR KAMU KURUMU</h3><p>TTB'ye sorsanız kendisinin anayasal bir kamu kurumu olduğunu söyler. Belki inanmayacaksınız ama gerçekten de öyle. Anayasamıza göre TTB bir kamu kurumu. Ve nasıl oluyorsa bir kamu kurumu kendi bünyesinde bir \"kol\" kuruyor ve buna AMED-TÖK adını verebiliyor?</p><p>Burada sözümüz Sağlık Bakanlığı'na.</p><p>6023 sayılı TTB Kanununa göre, tabip odaları ve TTB, Sağlık Bakanlığı’nın idari ve mali denetimi altında. Ancak, bir kamu kurumu olan TTB,&nbsp;bünyesinde faaliyet gösteren bir alt örgüt için Amed adını rahatlıkla kullanır, bunu her türlü mecrada ilan ederken Sağlık Bakanlığı’nın sessiz kalmasını ve bu denetim yetkisini kullanmamasını anlamamız mümkün değil.</p><p>İster istemez şu soru akla geliyor: “Bakanlık içinde bir gizli el TTB’yi mi koruyor?”</p><p>Buradan bir kez daha Sayın Sağlık Bakanına sesleniyoruz. Sayın Bakan! TTB Kanununa konulan bu hüküm laf olsun diye yazılmadı. Yeri ve zamanı geldiğinde kullanılsın diye konuldu. Kanun koyucu size TTB’yi idari ve mali yönden denetleme görevi vermiş. Biz de sizden bu görevinizin gereklerini yerine getirmenizi talep ediyoruz. Çok mu şey istiyoruz?</p><h3>ESİN DAVUTOĞLU ŞENOL’UN HİDDETİ</h3><p>Yukarıda belirttiğimiz TTB-TÖK Güz Okuluna katılan isimlerden birisi de Prof. Dr. Esin Davutoğlu Şenol. Kendisi, medyada görünmeyi seven birisi. Aynı zamanda Gazi Üniversitesi Tıp Fakültesi öğretim üyesi. Bu hanım, AMED-TÖK’ün de konuşmacı olduğu bir etkinliğe katılmakta, adını buraya yazdırmakta beis görmeyen bir sözde Atatürkçü.</p><p>İşte bu hanım, kendisine bu toplantıya iştirak etme sebebini soran Dr. Ali Rıza Üçer’e cevaben aynen şunları söyledi: “Ne diyorsun. Ne terbiyesizsizsiniz siz !!! Saygısız. Merak etmiş. İftiradan merak etmek gibi insanca bir eyleme vakit buluyor musun? İş bulun kendinize salgının ortasında işsizlikten pis iftiralar atacağınıza. Hekimliğin yüz karaları”</p><p>Bendenize verdiği cevap ise şöyle: “Sen kimsin pardon. Sen kendi varlığını açıkla önce. Ne diye varsın bu işe yaramadığın dünyada.”</p><p>Sırf AMED-TÖK ile birlikte bir etkinlikte neden yer aldığını sorduğumuz için bize verdiği cevap böyle bu profesör hanımın.</p><p>Biz hakkımızı elbette arayacağız. Ancak kamuoyunun da bu çakma Atatürkçüleri tanımasında yarar var. Özellikle sapla samanın karıştığı mevcut ortamda bu çok gerekli.</p>","outro":"","hideAds":false,"createdDate":1605335599488,"updatedDate":1605337767364,"hitCount":872,"active":true,"lastUpdaterIp":"162.158.129.16","hasEmbeddedTitle":false,"showOnHomePage":false,"currentUrl":"ttb-amed-kantonu-nu-kurdu-223307-1"},{"id":222735,"title":"YÖK’ün yatay geçiş genelgesi hukuka aykırıdır","contentType":"CORNER_POST","coverImage":"","coverCode":"","publicationDate":1604740680000,"tags":[],"intro":"","spot":"","body":"<p>Yükseköğretim Kurulu (YÖK), 29/05/2020 tarihinde “Küresel Covıd-19 Salgını Dolayısıyla Yurt İçindeki Yükseköğretim Kurumlarına Yatay Geçiş Koşulları” başlıklı bir Genelge yayımlamıştı. </p><p>Bu Genelge ile YÖK tarafından tanınan yurt dışındaki yükseköğretim kurumlarında okuyan öğrencilerin Türkiye’deki üniversitelere yatay geçiş yapmalarına ilişkin bazı kolaylıklar sağlanmıştı. </p><p>Getirilen ilk kolaylık, yatay geçiş kontenjanlarıyla ilgiliydi. Genelgede, Tıp, Diş Hekimliği, Eczacılık, Hukuk, Öğretmenlik, Mühendislik ve Mimarlık programları için yurt dışı yatay geçiş kontenjanlarının yurt içi yatay geçiş kontenjanının yarısı kadar olmasına, diğer bölümler için ise yurt içi yatay geçiş kontenjanı kadar olmasına karar verilmişti. Yine aynı Genelgede, YÖK tarafından kabul edilen dünya üniversite sıralamalarının herhangi birinde ilk 1000’de yer alan üniversitelerin programlarından yatay geçiş yapacak öğrenciler için bu kontenjanın, yurt içi yatay geçiş kontenjanı üst sınırına kadar kullanılabilmesine izin verildi. </p><p>Keza aynı Genelgede, öğrencilerin yurt dışındaki yükseköğretim kurumuna kayıt olduğu yılda, ÖSYS/YKS Yükseköğretim Programları ve Kontenjanları Kılavuzunda yayımlanan yurt dışındaki yükseköğretim kurumlarından yatay geçiş işlemlerine ilişkin duyurudaki asgari ÖSYS/YKS puanına veya muadil belgelere sahip olmaları gerektiği ifade edilmişti. </p><p>Bu hususta 2019 yılı kılavuzunda, “2019-2020 eğitim-öğretim döneminde yurt dışındaki yükseköğretim kurumlarına kayıt yaptıracak öğrencilerin, daha sonraki yıllarda yapacakları yatay geçiş başvuruları değerlendirilirken Yükseköğretim Kurumları Sınavı (YKS) kılavuzlarında başarı sıralaması şartı getirilen Tıp, Hukuk, Mühendislik, Mimarlık, Öğretmenlik gibi programlar için 2019-YKS’ye girmesi ve ilgili program için aranan başarı sırasını sağlaması gerektiği” ifade edilmekteydi. </p><p>Buna göre, 2019 yılında yurtdışındaki bir üniversitenin Tıp, Hukuk, Mühendislik, Mimarlık, Öğretmenlik programlarına kaydolan bir öğrenci şayet Türkiye’de bu programlar için getirilen başarı sıralaması şartını sağlamamış ise YÖK Genelgesine göre Türkiye’deki bir üniversiteye yatay geçiş yapması mümkün değildi. </p><p>Doğrusu buraya kadar anlatılan çerçevede Genelgede itiraz edilecek bir durum bulunmamaktaydı. </p><p>Ancak Genelgede, anlaşılması güç bir biçimde bir adım daha atıldı ve YÖK tarafından tanınan, Academic Ranking of World University, QS World University Rankings, Times Higher Education World University Rankings gibi sıralama kuruluşları tarafından yapılan dünya üniversite sıralamalarının herhangi birinde ilk 1000’de yer alan üniversitelerin programlarında okuyan öğrenciler için bu şart kaldırıldı. Yani bu üniversitelerde okuyan öğrenciler Türkiye’deki başarı sırası ne olursa olsun Türkiye’deki Tıp, Hukuk, Mühendislik, Mimarlık, Öğretmenlik programlarına yatay geçiş yapabileceklerdi. Genelgenin asıl sorunlu yeri de burasıydı. </p><p>Bu uygulamanın hukuka ve fırsat eşitliğine aykırı olacağı açıktır. &nbsp;Zira, üniversite sıralama kuruluşlarınca ilk 1000’de gösterilen her&nbsp;üniversitenin öğrenci kabul kriterlerinin bizim sistemimizden daha iyi bir seçme yaptığı iddia edilemez. Hatta kanaatimce bizim öğrenci seçme sistemimiz dünyada en nesnel ve en başarılı sistemidir. Kanaatimce, Hacettepe’de tıp okumaya hak kazanan bir öğrenci dünyanın her üniversitesinde tıp okuyabilir. Keza ODTÜ’de mühendislik okumaya hak kazanan öğrenci için de bu tespit geçerlidir. Bu öğrencileri, sırf ilk 1000’de yer alan bir üniversiteye kayıt yaptırma hakkını elde etmiş bir öğrenci ile eşitlemek adil bir uygulama değildir. Bu sebeple YÖK’ün uygulaması yanlış olmuştur. </p><p>Zaten bu karardan sonra adı sanı bilinmeyen, ancak bir şekilde bu listelerde ilk 1000’de yer alan, fakat parayı bastıranın herkesin kayıt yapabildiği bazı üniversitelerden yatay geçişlerin yapıldığı ortaya çıktı. Hiç tereddütsüz ifade etmek isterim ki bu bir skandaldır. </p><p>Ancak daha da önemlisi YÖK’ün bu kararının hukuka aykırı olmasıdır. Zira 24/4/2010 tarihinde Resmi Gazetede yayımlanan Yatay Geçiş Yönetmeliğinin 14. maddesinin 5. fıkrasında <em>“Yurtdışında yükseköğretime başlayan öğrencilerin Türkiye’deki yükseköğretim programlarına geçiş başvurularının değerlendirilmesinde kullanılacak olan, Öğrenci Seçme ve Yerleştirme Merkezi tarafından yapılan Öğrenci Seçme ve Yerleştirme Sınavlarındaki asgari puanlar ile bunlara eşdeğerliği kabul edilen sınavlar ve puanları, üniversiteler tarafından belirlenen yurtdışı yatay geçiş kontenjanları ile birlikte Yükseköğretim Kurulu tarafından ilan edilir. Adayların, yatay geçiş başvurusu yapabilmeleri için en az ilan edilen puanlara veya üzerindeki puanlara sahip olması gerekir.”</em> denilmektedir. </p><p>Bu fıkra hükmüne göre, YÖK, belirtilen listelerde ilk 1000’de yer alan bir üniversiteden “herhangi bir başarı sırası öngörmeksizin dünyanın herhangi bir üniversitesinden koşulsuz olarak yatay geçiş yapılabilir” diyemez. &nbsp;Burada YÖK’ün takdir yetkisi sınırları içinde kalmak kaydıyla, yargı mercilerince denetlenebilir bir kriter ortaya koyması zorunluydu. Nitekim bu keyfiliğin sonuçları ortaya çıkmış ve Türkiye’de hiçbir koşulda tıp okuma hakkı kazanamamış bazı öğrenciler YÖK’ün bu kararı ile Türkiye’deki üniversitelere yatay geçiş yapabilmişlerdir. </p><p>Özetle, YÖK’ün bu uygulamasının (tıp, hukuk, mühendislik ve öğretmenlik alanları için) Yönetmelikte dayanağı bulunmamaktadır. YÖK, kendi yönetmeliğine aykırı bir işlem tesis etmiştir. </p><p>Burada YÖK’ün Genelgesine göre tesis edilen yatay geçiş işlemlerinin iptali ile birlikte bunun dayanağı olan Genelgenin iptali halinde, ortaya çıkan adaletsizliğin düzeltilmesi mümkün olacaktır.</p>","outro":"","hideAds":false,"createdDate":1604740760558,"updatedDate":1604740760558,"hitCount":444,"active":true,"lastUpdaterIp":"188.114.103.238","hasEmbeddedTitle":false,"showOnHomePage":false,"currentUrl":"yok-un-yatay-gecis-genelgesi-hukuka-aykiridir-222735"},{"id":221624,"title":"Kumpasın adli tabipleri","contentType":"CORNER_POST","coverImage":"","coverCode":"","publicationDate":1603666800000,"tags":[],"intro":"","spot":"","body":"<p><span style=\"color: rgb(5, 5, 5);\">Türkçe’nin anonim sözlü anlatım geleneği o kadar güçlü ki… Daha çok yazılı iletişimin &nbsp;öne çıktığı bu tarih döneminde bile, bu güçlü anonim örneklerden yararlanabiliyoruz. “Keser döner sap döner, gün gelir hesap döner” veya “eşkıya dünyaya hükümdar olmaz” bu sözlü ifade mirasımızın çok etkili örnekleridir. </span></p><p><span style=\"color: rgb(5, 5, 5);\">Gerçekten de Millet olarak, keser ve sapın yer değiştirdiği ve artık hesap verilmesi ve aynı zamanda hesap sormamız gereken bir tarihi eşiğe geldik. Bu yazıda, her türden eşkıyanın kökünün kazındığı bu tarih döneminde, önce bundan on iki yıl öncesine gidecek ve oradan tekrar günümüze bir yolculuk yapacağız. </span></p><p><span style=\"color: rgb(5, 5, 5);\">Önce on iki yıl öncesine gidelim. Tarih,13 Ağustos 2008. O gün kendilerine aydın sıfatı takınan 300 kişinin imzası ile bir FETÖ bildirisi yayımlandı.&nbsp;Bu FETÖ bildirisinde, Türk ordusuna ve vatansever aydınlara yönelik hazırlanan ergenekon tertibi için </span><strong style=\"color: rgb(5, 5, 5);\">“Ergenekon’da ahtapotun kollarından birisinin yakalandığı, diğer kollara da ulaşılması gerektiği”</strong><span style=\"color: rgb(5, 5, 5);\"> söyleniyor, yine aynı açıklamada </span><strong style=\"color: rgb(5, 5, 5);\">“davanın daha da derinleştirilmesi”</strong><span style=\"color: rgb(5, 5, 5);\"> talep ediliyordu.&nbsp;</span></p><p><span style=\"color: rgb(5, 5, 5);\">Bu bildiri, Milletin ve Devletin varlığını ve bağımsızlığını hedefe oturtması yönüyle, tarihimizin en sinsi, en hain, en alçak metinlerinden birisiydi. Ayrıca bu bildirinin, esas olarak, 8 yıl sonra yapılacak darbeye giden yolun taşlarını döşemek için yayınlandığını tespit etmemiz gerekiyor. Zaten imzacıların bir kısmı daha sonra zindana da tıkıldı. Sonraki &nbsp;süreci biliyorsunuz. </span></p><p><span style=\"color: rgb(5, 5, 5);\">Bu yazımızda ele almak istediğimiz konu bu bildiride imzası yer alan bir kısım tabip… Gerçekten de&nbsp;300 kişinin adının yer aldığı bu listede yaklaşık 10 tane de \"tabip sıfatlı\" zatın adı yer alıyordu. Önümüzdeki günlerde bu isimlerden bazılarını tek tek ele alarak kamuoyunun gözü önüne çıkaracağız. </span></p><p><span style=\"color: rgb(5, 5, 5);\">Ancak bu yazıda bunlardan </span><strong style=\"color: rgb(5, 5, 5);\">\"adli tıp uzmanı sıfatı\"</strong><span style=\"color: rgb(5, 5, 5);\"> taşıyan iki isme dikkat çekmek istiyorum. Bildiride yer alan adli tıp uzmanlarından birincisi </span><strong style=\"color: rgb(5, 5, 5);\">Prof. Dr. Şebnem Korur Fincancı</strong><span style=\"color: rgb(5, 5, 5);\">. Bu hanımı çoğunuz tanıyorsunuz. Ergenekon davasına da müdahil oldu. Şimdi Türk Tabipleri Birliği Başkanı. İlişkileri ve niyeti açığa çıkmış birisi. Kendisi hesap vereceği günü bekliyor. İkinci isim ise Cerrahpaşa Tıp Fakültesi Adli Tıp Anabilim Dalı öğretim üyesi </span><strong style=\"color: rgb(5, 5, 5);\">Prof. Dr. Sermet KOÇ</strong><span style=\"color: rgb(5, 5, 5);\">… </span></p><p><span style=\"color: rgb(5, 5, 5);\">FETÖ bildirisine adlarını yazdıran ve gönüllü olarak onlara hizmet etmeyi üstlenen bu şahısların adli tıp uzmanı olmaları çok önemli. Zira adli tıp uzmanları birçok ceza ve hukuk davasında mahkemelere bilirkişilik yapıyor. Birçok dava, adli tıp uzmanlarının mütalaalarına göre çözüme kavuşturuluyor. Tam da bu sebeple, FETÖ, zaman içinde Adli Tıp Kurumunu ele geçirmiş ve bu kurumu birçok kirli işi için kullanmıştı. Süreç içinde Adli Tıp Kurumu’ndan temizlendiler. Ancak şimdi solcu ve Atatürkçü kılığına bürünerek bazı üniversitelerde barınıyor ve buralarda PKK’ya yakın unsurlarla da işbirliği yapıyorlar. </span></p><p><span style=\"color: rgb(5, 5, 5);\">Bu bakımdan FETÖ bildirisini imzalayan bu iki ismin diğer faaliyetleri yanında adli tıp camiasındaki etkinlikleri ve ilişkilerine de dikkat çekmek &nbsp;gerekiyor. Zira, FETÖ kumpasında rol üstlenen bu iki isim aynı zamanda Adli Tıp Uzmanları Derneğini de uzun zamandır kontrol ediyor. Bu isimler zaman içinde birçok üniversitenin adli tıp bölümüne kendi elemanlarını yerleştirdiler. Daha önceden yerleşmiş bazı unsurları da çeşitli vaatlerle yanlarına çektiler. Şimdi üniversitelerdeki bu isimlerin bazıları etkili görevlere geldiler. Bunların bir kısmı sessiz, bir kısmı daha çok akçalı işler çevirmekle meşgul. Bu konuyu sonraki yazılarımızda işlemeye devam edeceğiz. </span></p><p><span style=\"color: rgb(5, 5, 5);\">Son olarak bazen korkudan bazen akademik ortamın küçük hesaplarıyla bunlarla yan yana gelen veya yana yana görünmek zorunda kalan kişilere değinmek istiyoruz. Bunların bir bölümünün iyiniyetli ve dürüst olduklarını da biliyoruz. Buradan, bu şahıslara,maksadımızın onları Şebnem’e veya Sermet’e kaptırmak olmadığını, tam aksine kazanmak olduğunu ifade etmek istiyoruz. Bu ülke de bu Devlet de hepimizin. Uğursuza karşı kötü niyetliye karşı uyanık olmak hepimizin aydın ve vatanseverlik sorumluluğudur.&nbsp;</span></p>","outro":"","hideAds":false,"createdDate":1603616170875,"updatedDate":1603695250360,"hitCount":655,"active":true,"lastUpdaterIp":"188.114.102.26","hasEmbeddedTitle":false,"showOnHomePage":false,"currentUrl":"kumpasin-adli-tabipleri-221624-2"},{"id":220468,"title":"Levent Kırca’nın ardından","contentType":"CORNER_POST","coverImage":"","coverCode":"","publicationDate":1602479340000,"tags":[],"intro":"","spot":"","body":"<p>Şimdi tam hatırlamıyorum. 1990 yılının kışı veya baharıydı. Kasvet, adeta yoğun bir sis bulutu gibi ülkenin her yerine, özellikle de İstanbul’a çullanmıştı. Sabah, İstanbul Tıp Fakültesi'nin Mazhar Osman Amfisi'ne genel cerrahi dersini dinlemek üzere gitmiştim. Henüz ders başlamamıştı. Her sabah yaptığım gibi bir gazete almıştım. Başlıklara baktıktan sonra iç sayfalara göz atarken gördüm “kara haberi”: <strong>“Tıp öğrencisi intihar etti.”</strong></p><p>Devamını okumadım bile, İsmail olduğu belliydi. Defalarca tecrübe etmişti ve belli ki bu sefer başarmıştı. Bir plastik torbanın içine koyduğu diş fırçasını, diş macununu&nbsp;ve birkaç&nbsp;kitabını Haliç Köprüsü'nün üzerine bırakmış; sonra da kendini köprüden aşağı, sonsuzluğa salmıştı. Yüzme bilmezdi. Boğuldu mu, çarpma etkisiyle mi teslim etti canını, bilmiyorum.</p><p>Gazeteyi aldım, amfiden çıkıp, öğrenci kantinine koştum. Başkaları da haberi öğrenmişti.</p><p>Bir süre sonra ailesini ziyarete gittiğimde ağabeyi İsmail’e dair bazı notlar gösterdi bana. Bir deftere günlük&nbsp;gibi bir şeyler yazmıştı. Şimdi hatırlayamadığım bir sayfanın tarihine baktım. Şöyle yazıyordu: <strong><em>Bugün Cumhuriyet Gazetesi'nin &nbsp;Pazar ekinde “Ölümden korkuyor musunuz” diye bir test vardı. Testi yaptım, korkmuyormuşum çıktı. </em></strong></p><p>Sonra, İstanbul Tıp Fakültesi’nde İsmail için bir anı panosu hazırlamaya karar verdik. Ben de bir yazı yazacaktım. Bu nedenle günlükte bahsettiği ölümden korkup korkmadığını ölçtüğü o teste de bakmak istedim. Şimdiki gibi internet de yok. Cumhuriyet Gazetesi'nin Cağaloğlu’ndaki merkezine gittim. Yardımcı oldular, bir süre sonra &nbsp;arşiv odasında bahsettiğim sayıyı hazırlamışlardı.</p><p>Odaya girdiğimde içeride ilk ve son kez gördüm o şahsı. O sevimli yüzüyle gülümsedi ve selam verdi. Yanında dokuz on yaşlarında bir erkek çocuğu vardı. Benim gibi arşivden bir sayfayı araştırıyor gibiydi. Elinde fotoğraf makinesi duruyordu. Sonra sayfanın fotoğrafını çekti. Bense “Ölümden korkuyor musunuz?” başlıklı testin olduğu sayfayı okuyordum. Nedense o an, birden, &nbsp;karşımdaki o adamın da ölümden korkup korkmadığını düşündüm. Odadan önce o çıktı.</p><p>Çeyrek asır sonra, 2015 yazında bir gazete söyleşisinde o şahıs (kansere yakalanmıştı ve hastalığı &nbsp;ileri evredeydi) şöyle diyordu: “Ölümden korkmuyorum”.&nbsp;25 yıl önce içimde sorduğum soruyu, çeyrek asır sonra bir gazeteciye verdiği mülakatta cevaplamıştı. Son olarak bir telgrafında hepimize “Daha güzel bir dünyada görüşmek üzere” dedi ve ardına bakmadan sonsuzluğa&nbsp;yürüdü.</p><p><img src=\"raw/2020/10/12/d72234a5-fa6b-4f02-a1bb-2adf363b5da2.jpeg\"></p><p>Mizahçılığını soytarılık ve dalkavukluğun reddiyesi üzerine inşa etmişti. Diğer güzel insanlar gibi, güzel atına bindi ve gitti. Bir daha gelmeyecek, biliyoruz. Ölüm karşısında cesaretine ben de tanıdığım. Herkes bilsin istedim. Kendisini saygıyla ve özlemle hatırlayacağız.</p>","outro":"","hideAds":false,"createdDate":1602479672447,"updatedDate":1602479672447,"hitCount":765,"active":true,"lastUpdaterIp":"162.158.18.140","hasEmbeddedTitle":false,"showOnHomePage":false,"currentUrl":"levent-kirca-nin-ardindan-220468"},{"id":210144,"title":"Doçentlik Yönetmeliğindeki son değişiklikler neler getirdi","contentType":"CORNER_POST","coverImage":"","coverCode":"","publicationDate":1591970340000,"tags":[],"intro":"","spot":"","body":"<p><strong>Yükseköğretim Kurulu Başkanlığı, Resmi Gazete’de</strong> bugün yayımlanan bir Yönetmelikle, halen yürürlükte olan <strong>Doçentlik Yönetmeliği’nde </strong>önemli değişiklikler yaptı. Yeni düzenlemeye göre doçentlik başvuruları yılda üç kez yapılabilecek. Ayrıca gerçekleştirilen değişiklikle, doçentlik dosyalarının jüri tarafından incelenmesi aşamasında yapılması gereken etik değerlendirmenin dosyanın nitelik değerlendirmesinden önce yapılması mecburiyeti getirildi. Bu yazımızda, yeni düzenlemede öngörülen değişiklikler ve buna ilişkin hukuki değerlendirmelerimi kaleme aldım. </p><h3>YILDA ÜÇ BAŞVURU</h3><p>Yeni Yönetmeliğe göre doçentlik başvuruları bundan sonra yılda üç kez yapılacacak. Ancak bu kural (yılda üç başvuru) 01/01/2021’den sonra yürürlüğe girecek. <strong>Doçentlik </strong>başvuruları Ocak, Mayıs ve Eylül ayının yirminci günü başlayacak ve ilgili ayın son çalışma gününün mesai saati bitiminde sona erecek. </p><p>Bugünkü değişiklikle Yönetmeliğe konulan yeni hükme göre, <strong>Üniversitelerarası Kurul</strong>, başvurularda, öğrenim belgesi, tez ve yabancı dil belgesinin eksik/hatalı olduğunu tespit ederse, başvuruyu iptal edecek. Ancak doçentlik başvurusu iptal edilen aday, izleyen dönemlerde yeniden doçentlik başvurusunda bulunabilecek. </p><h3>İKİNCİ DOÇENTLİKTE YENİ YAYIN ŞARTI</h3><p>Keza bugünkü değişiklikle getirilen yeni kurala göre, denkliği kabul edilenler dahil olmak üzere, daha önce bir bilim/sanat alanından doçentlik unvanı aldıktan sonra başka bir bilim/sanat alanından yeniden doçentlik başvurusunda bulunan adaylar, aldıkları doçentlik unvanına esas olan akademik çalışmaları yeni başvurularında puanlayamayacak. İkinci doçentlik başvurusu tümüyle yeni ve farklı akademik çalışmalarla yapılacak. </p><h3>JÜRİNİN OLUŞUMU</h3><p>Yeni düzenlemede doçentlik jürisinin oluşumu konusunda da bazı değişiklikler yapıldı. Buna göre, <strong>Doçentlik Komisyonu </strong>tarafından, süresi içinde başvurusunu tamamlayan adaylardan her biri için, başvurulan bilim/sanat alanı göz önünde bulundurularak değerlendirme yapmak üzere beş asıl ve iki yedek üyeden oluşan jüri kurulacak. Adayın başvurduğu bilim/sanat alanında yeterli öğretim üyesinin bulunmaması halinde jüri, üç asıl ve bir yedek üyeden oluşturulacak. Jürinin üç kişi olarak teşekkül ettirilememesi halinde ise jüri en yakın bilim/sanat alanından tamamlanacak. Bu durumda da jüri üç asıl ve bir yedek üyeden meydana gelecek. </p><h3>ETİK İNCELEME ÖNCELİKLİ</h3><p>Bugün yapılan değişikliğin en önemli yanı, doçentlik dosyalarının etik yönden incelenmesine öncelik verilmesinin kural haline getirilmiş olmasıdır. Aslında mevcut durumda da doçentlik jürisi üyelerinin,&nbsp;herhangi bir eserde bilimsel araştırma ve yayın etiğine aykırılık tespit etmeleri halinde bu durumu <strong>Üniversitelerarası Kurula</strong> bildirme mecburiyeti bulunmaktaydı. Fakat eski düzenlemede jürinin etik yönden incelemeyi hangi aşamada yapacağı hususu belirsizdi. Yapılan değişiklikle, doçentlik değerlendirme jürisin, başvuru dosyasını ilk önce bilimsel araştırma ve yayın etiğine aykırılık bulunup bulunmadığı ve asgari başvuru şartlarının sağlanıp sağlanmadığı yönünden değerlendirme zorunluluğu getirdi. </p><h3>ETİK İHLAL TESPİT EDİLİRSE</h3><p>Jüri üyesi, bilimsel araştırma ve yayın etiğinin ihlal edildiği yönünde bir tespitte bulunursa bu görüşünü raporlaması gerekiyor. Bu değerlendirme raporu ise Bilimsel Araştırma ve Yayın Etiği Komisyonu tarafından incelenecek. İlgili Bilimsel Araştırma ve Yayın Etiği Komisyonu tarafından incelenen bilimsel araştırma ve yayın etiğine aykırılık iddiası haklı bulunmaz ise doçentlik değerlendirme süreci kaldığı yerden devam edecek. Ancak bu durumda bilimsel araştırma ve yayın etiğine aykırılık iddiasında bulunan jüri üyesinin görevi de sonlandırılacak.</p><p>Elbette&nbsp;bilimsel araştırma ve yayın etiğine aykırılık iddiası hakkında yapılacak inceleme neticesinde etik ihlal kararı da verilebilir. Bu durumda&nbsp;adayın başvurusu iptal edilecek. Başvurusu iptal edilen aday, müracaat dönemi esas alınmak suretiyle en erken izleyen üçüncü dönemde yeniden doçentlik başvurabilecek. Yeni düzenlemeye göre, bu durumda yeniden doçentlik başvurusunda bulunan adaya, etik ihlal tespitine konu olan yayınlarını belirtme zorunluluğu getirildi. Ancak aday, etik ihlal tespitine esas olan yayınlarını beyannamede kullanamayacak. </p><h3>ASGARİ BAŞVURU ŞARTI</h3><p>Jürinin adayın asgari başvuru şartlarını sağlamadığı yönündeki değerlendirme raporları ise <strong>Doçentlik Komisyonu</strong> tarafından incelenecek. <strong>Doçentlik Komisyonu</strong>, adayın asgari başvuru şartlarını sağlamadığını tespit ederse adayın doçentlik başvurusunu iptal edecek. Bu durumda <strong>Doçentlik Komisyonu </strong>kararı asgari başvuru şartlarını sağlamadığına ilişkin jüri raporları da eklenmek suretiyle doçent adayına gönderilecek. Aday, daha sonraki süreçte asgari başvuru şartlarını sağlarsa isterse sonraki dönemlerde yeniden başvuru yapılabilecek.</p><h3>ETİK İHLAL YOKSA</h3><p>Peki, doçentlik değerlendirme jürisi, adayın dosyası hakkında bilimsel araştırma ve yayın etiği ihlali bulmaz ve asgari başvuru şartlarının da sağladığını tespit ederse süreç nasıl işleyecek? </p><p>Bu durumda jüri, adayın akademik çalışmalarının niteliği ve bilim/sanat alanına katkısını esas alarak, “<strong>başarılı</strong>” veya “<strong>başarısız</strong>” bulduğunu belirten bir rapor hazırlayacak. Yönetmelikle bu raporun ayrıntılı ve gerekçeli olması zorunluluğu getirildi. Gerçekten bu raporlarda bir standart uygulama olmadığı bilinmektedir. Şahsen hukuki ihtilafa konu olmuş çok sayıda dosyayı inceleme fırsatı buldum. Maalesef, özellikle de adayın başarısız bulunduğu raporların bir kısmı yarım sayfa bile değildi. Bu durum raporların hukuki denetimini de güçleştirmektedir. Burada kanaatimizce <strong>Üniversitelerarası Kurul</strong> akademik çalışmaların nitelik değerlendirmesi yapılırken dikkate alınması gereken ölçütler belirlemelidir. Bu durumda raporlarda en azından bu ölçütler nazara alınarak bir değerlendirme yapılması zorunluluğu olacağından bilhassa adayların başarısız bulunduğu raporların hukuki denetimi daha kolay yapılabilecektir. </p><p>Yeni düzenlemede de eskisinde olduğu gibi jüri üyelerine değerlendirme raporunu hazırlamak üzere her aday için azami bir ay süre verileceği ifade edildi. Burada jüri üyesine ek süre talep hakkı da tanındı. Bu durumda Doçentlik Komisyonu, gerekli hallerde bir aya kadar ek süre verebilecek. Değerlendirme raporunu süresi içinde Doçentlik Bilgi Sistemine yüklemeyen jüri üyesinin görevi ise sonlandırılacak. Bu durumda yedek üyelerin raporları sırasıyla değerlendirmeye esas alınacak.</p><p><strong>Doçentlik </strong>dosyasını değerlendirmekle görevlendirilen jüri üyesinde rapor hazırlamasına engel olacak bir durum ortaya çıkarsa ilgili görevden çekilme talebinde bulunabilecek. Jüri üyesi bu iradesini belirten dilekçesini, mazereti ile birlikte görev yaptığı yükseköğretim kurumuna bildirecek. Jüri üyesinin mazereti üniversite yönetim kurulunca kabul edilirse, jüri üyesi kararın bir örneğini süresi içinde <strong>Doçentlik Bilgi Sistemi (DBS) </strong>üzerinden <strong>Üniversitelerarası Kurula</strong> bildirecek. Bildirim üzerine, <strong>Üniversitelerarası</strong> <strong>Kurul Başkanlığı</strong> tarafından bu kişinin jüri üyeliği sonlandırılacak ve yedek üyelerin raporları sırasıyla değerlendirmeye alınacak. </p><p>Jüri üyeleri doçentlik değerlendirme işlemlerine ilişkin görevlerini süresi içinde yapmaz veya mazeretinin uygun bulunduğuna ilişkin üniversite yönetim kurulu kararı olmaksızın bu görevden kaçınırlarsa haklarında idarî ve cezaî soruşturma açılacak. Bu soruşturmalar <strong>YÖK </strong>Kanununun 53. maddesinde öngörülen kurallara göre yapılacak. Bilindiği üzere akademik faaliyetlerle ilgili, “<strong>görev suçlarının</strong>” ceza soruşturmasını yapma yetkisi de ilgili akademik personelin görev yaptığı yükseköğretim kurumuna verilmiştir. Yine mazeret nedeniyle çekilme, öğretim üyeliğinden istifa veya emeklilik gibi nedenlerle jüri heyetinde eksilme olursa, <strong>Doçentlik Komisyonu</strong> tarafından doçentlik başvurusunun geldiği aşama göz önünde bulundurulmak suretiyle, eksilen üye yerine yeni bir görevlendirme yapılabilecek.</p><h3>JÜRİ RAPORLARI ERİŞİME AÇILACAK</h3><p>Jüri raporları tamamlandığında, değerlendirmeye esas alınan raporlar ve başvuru sonucu ilgililere elektronik ortamda erişime açılacak. Erişime açıldığı tarihi izleyen beşinci gün raporlar ilgililere tebliğ edilmiş sayılacak. Beş üyeden oluşan jürilerde en az üç üyenin, üç üyeden oluşan jürilerde ise en az iki üyenin adayı başarılı bulması halinde aday başarılı kabul edilecek. Başarısız bulunan aday, jüri tarafından eksik bulunan eser ve faaliyetleri tamamlamak kaydıyla müracaat dönemi esas alınmak suretiyle en erken izleyen üçüncü dönemde yeniden başvurabilecek. Başarısız olan adayların yeni başvurularına ilişkin kurallar ise <strong>Doçentlik Komisyonunca </strong>belirlenecek.</p><h3>YENİ JÜRİ ESKİ RAPORLARI GÖREBİLECEK</h3><p>Yeni düzenlemede, <strong>doçentlik </strong>başvurusunda başarısız bulunan adaya ait değerlendirmeye esas raporların, izleyen başvuruda görevlendirilecek jüri üyelerinin erişimine açılması öngörüldü. Bu durumda önceki raporları hazırlayan jüri üyelerinin isimleri gizlenecek. Bir başka anlatımla bir önceki değerlendirmeyi yapan jüri üyelerinin raporları sonraki başvurularda oluşturulan yeni jüri tarafından görülebilecek. İlk bakışta yararlı gibi görünse de bu düzenlemenin hukuka uygun olmadığı kanaatindeyiz. Çünkü jüri raporları neticede bir nitelik değerlendirmesidir. Nitel değerlendirmeler ister istemez öznel bir kanaati ihtiva eder. Bu durumda önceki başvurularda bilhassa dosyayı başarısız bulan üyelerin raporlarını okuyan yeni jüri üyesi bu raporlarda yazılan (olumsuz) kanaatten etkilenebilir. Bu ihtimal, başarısız bulunan bir dosyanın sürgit başarısız sayılması gibi bir sakıncaya yol açabilir. Sonuçta, jüri üyelerinin akademik dosyaları değerlendirme raporları kendi bilimsel ve vicdani kanaatlerini yansıtmaktadır. Bu bilimsel ve vicdani kanaatin, çeşitli ön yargılar içermesi muhtemel diğer raporlarda belirtilen görüşlerden etkilenmesinin önünü açan bu düzenlemenin isabetli olmadığı düşüncesindeyim. </p><h3>YANILTICI BELGE VERİLMESİ</h3><p>Son olarak, önceki düzenlemede jüri üyelerince adayın yanıltıcı bilgi veya belge sunduğunun ileri sürülmesi halinde, bu konuda bir karar verilinceye kadar doçentlik başvurusuyla ilgili herhangi bir işlem yapılmayacağı öngörülmüştü. <strong>Bilimsel Araştırma ve Yayın</strong> <strong>Etiği Komisyonu</strong> tarafından yapılacak inceleme neticesinde iddianın doğru olduğunun tespiti halinde ise adayın başvurusu iptal edilmekteydi. Bu kurallar aynen korunmakla birlikte, yeni düzenlemede başvurusu iptal edilen adayın, müracaat dönemi esas alınmak suretiyle en erken izleyen üçüncü dönemde yeniden doçentliğe başvurabileceği belirtildi. </p><p>Eğer Kurul, adayın yanıltıcı bilgi veya belge sunduğu iddiasının doğru olmadığına karar verirse doçentlik değerlendirme süreci kaldığı yerden devam edecek ancak bu ihtimalin gerçekleşmesi halinde bilimsel araştırma ve yayın etiğine aykırılık iddiasında bulunan jüri üyesinin görevi de sonlandırılacak.&nbsp;</p>","outro":"","hideAds":false,"createdDate":1591970705079,"updatedDate":1591970705079,"hitCount":1970,"active":true,"lastUpdaterIp":"172.69.55.134","hasEmbeddedTitle":false,"showOnHomePage":false,"currentUrl":"docentlik-yonetmeligindeki-son-degisiklikler-neler-getirdi-210144"},{"id":210028,"title":"Milletvekili kimi temsil eder? Seçmeni mi, Milleti mi?","contentType":"CORNER_POST","coverImage":"","coverCode":"","publicationDate":1591862580000,"tags":[],"intro":"","spot":"","body":"<p><strong>Gelecek Partisi Genel Başkanı Ahmet Davutoğlu</strong> geçtiğimiz günlerde <strong>Independent Türkçe’ye</strong> verdiği bir mülakatta, “Biz yeknesak, tek bir kimlikle tanımlanabilecek, tek bir oryantasyonla, kültürel dokuyla tanımlanacak ülke değiliz. Şu anda Boşnak, <strong>Gürcü, Çeçen, Arnavut, Arap, Kürt, Uygur</strong> vatandaşlarımızın yansıdığı bir Meclis bu ülkenin birliğini temsil edebilir.” demişti. </p><p><strong>Ahmet Davutoğlu’nun</strong> bu görüşünü ifade ederken, daha doğrusu meramını anlatmak isterken, biraz utangaç ve çekingen kaldığı, sözü gereksiz yere uzattığı görülüyor. Ancak sabık Başbakanın, mülakatta isimlerini andığı etnik grupların (Boşnak, Gürcü, Çeçen, Arnavut, Arap, Kürt, Uygur) temsilcilerinin de <strong>Türkiye Büyük Millet Meclisi’nde</strong> yer almasını “istediği” anlaşılıyor. Bu “isteğini” de “tek kimlikli bir ülke olmadığımız” gerekçesine dayandırıyor. </p><h3>ÖNCEKİ GÖRÜŞLERİ İLE UYUMLU</h3><p>Açık edilen bu maksat, <strong>Anayasada </strong>yer alan <strong>Türk Milleti</strong> tanımına, üniter devlet ve bütün Milleti temsil ilkelerine açıkça aykırı olmakla birlikte, <strong>Davutoğlu’nun </strong>daha önce dile getirdiği görüşlerle uyumludur. <strong>Davutoğlu</strong>, herhangi bir ilave izahı gerektirmeyecek bir açıklıkla, <strong>Türk Milletini</strong> etnik gruplara ayırmak istediğini ve devletin üniter niteliğini ortadan kaldırmayı amaç edindiğini beyan etmektedir. Kanaatimizce bunu <strong>Davutoğlu’nun </strong>“isteği” olarak tanımlamak da isabetli değildir. <strong>Gelecek Partisi</strong> lideri, bu görüşlerini açık etmekle, esasen kendisine tevdi edilen görevin gereğini yerine getirmiş olmaktadır. Nitekim kendisi, bu görüşlerin asıl sahibi olan merkezlere sarsılmaz sadakatini defalarca kanıtlamış bir siyasetçidir.</p><p><strong>Devletin </strong>ve <strong>Cumhuriyetin </strong>niteliğine ilişkin bu türden görüşlerin kapsamlı siyasi eleştirisi yapılmış ve cevabı verilmiştir. Tekrara yer vermemek adına, bu yazıda <strong>Davutoğlu’nun </strong>bu görüşünü <strong>Anayasa </strong>çerçevesi içinde kalmak koşuluyla hukuki bağlamda ele almak istiyoruz. </p><h3>MİLLETVEKİLİ BÜTÜN MİLLETİ TEMSİL EDER</h3><p><strong>Anayasanın </strong>80. maddesine göre, “Türkiye Büyük Millet Meclisi Üyeleri, seçildikleri bölgeyi veya kendilerini seçenleri değil, bütün milleti temsil ederler.” Bu hüküm 1961 Anayasasında da aynı şekilde mevcuttu. 1924 Anayasasında ise aynı anlama gelmekle birlikte dönemin lisanı ile “Her meb'us yalnız kendini intihab eden dairenin değil, umum milletin vekilidir.” biçiminde ifade edilmişti. </p><p>Peki, bu çok önemli anayasal ilke ne anlama gelmektedir? Milletvekilleri neden etnik kimlikleri, seçildikleri bölgeyi veya seçmenlerini değil de bütün Milleti temsil etmektedir? </p><h3>MİLLET HAKİMİYETİ</h3><p>Öncelikle bu hüküm, <strong>Cumhuriyetin </strong>millet hakimiyetine dayanmasının doğal bir sonucu olarak <strong>Anayasaya </strong>alınmıştır. <strong>Cumhuriyetimiz</strong>, halkçı niteliğine rağmen, halk hakimiyeti değil millet hakimiyeti ilkesini benimsemiştir. Bu nedenle, milletvekilleri, kendilerini seçmiş olanları değil bütün Milleti temsil ederler ve yasama faaliyetlerinde, seçmenlerinin, belli bir sınıfın, etnik ya da dinsel grubun, değil Milletin menfaatini gözetmek mecburiyetindedirler. Bu yönüyle, <strong>Anayasa </strong>dilinin değiştirilmesi sürecinde “<strong>milletvekili</strong>” kelimesinin tercih edilmiş olması, kavramın içeriğini güçlü bir şekilde ifade etmesi bakımından, son derece isabetli olmuştur. Tespit edebildiğimiz kadarıyla, başka dillerin milletvekili kavramını karşılayan kelimelerinde böyle güçlü bir çağrışım mevcut değildir.</p><p>Millet hakimiyeti sisteminde, milletvekili bağımsızdır. Seçmen; milletvekiline emir talimat veremez, milletvekilini düşünce, işlem, eylem ve faaliyetlerinden dolayı hesap vermeye mecbur bırakamaz ve görevden alamaz. Şüphesiz bu ilke seçmenlerin milletvekilinden herhangi bir talepte bulunamayacağı şeklinde anlaşılmamalıdır. İki durum birbirinden farklıdır. Sonuçta millet hakimiyetinin olduğu bir idarede, milletvekillerinin hem kendi seçim çevresinden hem de seçmenlerinden bağımsız olması gerektiğinden, milletvekili, belli bir seçmen kitlesini değil bütün Milleti temsil etmelidir.</p><h3>SEÇMEN DE MİLLET ADINA SEÇER</h3><p>Milletvekilini belli bir seçmen topluluğu seçmektedir. Ancak seçmen de seçimini yaparken kendisi adına değil Millet adına hareket etmektedir. Bir diğer anlatımla Milletin bir ferdi olarak seçimini yapmaktadır. Bu sebeple, seçmene, Milletin bir üyesi olma kimliğinin dışında başka bir kimlik (sözgelimi etnik kimlik) atfedilemez. Bu bakımdan <strong>Davutoğlu’nun </strong>deyimi ile <strong>Çerkez </strong>seçmen, <strong>Kürt </strong>seçmen, <strong>alevi </strong>seçmen, <strong>sünni </strong>seçmen olamaz. Bununla birlikte yine de <strong>Millet </strong>ile seçmen arasında bir özdeşlik kurmak doğru değildir. <strong>Milletin</strong>, hem geçmişi, hem bugünü, hem de geleceği içeren bir varlık olması sebebiyle, milletvekili, Milletin sadece bugün yaşayan üyelerine (seçmenlere) karşı değil, geçmişte yaşamış ve gelecekte yaşayacak bütün üyelerine karşı da sorumlu olduğundan yine bütün Milleti temsil etmesi lazım gelmektedir. </p><h3>ÜNİTER DEVLET İLKESİ</h3><p><strong>Cumhuriyetimiz </strong>“üniter devlet” yapısını benimsemiştir. Üniter devlette tek bir millet vardır. Milletvekilleri, devletin bu niteliğinin doğal bir sonucu olarak da bütün Milleti temsil ederler. “Ölçü ve ayarların ülke sathında bir örnekliği”, “eğitim müfredatının birliği” ve “yerel ağızlar yerine özel bir şivenin resmi dil olarak kullanılması” da üniter devlet yapısının zorunlu sonuçlarıdır ve “bütün Milleti temsil etme” ilkesi ile yakından ilişkili uygulamalardır. </p><h3>İSTİFA, MECLİS KARARINA TABİDİR</h3><p>Milletvekillerinin sadece belli bir seçmen kitlesini değil fakat bütün Milleti temsil etmesinin bir diğer önemli sonucu da milletvekilliğinden tek yanlı irade açıklaması ile istifa edilmesinin yasaklanmış olmasıdır. Bu hususta Anayasanın 84. maddesi son derece açıktır. Nitekim anılan hükme göre, “İstifa eden milletvekilinin milletvekilliğinin düşmesi, istifanın geçerli olduğu Türkiye Büyük Millet Meclisi Başkanlık Divanınca tespit edildikten sonra, <strong>Türkiye Büyük Millet Meclisi Genel Kurulunca</strong> kararlaştırılır.” <strong>Türkiye Büyük Millet Meclisi</strong> yasama erki sıfatıyla bütün Milleti temsil ettiğinden, bütün Milleti temsil eden bir milletvekilinin istifa iradesinin geçerlilik kazanması da yasama organının kabul kararına tabi kılınmıştır. Şayet milletvekili bütün Milleti değil de belli bir etnik grubu temsil etseydi böyle bir kabul kararına da ihtiyaç duyulmayacak ya da bu kabul kararı gerçekte bir anlam ifade etmeyecekti. </p><p>Sonuç olarak anayasal sistemimizde milletvekillerine belli bir etnik veya dinsel grubu temsil yetkisi verilemez. Bu temsil yetkisinin bir <strong>Anayasa </strong>değişikliği ile verilmesi de mümkün değildir. Zira, <strong>Anayasanın </strong>3. maddesinde yer alan “milletin bölünmezliği” ilkesi <strong>Anayasanın </strong>4. maddesi uyarınca değiştirilemez ve değiştirilmesi teklif dahi edilemez. Bu bakımdan, <strong>Davutoğlu’na</strong>, milletvekillerine etnik grupları temsil yetkisinin verilmesini savunma görevini hangi merkez vermiş olursa olsun, arzulanan sistemin hem hukuken hem de siyaseten gerçekleştirilmesi mümkün değildir.&nbsp;&nbsp;</p>","outro":"","hideAds":false,"createdDate":1591862871152,"updatedDate":1591862871152,"hitCount":886,"active":true,"lastUpdaterIp":"141.101.105.122","hasEmbeddedTitle":false,"showOnHomePage":false,"currentUrl":"milletvekili-kimi-temsil-eder-secmeni-mi-milleti-mi-210028"},{"id":209863,"title":"Colston, Locke, Floyd…","contentType":"CORNER_POST","coverImage":"","coverCode":"","publicationDate":1591691940000,"tags":[],"intro":"","spot":"","body":"<p><strong>Edward Colston </strong>adını belki de birçoğunuz şimdiye kadar duymamışsınızdır. Bu zat, 17'nci yüzyılda İngiltere’de zengin bir ailenin çocuğu olarak dünyaya geldi. İş hayatının başlangıç yıllarında daha çok şarap, kumaş ve meyve ticareti yaptı. Aslında işleri iyiydi. Ama daha da iyi olmasını istiyordu.</p><p>Nitekim 1680 yılında, gelecek gördüğü <strong>Royal African Company </strong>adlı bir şirkete ortak oldu. Royal African Company, Batı Afrika kıyıları ile İngiltere ve Amerika arasında altın ticareti yapan bir şirketti. Daha sonra şirketin iştigal alanı değiştirildi ve <strong>“köle ticareti”</strong> olarak belirlendi. Bu faaliyet alanı şirketin <strong>“tüzüğüne”</strong> bile yazıldı. Ticari yetenekleri ile öne çıkan Colston, şirket içinde hızla yükseldi ve bir ara şirketin genel müdürü bile oldu.&nbsp;Artık köle ticareti bu şirketin tekelindeydi.</p><p>Bu şirketin yatırımcıları arasında adı anılmadan geçilmeyecek bir kişi daha vardı. Bu kişi, ünlü İngiliz düşünür <strong>John Locke</strong>’tu. Liberalizmin babası olarak da bilinen bu felsefecinin öğretisinin esasını doğal özgürlükler ve mülkiyet hakkı oluşturmaktaydı. Köle ticareti yapan bir şirketin kurucusu olmanın, bir liberal düşünürün mülkiyet hakkı ve özgürlükler felsefesi ile ne ölçüde uyumlu/uyumsuz veya tutarlı/tutarsız olduğu tartışması bir başka yazı konusudur Ancak Locke’un Colston ile ortaklık yapmış olması önemli bir anekdot olarak kaydedilmelidir.&nbsp;&nbsp;&nbsp;</p><p>Royal African Company <strong>Karayipler</strong>'de, <strong>Sierra Leone</strong>’da, <strong>Gana</strong>’da, <strong>Benin</strong>’de&nbsp;köleleştirdikleri çocuk, kadın ve erkek Afrikalıları kargo gemileriyle daha çok Amerika’ya ve İngiltere’nin Bristol Limanı'na götürüp köle pazarında satıyordu. Gemiye <strong>“yüklenen”</strong> kölelerin beşte biri yolculuk sırasında çoğunlukla çiçek, grip, sarı humma, difteri, boğmaca gibi bulaşıcı hastalıklar sebebiyle <strong>“telef olurdu.”</strong> Ama iş gene de çok karlıydı.&nbsp;Zaten çok zengin bir işadamı olan Edward Colston köle ticaretinden de çok para kazandı.</p><p>Colston iyi bir tüccar olmasının yanında aynı zamanda çok da hayırsever bir kişiydi. Köle ticaretinden kazandığı paranın bir kısmı ile sayısız kilise, okul ve hastane yaptırdı. Bunlar için yaptığı giderleri vergiden düşmüş müdür, bilmiyoruz. Ama bu hayratın önemli bir kısmı hala ayakta ve kullanılıyor. İngilizler bugün bile o okullara çocuklarını gönderiyor, kiliselerinde Colston’a yaptığı hayırlardan dolayı dua ediyor ve hastanelerinde dertlerine ve acılarına şifa arıyor.&nbsp;</p><p>Colston 1721 yılında öldü. İngiliz kültüründe vefa önemlidir. Nitekim Colston’un hayırseverliğini unutmayan İngilizler 1895 yılında O'nun hatırasını yaşatmak için Bristol’da bir heykelini diktiler. Heykelin açılışını <strong>“Bristol Kilisesi Başkanı”</strong> yaptı. Heykelin dikildiği gün <strong>“Colston Günü”</strong> olarak kabul edildi.&nbsp;1990’lara kadar hiç kimse nasıl bir şahsiyetin heykelini diktiklerini sorgulamaya bile gerek görmedi. Çünkü O bir hayırseverdi, önemli olan buydu. İngiliz toplumu Colston’u hayırla yad etmek istiyordu.</p><p>Bu <strong>“başarılı ve itibarlı”</strong> köle tacirinin doğumundan yaklaşık 400 yıl sonra, bir mayıs günü Amerikan Polisi, muhtemelen Colston’un sattığı bir kölenin torunu olan bir siyah ABD vatandaşını yere yatırdı ve boğazına diziyle bastırdı. Siyah adamın <strong>“nefes alamıyorum”</strong> demesine aldırmadı. Büyük bir kin ve nefretle bastırmaya devam etti. Bir süre sonra siyah adam, köle taşıyan kargo gemisindeki atalarından birisi gibi, can verdi. Bu siyah adamın adı George Floyd’du.&nbsp;</p><p>George Floyd’un ölümü Amerikan toplumunda bardağı taşıran son damla oldu. Büyük kitle gösterilerinde ırkçılık protesto edildi. &nbsp;Daha sonra olaylar Avrupa’ya sıçradı. İngiltere’ye kadar uzandı.&nbsp;</p><p>7 Haziran 2020 günü Bristol’da George Floyd’un katledilmesini ve ırkçılığı protesto eden büyük bir kalabalık Edward Colston’un heykelinin önüne geldi. İçlerinden birleri bu utanç anıtını yerinden söktü. Bristol Limanı'na kadar sırtlarında taşıdı ve bir daha dikilmemek üzere bu bronz kütlesini denize attı. Hepimizin yüreği soğudu. Ama bu eylemde sökülen sadece bir köle tacirinin heykelinin gövdesiydi. Sözde, kanunlarında sadece köleliği değil her türlü ayrımcılığı kaldıran Batı dünyasının sokaklarında ve toplumsal dehlizlerinde ırkçılık yaşamaya devam ediyor. İnsanlığın önündeki büyük görevlerden birisi de budur.</p>","outro":"","hideAds":false,"createdDate":1591692217889,"updatedDate":1591692217889,"hitCount":2742,"active":true,"lastUpdaterIp":"162.158.18.140","hasEmbeddedTitle":false,"showOnHomePage":false,"currentUrl":"colston-locke-floyd…-209863"},{"id":209651,"title":"'Dersim Barosu' diye bir baro mu var?","contentType":"CORNER_POST","coverImage":"","coverCode":"","publicationDate":1591440000000,"tags":[],"intro":"","spot":"","body":"<p>Bugün, Evrensel Gazetesi’nde, <strong>“Karşı çıkış kurumların yönetimleriyle sınırlı kalmamalı”</strong> başlıklı bir yazı yayımlandı. Yazının başlığının altında, yazarın adı ve soyadı, bunun altında da <strong>“Dersim Barosu Başkanı”</strong> ibaresi yer almaktaydı.</p><p>Bahse konu yazının içeriği bir başka tartışma konusudur. Ancak bu yazı özelinde yazarın imzasında kullandığı <strong>“Dersim Barosu Başkanı” </strong>unvanı, yazının muhtevasından daha önemlidir. Konuyu <strong>Anayasa</strong>, <strong>Avukatlık Kanunu </strong>ve <strong>baroların seçim usullerine </strong>ilişkin tartışmalar bağlamında ele almakta yarar var.</p><h3>BAROLAR ANAYASAL KURUMLARDIR</h3><p>Barolar, avukatlık mesleğine mensup olanların meslek örgütüdür. Meslek örgütleri, Anayasa'nın 135. maddesinde tanımlanmış kurumlardır. Buna göre <strong>\"kamu kurumu niteliğindeki meslek kuruluşları”</strong>, <strong>“kanunla kurulan ve organları kendi üyeleri tarafından kanunda gösterilen usullere göre yargı gözetimi altında, gizli oyla seçilen kamu tüzelkişilikleridir.\"</strong> Kısacası barolar, anayasal anlamda, kamu kurumlarıdır ve tüzel kişiliğini haizdir.</p><h3>BAROLAR KAMU KURUMLARIDIR</h3><p>Avukatlık Kanunu’nun 76. maddesinde de baroların&nbsp;tüzel&nbsp;kişiliği bulunan, çalışmalarını demokratik ilkelere göre sürdüren kamu kurumu niteliğinde meslek kuruluşları olduğu ifade edilmiştir. Öyle ki Avukatlık Kanunu’nun 76. maddesinde&nbsp;baroların resmi protokolde Cumhuriyet Başsavcısı'nın yanında yer alacakları öngörülmüştür. Yani baro başkanları resmi protokolün üyeleridir.</p><p>Görüldüğü üzere barolar sadece meslek örgütü olarak nitelendirilen yapılar değildir. Bu yapıları en temel özelliği &nbsp;<strong>“kamu kurumu”</strong> niteliği taşımalarıdır. Kamu kurumu olmanın getirdiği çok sayıda kamusal yetki bulunmaktadır.</p><p>Bu açıklamalardan sonra, yukarıda belirttiğimiz yazarın yazısında <strong>“Dersim Barosu Başkanı”</strong> unvanını takınmasına tekrar dönecek olursak…</p><h3>DERSİM DİYE BİR İL YOK</h3><p><strong>Türk İdare Sistemi'nde “Dersim” adı altında bir idari birim bulunmamaktadır.</strong> Dersim diye anlatılmak istenen Tunceli ilimizdir. Çeşitli siyasi metinlerde veya edebiyat eserlerinde veyahut günlük dilde Dersim kelimesini&nbsp;kullananlar olabilir ki bu kullanımlar da maksatlıdır. Ancak kamu kurumu niteliği açık olan bir kurumun başkanı, kendisine verilmiş kanuni unvan ne ise onu kullanmak zorundadır. Hiçbir kamu kurumu yöneticisi kanunen kullanması gereken unvandan başka bir unvan kullanamaz. Sözgelimi:</p><ul><li><strong>Tunceli Valisi kendisine “Dersim Valisi” diyemez. Böyle bir unvan kullanamaz.</strong></li><li><strong>Tunceli Belediye Başkanı kendisine “Dersim Belediye Başkanı” diyemez. Bu unvanı takınamaz.</strong></li><li><strong>Tunceli Sağlık Müdürü kendisine “Dersim Sağlık Müdürü” diyemez.</strong></li><li><strong>Bu bakımdan Tunceli Barosu Başkanı da kendisine “Dersim Barosu Başkanı” diyemez.</strong> </li></ul><p>Baro başkanı, Tunceli Barosu’na verilmiş kanuni isim ne ise onu kullanmak zorundadır. Bu her ortam ve düzlem için geçerli bir zorunluluktur. Nasıl ki Tunceli Barosu, Tunceli Cumhuriyet Başsavcılığı’na bir dilekçe sunarken, “Dersim Barosu” diyemiyor ise, tabelasına “Dersim Barosu” yazamıyor ise, Tunceli Barosu Başkanı da bir gazete yazısında da olsa kendisini “Dersim Barosu Başkanı” olarak tarif edemez. Zira Avukatlık Kanunu’nun 97. maddesine göre göre baroları temsil yetkisi, baro başkanına verilmiştir. Baro başkanları, bu sıfatlarını kullandıkları her durumda,&nbsp;kendilerini değil kurumlarını temsil ederler.</p><p>Elbette bu unvanı kullanan kişi yanılgıyla hareket etmemekte, bilinçli bir tercih yapmaktadır.&nbsp;Tunceli Barosu Başkanı kendisine “Dersim Barosu Başkanı” demekle esasen zihnindeki kaydı açık etmektedir. Bu kayıt, <strong>Cumhuriyetin Tuncelisine </strong>karşı <strong>Ortaçağın Dersimininden </strong>yana olmaktır.</p><h3>AVUKATLIK KANUNU TARTIŞMALARI</h3><p>Halihazırda kamuoyunda Avukatlık Kanunu’nda değişiklik yapılması konusu tartışılmaktadır. Bu tartışmanın en önemli unsurunu bazı baroların çeşitli marjinal siyasal grupların denetimine geçmiş olması teşkil etmektedir. Maalesef bu doğru bir tespittir. Tunceli Barosu Başkanı’nın da “Dersim Barosu Başkanı” unvanını kullanması bunu göstermektedir.</p><h3>DERSİM DEĞİL TUNCELİ!</h3><p>Tunceli yerine Dersim demek bir isimlendirme tercihi değil fakat bilinçli bir siyasal söylemdir. Bu söylemin sahipleri bölücü çevrelerdir. Bunlar Cumhuriyeti değil Ortaçağı istemektedir. Ancak en önemlisi Dersim demek, Anayasaya ve kanunlara başkaldırmaktır.</p><p>Geçtiğimiz yılın Mayıs ayında Tunceli Belediye Meclisi de&nbsp;belediyeye ait binalarda “Tunceli Belediyesi” yazılı tabelaların “Dersim Belediyesi” olarak değiştirilmesi yönünde bir karar almıştı. Şimdi Tunceli Barosu Başkanı’nın kendisini “Dersim Barosu Başkanı” olarak tanımlaması, Belediye Meclisi'nin kararı ile de tutarlıdır.</p>","outro":"","hideAds":false,"createdDate":1591440488833,"updatedDate":1591440488833,"hitCount":1667,"active":true,"lastUpdaterIp":"162.158.18.170","hasEmbeddedTitle":false,"showOnHomePage":false,"currentUrl":"dersim-barosu-diye-bir-baro-mu-var-209651"},{"id":209461,"title":"Balık çiftliklerinde üretimi kısıtlayan önemli bir engel kaldırıldı","contentType":"CORNER_POST","coverImage":"","coverCode":"","publicationDate":1591252200000,"tags":[],"intro":"","spot":"","body":"<p><strong>Koronavirüs </strong>salgını Devlet idarecilerine üretimin önemini bir kez daha ve oldukça da yakıcı bir biçimde hatırlattı. Şüphesiz bu önemli durumun hatırlanması veya kavranması tek başına yeterli değildi. Bu konuda bazı adımların da atılması gerekmekteydi. Elbette, bu konuda atılacak adımların esasını ekonomi politikaları oluşturmaktaydı. Yine, üretim sektörlerini düzenleyen mevzuatın da bu politikalara paralel bir değişikliğe tabi tutulması bir başka ihtiyaçtı. Nitekim bir süredir birçok Bakanlıkta üretimin gelişmesini zorlaştıran çeşitli mevzuat engellerinin kaldırılmasına yönelik çalışmaların yapıldığı bilinmekteydi. Bugün Resmi Gazete’de yayınlanan bir yönetmelik değişikliği de bu çalışmaların bir çıktısıydı. Yapılan değişiklikle su ürünleri üretimi sektörünün atıl kapasite ile çalışmasına neden olan bir uygulamaya son verildi. </p><p>Ülkemizin en önemli ihracat kalemlerinden birisi de su ürünleridir. Gerek denizlerimizde gerekse iç sularımızda çok sayıda balık çiftliği kurulmuştur. 2018 yılı verilerine göre Türkiye’de faaliyet gösteren balık çiftliklerinin sayısı 2.286’ya ulaşmıştır. Bu tesislerde yine 2018 yılında toplam 1 milyar dolar ihracat yapılmıştır. Şüphesiz bu önemli bir rakamdır ancak ihracat potansiyelimiz bundan çok daha fazladır. </p><h3>SALGININ GETİRDİĞİ FIRSAT</h3><p><strong>Türkiye’nin koronavirüs</strong> salgınında ortaya koyduğu başarının ekonomi alanında da olumlu sonuçları olacaktır. Bunlardan ilk akla geleni sağlık turizmidir. Ancak atak yapması beklenen başka sektörler de bulunmaktadır. Bunlarda birisi de su ürünleri üretimi sektörüdür. <strong>Koronavirüs </strong>salgını su ürünleri üreticileri için de uluslararası pazarda kimi yeni fırsatların ortaya çıkmasını sağlamıştır. Bu bakımdan anılan tesislerin üretim kapasitelerini etkin ve verimli bir biçimde kullanmalarının önündeki mevzuat engellerinin de kaldırılması gerekiyordu. Bu hususta Su Ürünleri Üretimi ve Endüstri Dalgıçları Derneği ve sektör temsilcilerinin kamu idarecilerinden bazı talepleri vardı. Bu taleplerin en önemlisi ise bu tesislerin ihtiyaç duyduğu kalifiye işgücünün üretime katılmasını engelleyen mevzuat hükümlerinin kaldırılmasıyla ilgiliydi.</p><p>Sonuçta bu konudaki haklı talepler karşılığını buldu ve 04 Haziran 2020 günü Ulaştırma ve Altyapı Bakanlığı tarafından Profesyonel Sualtıadamları Yönetmeliği’nde değişiklik yapıldı. Yapılan değişiklikle, su ürünleri çiftliklerinde balıkadam yeterlik belgesine sahip olmamakla birlikte bir geçici hükümle çalışan “aday dalgıçların” bu kazanımları kalıcı hale getirildi. </p><h3>İŞGÜCÜNE KATILMADA ZORLUK</h3><p>Yapılan yeni düzenlemede de su ürünleri çiftliklerinde çalışacak dalgıçların en az balıkadam veya üstü yeterlik belgesine sahip olmaları gerektiği şartı korundu. Ancak ülkemizde balıkadam yeterlik belgesi sahibi kişi sayısı mevcut talebi karşılamadığı gibi bu belgeye sahip olanların önemli bir kısmı da çalışma şartları sebebiyle su ürünleri çiftliklerinde çalışmamaktaydı. Sektörün bütün yükü deyim yerindeyse “aday dalgıçların” omuzundaydı. Ancak aday dalgıçlar çiftliklerin neredeyse bütün işlerini yapmalarına rağmen sağlam bir hukuki güvenceleri yoktu. Bu durum işgücüne katılma isteğine karşı caydırıcı bir etki yapıyordu. Bunun sonucu olarak da sektör bu alanda çalışacak eleman bulmada büyük zorluklar yaşıyordu.</p><p>Sonuçta su ürünleri çiftliklerinin ihtiyaç duyduğu insan gücünü karşılamak amacıyla gerçekleştirilen Yönetmelik değişikliği ile “Sadece Su Ürünleri Çiftliklerinde Çalışabilir İbareli Balıkadam Yeterlik Belgesi” verilmesine imkân sağlandı. Böylece fiilen çalışanların ezici çoğunluğunu teşkil etmekle birlikte balıkadam veya üstü yeterlik belgesine sahip olmayan kişilerin de su ürünleri çiftliklerinde çalışmasını engelleyen bir uygulamaya son verilmiş oldu. </p><h3>BELGE ALIMI NASIL OLACAK?</h3><p>Peki yeni düzenlemeye göre “Sadece Su Ürünleri Çiftliklerinde Çalışabilir İbareli Balıkadam Yeterlik Belgesi” nasıl alınacak? Öncelikle bu belgeyi alacak kişilerin, bir balıkadamın yanında daha doğrusu gözetiminde çalışıyor ve aynı zamanda aday dalgıçlık belgesine sahip olması gerekiyor. Aday dalgıçlık belgesine sahip olan ve aynı zamanda bir balıkadamın yanında çalışan bu kişilerin söz konusu yeterlik belgesini almaları için bir de Yönetmelikte öngörülen eğitim programını ve dalış saatlerini tamamlamış olmaları gerekiyor. </p><h3>DALIŞ SAATİ VE EĞTİMİN TAMAMLANMASI</h3><p>Yönetmelikte eğitimin içeriğinin de nasıl olacağı da gösterildi. Buna göre aday dalgıçlar, profesyonel sualtı adamlarınca kurulmuş sualtı teşekküllerinde geçirecekleri bir yıllık stajlarında elli saat dalış yaptıklarını tasdikli dalış defteri ile ispat etmeleri gerekiyor. Ayrıca bu dalışın otuz saatinin yirmi metrede, on beş saatinin otuz metrede ve beş saatinin de kırk metrede olması şart. </p><p>Ancak yukarıda da ifade edildiği gibi sadece dalış saatlerini tamamlamak da bahse konu belgenin alınabilmesi için yeterli değil. Bunun için aday dalgıçların ayrıca bir de eğitim programını tamamlamaları gerekiyor. Alınan eğitimin içeriğinde ise şu dersler yer alıyor: Dalış teorileri, hava dekompresyon usulleri ve dekompresyon cetvellerinin kullanılması, sualtı hastalıkları ve ilk yardım, dalış takımlarının kullanılması, gemicilik, sualtı emercensileri (serbest çıkış, maske tahliyesi). Bu dersler ise alanında yetişmiş bir eğitmen sualtıadamı tarafından veriliyor.</p><h3>ÜRETİMDE ARTIŞ BEKLENİYOR</h3><p>Sonuç olarak büyük bir ihracat potansiyeli ve üretim kapasitesi olan ancak bu kapasitelerini tam olarak kullanamayan balık çiftliklerinin bu hususta yaşadıkları en büyük sorunlardan bir tanesi de mevzuattaki şartları taşıyan dalgıç bulmakta zorluk çekmeleriydi. Bu alanda deyim yerindeyse çok sayıda alaylı çalışan bulunmaktaydı. Ancak mevzuat bu kişilerin işgücüne katılmalarına engel çıkarmaktaydı. Yapılan değişiklikle bu engeller büyük ölçüde kaldırılmıştır. Bu durumun balık çiftliklerinde kayda değer bir üretim artışına yol açması beklenmektedir.&nbsp;</p>","outro":"","hideAds":false,"createdDate":1591252323586,"updatedDate":1591252323586,"hitCount":736,"active":true,"lastUpdaterIp":"141.101.77.160","hasEmbeddedTitle":false,"showOnHomePage":false,"currentUrl":"balik-ciftliklerinde-uretimi-kisitlayan-onemli-bir-engel-kaldirildi-209461"}]},"success":true}